{"type": "FeatureCollection", "features": [{"type": "Feature", "geometry": {"type": "Polygon", "coordinates": [[[121.48353097000006, 18.436793754000064], [121.45319105800002, 18.459334342000034], [121.4491756430001, 18.460553383000047], [121.44897502800006, 18.458723677000023], [121.44169275000002, 18.45918047500004], [121.44394198100008, 18.46112048200007], [121.44000288200004, 18.465031794000026], [121.4313645520001, 18.467927341000063], [121.4141468150001, 18.477087804000064], [121.41208848200006, 18.46645648300006], [121.40552987800004, 18.471186627000066], [121.39801729500005, 18.471425122000028], [121.39575159500009, 18.46756945800007], [121.391871089, 18.469653893000043], [121.3901292170001, 18.464810268000065], [121.38734069500003, 18.465352693000057], [121.38433458000009, 18.461424753000074], [121.38532070200006, 18.459073232000037], [121.38390812800003, 18.457273486000076], [121.38421711, 18.451001140000074], [121.37979866, 18.43814746700002], [121.38362405500004, 18.43366753500004], [121.38778382200007, 18.432239818000028], [121.3970707840001, 18.436169978000066], [121.39960133900001, 18.43540937100005], [121.40148923400011, 18.432153205000077], [121.40448636500003, 18.430608293000034], [121.40342701100008, 18.420183546000032], [121.4074941450001, 18.41293760900004], [121.40356584300002, 18.401216993000048], [121.4045894190001, 18.39075279900004], [121.40295599300009, 18.385035549000065], [121.394920393, 18.384234494000054], [121.39361714900008, 18.37913605500006], [121.38867139600006, 18.37792422900003], [121.3734936840001, 18.355494191000048], [121.40238274300009, 18.340896047000058], [121.40743751700006, 18.333343858000035], [121.41285786200001, 18.329370144000052], [121.41583439900012, 18.323572073000037], [121.46125680300008, 18.314619768000057], [121.46684622600003, 18.307332271000064], [121.48022320600012, 18.30637117400005], [121.48509701500006, 18.323173952000047], [121.47300492000011, 18.361412812000026], [121.46279480500004, 18.376286306000054], [121.45663991900005, 18.389502588000028], [121.45636397400006, 18.396028213000022], [121.45891202900009, 18.402712807000057], [121.47083814400003, 18.417334870000047], [121.47762607800007, 18.42954488400005], [121.48353097000006, 18.436793754000064]]]}, "properties": {"name": "Abulug", "level": "municipality", "psgc": null, "parent_name": "Cagayan", "province": "Cagayan", "district": null}}, {"type": "Feature", "geometry": {"type": "Polygon", "coordinates": [[[121.58875030800004, 17.837584406000076], [121.57024987800003, 17.78534701500007], [121.57829566700002, 17.726249238000037], [121.58727133500008, 17.719333783000025], [121.59003849700002, 17.71957384500007], [121.59427839500006, 17.72741525400005], [121.61605334800004, 17.723345334000044], [121.6180633890001, 17.728559011000073], [121.61646844400002, 17.735354622000045], [121.63609385300003, 17.734389906000047], [121.65530867900009, 17.730418567000072], [121.65827493900008, 17.73162526300007], [121.65851050900005, 17.733596359000046], [121.66179406600008, 17.732759845000032], [121.66220446400007, 17.73715922200006], [121.66435193300003, 17.737836541000036], [121.66184217700004, 17.739191180000034], [121.6638898860001, 17.742961064000042], [121.66090758100006, 17.745087531000024], [121.66175736500008, 17.751317029000063], [121.6642244410001, 17.74844519800007], [121.66890803000001, 17.74690327600007], [121.67474806000007, 17.747520045000044], [121.67453604600007, 17.74913906300003], [121.67904616800001, 17.750680986000077], [121.67969130600011, 17.749037539000028], [121.68391951800004, 17.74879266100004], [121.69320774100004, 17.75199210100004], [121.69301976200006, 17.757593860000043], [121.69569038500003, 17.758534548000057], [121.68975761700005, 17.764851562000047], [121.68779335800002, 17.76905941600006], [121.68843686600007, 17.77797904700003], [121.68673124800011, 17.779849725000076], [121.6869120880001, 17.78662515600007], [121.68987735400003, 17.790882974000056], [121.69417318900003, 17.793658159000074], [121.70363923100001, 17.792137509000042], [121.70960778000006, 17.78202519100006], [121.71390709900004, 17.777602983000065], [121.71682742000007, 17.77715138700006], [121.7219250390001, 17.780124380000075], [121.72352172100011, 17.782709483000076], [121.72401593200004, 17.786435074000053], [121.72149063100005, 17.790709740000068], [121.74239779400011, 17.78970848700004], [121.80732049100004, 17.792565283000044], [121.82121009100001, 17.808256895000056], [121.83589586900007, 17.815519094000024], [121.82653298900004, 17.822006955000063], [121.82664422700009, 17.851358224000023], [121.82505497200009, 17.858414692000053], [121.82389327300007, 17.85842102400005], [121.82399347100011, 17.87944764200006], [121.76130664400011, 17.87988504300006], [121.74677800400002, 17.88133969300003], [121.74587199400003, 17.88373323600007], [121.7332435290001, 17.88796387000002], [121.71848965900006, 17.886015434000058], [121.70539207400009, 17.873683381000035], [121.68409522500008, 17.873949309000068], [121.68375023200008, 17.87219298100007], [121.67804216500008, 17.87018574900003], [121.67728544500005, 17.866464844000063], [121.66755644300008, 17.863498691000075], [121.65776049600004, 17.851486502000057], [121.64709492700001, 17.844310286000052], [121.63873364800008, 17.835553985000047], [121.63537596900005, 17.835817333000023], [121.63351715600004, 17.840880385000048], [121.63065744700009, 17.839480475000073], [121.63199746700002, 17.838013190000026], [121.6311515320001, 17.836643224000056], [121.63262681100002, 17.831260933000067], [121.62601705600002, 17.830511827000066], [121.62470930100005, 17.824498825000035], [121.622785657, 17.82537429100006], [121.62101396100002, 17.83000799100006], [121.62231516800011, 17.83593349000006], [121.61366360700003, 17.835913403000063], [121.61266168200007, 17.832123293000052], [121.61003036500006, 17.831485705000034], [121.58875030800004, 17.837584406000076]], [[121.60706426900003, 17.78016555800002], [121.60127488900002, 17.781457029000023], [121.59956187800003, 17.785916455000063], [121.60687352000002, 17.806215964000046], [121.61348752800006, 17.803167108000025], [121.61138717900008, 17.80086043700004], [121.6074574700001, 17.786298370000054], [121.61682680500007, 17.784103385000037], [121.61501282100005, 17.778503743000044], [121.60706426900003, 17.78016555800002]]]}, "properties": {"name": "Amulung", "level": "municipality", "psgc": null, "parent_name": "Cagayan", "province": "Cagayan", "district": null}}, {"type": "Feature", "geometry": {"type": "MultiPolygon", "coordinates": [[[[121.61641191000001, 18.281127655000034], [121.63472989600007, 18.280987524000068], [121.63730890700003, 18.282515415000034], [121.64119989100004, 18.28092447800003], [121.6529040470001, 18.288746424000067], [121.65795229300011, 18.294895180000026], [121.6566170110001, 18.29667244600006], [121.65769421000005, 18.30147768300003], [121.66980308000007, 18.306073800000036], [121.67015406900009, 18.304734875000065], [121.67345707000004, 18.305169824000075], [121.67389206100006, 18.304059885000072], [121.68799907800008, 18.307366586000057], [121.69926706800004, 18.307187511000052], [121.72045402600008, 18.303904540000076], [121.7248885890001, 18.301115895000066], [121.72693176300004, 18.301456424000037], [121.72543596800006, 18.297431878000054], [121.72947196200005, 18.297024871000076], [121.73581397100008, 18.29308850900003], [121.73668190600006, 18.291011166000033], [121.74158789400008, 18.290006187000074], [121.7488367410001, 18.284621920000063], [121.75225499400005, 18.283934071000033], [121.75677787200004, 18.288450157000057], [121.76596706200007, 18.296235135000074], [121.76284725200003, 18.297551946000056], [121.76281386800008, 18.300141112000063], [121.75910598000007, 18.301837713000054], [121.7521842540001, 18.301121720000026], [121.75266122100004, 18.302554119000035], [121.74714721600003, 18.30818006000004], [121.74610568300011, 18.312691115000064], [121.74802779900006, 18.315808594000032], [121.75296975100002, 18.316149429000063], [121.754464987, 18.31929986600005], [121.65661755100007, 18.354650977000063], [121.62876303100006, 18.36287428600002], [121.63068804400007, 18.358032539000078], [121.62963716900003, 18.35405877100004], [121.6215175860001, 18.35134620900004], [121.60524471600002, 18.372936465000066], [121.60025137200012, 18.37555835300003], [121.59275498500006, 18.375516292000043], [121.56271483300009, 18.391173630000026], [121.55698442100004, 18.380104603000063], [121.55097984500003, 18.342377128000066], [121.54729970700009, 18.337907752000035], [121.54385032800008, 18.339193102000024], [121.54257554900005, 18.33163975900004], [121.54100609000011, 18.330518088000076], [121.54227812800002, 18.32939453800003], [121.54138833000002, 18.324672401000043], [121.53621398200005, 18.318660838000028], [121.53867619100004, 18.308687646000067], [121.52975965300004, 18.284827808000045], [121.56610401300009, 18.271216254000024], [121.57042185700004, 18.27108258800007], [121.6028604500001, 18.290576862000023], [121.61641191000001, 18.281127655000034]]], [[[121.25265585500006, 18.875714765000055], [121.24793791700006, 18.87422381600004], [121.24502091800002, 18.870521224000072], [121.24223552500007, 18.859577467000065], [121.24641388000009, 18.85479183900003], [121.25624536200007, 18.85348364400005], [121.25964630400006, 18.855098122000072], [121.26290289500002, 18.859758415000044], [121.26420320600005, 18.867774091000058], [121.2611773210001, 18.87246497700005], [121.25265585500006, 18.875714765000055]]], [[[121.25255778500002, 18.88891975100006], [121.25109521700006, 18.886768713000038], [121.25216970600002, 18.88508090600004], [121.26446801600002, 18.877485900000067], [121.26950055900011, 18.88036584300005], [121.26853499100002, 18.884226530000035], [121.25995823700009, 18.88364500600005], [121.25690167000005, 18.88580070300003], [121.25740599400001, 18.886903503000042], [121.25255778500002, 18.88891975100006]]], [[[121.41474585900005, 18.90582760700005], [121.39983354300011, 18.905446295000047], [121.38864226400005, 18.900504863000037], [121.37769343200011, 18.898714046000066], [121.36865285600004, 18.894084564000025], [121.36130620000006, 18.88817206400006], [121.35336492800002, 18.889914179000073], [121.35038552200001, 18.891909912000074], [121.3449119170001, 18.891391259000045], [121.33787725000002, 18.88677310500003], [121.33356003300003, 18.886645731000044], [121.32795288300008, 18.88100926800007], [121.32391521900001, 18.88177987200004], [121.30919336200009, 18.876757333000057], [121.30310775700002, 18.877739057000042], [121.3006790170001, 18.880546758000037], [121.29506033200005, 18.880664726000077], [121.284627139, 18.88468141800007], [121.28083901800005, 18.882389474000036], [121.2823576290001, 18.872052249000035], [121.27473397100005, 18.863312477000022], [121.27515030400002, 18.857614503000036], [121.2833038980001, 18.84688257600004], [121.28954569600012, 18.844289756000023], [121.30393935600011, 18.842738221000047], [121.31581717800009, 18.83972430600005], [121.33488850600008, 18.843264409000028], [121.34107517900009, 18.843243075000032], [121.3456867330001, 18.841541815000028], [121.36169473100006, 18.845199241000046], [121.37344289700002, 18.850126584000066], [121.39179612800001, 18.848324379000076], [121.39888386900009, 18.848987862000058], [121.40469968600007, 18.85158479300003], [121.41527038000004, 18.85218980600007], [121.42499028600002, 18.855907203000072], [121.44120651300011, 18.854011857000046], [121.45296128000007, 18.855661315000077], [121.45927784100002, 18.85925393800005], [121.46082517400009, 18.86301271800005], [121.46682233100012, 18.86430585200003], [121.47691095700009, 18.87085624900004], [121.48173488200007, 18.876109420000034], [121.48279347000005, 18.881165139000075], [121.47964972600005, 18.884143640000048], [121.46943046900003, 18.880707536000045], [121.46206722900001, 18.881009584000026], [121.45579143200007, 18.88615121500004], [121.43605263900008, 18.895446347000075], [121.43257379800002, 18.895603148000077], [121.4282631320001, 18.90068532300006], [121.41474585900005, 18.90582760700005]]]]}, "properties": {"name": "Aparri", "level": "municipality", "psgc": null, "parent_name": "Cagayan", "province": "Cagayan", "district": null}}, {"type": "Feature", "geometry": {"type": "Polygon", "coordinates": [[[121.74587199400003, 17.88373323600007], [121.74677800400002, 17.88133969300003], [121.76130664400011, 17.87988504300006], [121.82399347100011, 17.87944764200006], [121.82389327300007, 17.85842102400005], [121.82505497200009, 17.858414692000053], [121.82664422700009, 17.851358224000023], [121.82653298900004, 17.822006955000063], [121.83589586900007, 17.815519094000024], [121.85655278800004, 17.819069502000048], [121.90997990800008, 17.820144447000075], [121.92783988300005, 17.818902387000037], [122.15668415700009, 17.81915798500006], [122.15571315600005, 17.822660604000077], [122.15437634500006, 17.823617777000038], [122.15242465200004, 17.82234330400007], [122.14963592400011, 17.822797748000028], [122.14692366000008, 17.827482278000048], [122.14807756500011, 17.82952215000006], [122.15100711100001, 17.82934616600005], [122.15196319400002, 17.830946096000048], [122.14956339700007, 17.833968861000074], [122.15015292300006, 17.836171851000074], [122.15473770900007, 17.835755321000022], [122.15481882800009, 17.836766944000033], [122.15209257400011, 17.837224164000077], [122.1523642190001, 17.83949092900002], [122.15892042100006, 17.839766616000077], [122.15982604400006, 17.843590506000055], [122.161645184, 17.84046388300004], [122.16308310900001, 17.840630892000036], [122.16572203100009, 17.842552999000077], [122.16849180600002, 17.847721860000036], [122.16845629900001, 17.850535652000076], [122.16468169300003, 17.85446945800004], [122.16189281700008, 17.86246932800003], [122.16370771400011, 17.86596734500006], [122.16157370100007, 17.868747449000068], [122.1629441660001, 17.870263341000054], [122.1622060420001, 17.872350745000062], [122.16376661700008, 17.873459032000028], [122.16253202000007, 17.87455570900005], [122.16280407700003, 17.877629255000045], [122.16517143100009, 17.879416725000056], [122.16543449100004, 17.881902530000048], [122.16669556000011, 17.881692738000027], [122.16563083300002, 17.883515558000056], [122.16690411500008, 17.885418599000047], [122.17500073300005, 17.891407039000057], [122.17590231100007, 17.895003015000043], [122.17470118400001, 17.895084869000073], [122.17460899900004, 17.89697879700003], [122.1782215400001, 17.898713273000055], [122.1803755410001, 17.89708597400005], [122.18280486000003, 17.898907800000075], [122.1830905170001, 17.901110150000022], [122.18453811100005, 17.900289126000075], [122.18820513500009, 17.90173347500007], [122.18508358800011, 17.905549009000026], [122.18486859300003, 17.90855046200005], [122.18960714600007, 17.911286786000062], [122.18819990700001, 17.91567171500003], [122.1893072040001, 17.916111381000064], [122.18712251600004, 17.917101152000043], [122.19064936500001, 17.917907917000036], [122.18691184600004, 17.91800448400005], [122.18548109200003, 17.91982013300003], [122.18419786900006, 17.918932657000028], [122.18125067100004, 17.921153170000025], [122.18293976000007, 17.924561160000053], [122.17896161100009, 17.929368897000074], [122.18029412500005, 17.930131234000044], [122.17843895100009, 17.932280836000075], [122.17839387300012, 17.93664088400004], [122.18325027700007, 17.944481979000045], [122.18160573600005, 17.944341069000075], [122.17930465400002, 17.94694316600004], [122.17745405800008, 17.957937162000064], [122.17903487700005, 17.961689727000078], [122.17695806200004, 17.966480911000076], [122.17742704500006, 17.969302910000067], [122.18120480400012, 17.97099976800007], [122.18187038700012, 17.974186159000055], [122.18473460900009, 17.974739098000043], [122.1786515880001, 17.987125271000025], [122.18599199300002, 17.991099655000028], [122.18882727700009, 18.000426971000024], [122.05875647900007, 18.011889766000024], [122.05848511400006, 18.027718440000058], [121.9682487450001, 18.028018572000065], [121.96775882600002, 18.049900758000035], [121.9587868100001, 18.049895331000073], [121.95434544200009, 18.048575695000068], [121.94884289200002, 18.044114498000056], [121.94719537200001, 18.047766607000028], [121.92483625600005, 18.034116081000036], [121.92179263500009, 18.03044671300006], [121.91816077500005, 18.019351451000034], [121.91001701200003, 18.019395391000046], [121.8733150490001, 18.009882004000076], [121.87120627800005, 18.01308733600007], [121.86116852700002, 18.009207197000023], [121.85357695200003, 18.008869794000077], [121.84868460300004, 18.001531271000033], [121.8170678570001, 17.994311594000067], [121.7773466860001, 17.99745835600004], [121.76230933900001, 18.000940815000035], [121.74406984400002, 17.996458622000034], [121.74062060000006, 17.929014119000044], [121.73800543100003, 17.919109863000074], [121.74297610700012, 17.91078212800005], [121.74091735700006, 17.907054121000044], [121.7412685920001, 17.899760531000027], [121.74587199400003, 17.88373323600007]]]}, "properties": {"name": "Baggao", "level": "municipality", "psgc": null, "parent_name": "Cagayan", "province": "Cagayan", "district": null}}, {"type": "Feature", "geometry": {"type": "Polygon", "coordinates": [[[121.75677787200004, 18.288450157000057], [121.76995032000002, 18.28128287100003], [121.75893357100006, 18.271791664000034], [121.75726330200007, 18.26916925000006], [121.75802272300007, 18.26559927900007], [121.75381034100008, 18.258993915000076], [121.75767789100007, 18.255593952000027], [121.76638403400011, 18.25485537700007], [121.76543883900001, 18.25104501100003], [121.7618509130001, 18.24836893400004], [121.76343722000001, 18.246778929000072], [121.76290511600007, 18.244295776000058], [121.765139954, 18.239347206000048], [121.76208922300009, 18.236562527000046], [121.76246169600006, 18.23500168700002], [121.76668305700002, 18.235196792000067], [121.76797784400003, 18.233050638000066], [121.77071908200003, 18.232606404000023], [121.77134790100001, 18.23058518700003], [121.77635066800008, 18.231219977000023], [121.77776698500008, 18.228341809000028], [121.77631725800006, 18.221481116000064], [121.77761764600007, 18.21776666900007], [121.77095098200004, 18.215548204000072], [121.77157891700006, 18.21067905800004], [121.77557978000004, 18.20693930300007], [121.7726123860001, 18.204619152000078], [121.76996224200002, 18.198037869000075], [121.77064473500002, 18.190701384000022], [121.77240652800003, 18.18981732700007], [121.77058869700011, 18.183587730000056], [121.77246276000005, 18.181025214000044], [121.77067442100008, 18.180077166000046], [121.7709296480001, 18.175146935000043], [121.76839024800006, 18.173484141000074], [121.77102446800006, 18.170527469000035], [121.80104754600006, 18.171457528000076], [121.84146958400004, 18.16895248000003], [121.84103854700004, 18.186221853000063], [121.84197570900005, 18.185991560000048], [121.84342551700001, 18.19128911000007], [121.84210389400005, 18.19371076400006], [121.84301202600011, 18.196250779000025], [121.84137855000006, 18.197801738000067], [121.841981153, 18.201830779000034], [121.83904474600001, 18.20869306000003], [121.83963904000007, 18.223204554000063], [121.83845836900002, 18.22693524700003], [121.84079205600005, 18.230382064000025], [121.83822889800001, 18.23398035100007], [121.83871923100003, 18.237142883000047], [121.84835369600012, 18.24784801000004], [121.86547775000008, 18.250812771000028], [121.86823580500004, 18.25958630200006], [121.86993869500009, 18.258252535000054], [121.87242786000002, 18.261560975000066], [121.86823762000006, 18.26875146200007], [121.87327558700008, 18.27210139600004], [121.877558958, 18.27305551200004], [121.88243103800005, 18.27072097300004], [121.8926645790001, 18.270707601000026], [121.89765419000003, 18.266464620000022], [121.89918659500006, 18.26869523000005], [121.89626562600006, 18.272232046000056], [121.83898267900008, 18.288663619000033], [121.754464987, 18.31929986600005], [121.75296975100002, 18.316149429000063], [121.74802779900006, 18.315808594000032], [121.74610568300011, 18.312691115000064], [121.74714721600003, 18.30818006000004], [121.75266122100004, 18.302554119000035], [121.7521842540001, 18.301121720000026], [121.75910598000007, 18.301837713000054], [121.76281386800008, 18.300141112000063], [121.76284725200003, 18.297551946000056], [121.76596706200007, 18.296235135000074], [121.75677787200004, 18.288450157000057]]]}, "properties": {"name": "Buguey", "level": "municipality", "psgc": null, "parent_name": "Cagayan", "province": "Cagayan", "district": null}}, {"type": "Feature", "geometry": {"type": "MultiPolygon", "coordinates": [[[[121.822408558, 18.876891320000027], [121.82194363300005, 18.87517920500005], [121.82423159100006, 18.872725036000077], [121.822408558, 18.876891320000027]]], [[[121.83403788900011, 18.90756016000006], [121.83017521700003, 18.903653613000074], [121.83363892900002, 18.897343763000038], [121.83860567500005, 18.896479166000063], [121.83876219500007, 18.90471100900004], [121.83403788900011, 18.90756016000006]]], [[[121.21868204800012, 18.98688670100006], [121.21386981800003, 18.98246354400004], [121.213851943, 18.98028300800007], [121.21574567200003, 18.980081159000065], [121.2179323800001, 18.98198883400005], [121.21868204800012, 18.98688670100006]]], [[[121.91774692900003, 19.00351504300005], [121.89702695500011, 19.00125293600007], [121.89378535000003, 18.997601522000025], [121.89364934200012, 18.994636811000078], [121.88910759500004, 18.993441363000045], [121.87954757800003, 18.984563369000057], [121.87147523200008, 18.980820125000037], [121.86656880300006, 18.97395436900007], [121.87080116900006, 18.96422895300003], [121.86738365100007, 18.964020005000066], [121.86652147400002, 18.96067346700005], [121.87060272800011, 18.946812290000025], [121.86910338500002, 18.94384979700004], [121.86464401300009, 18.942403031000026], [121.86222466200002, 18.937043809000045], [121.85873226600006, 18.93361316100004], [121.85330011700012, 18.93021566500005], [121.85242651500005, 18.927721448000057], [121.85091492400011, 18.92787982400006], [121.84936531100004, 18.922938371000043], [121.8512578750001, 18.91684407300005], [121.85689232400011, 18.917100633000075], [121.86360906300001, 18.913822177000043], [121.8663296420001, 18.908583511000074], [121.86585208500003, 18.904851165000025], [121.86874217000002, 18.90239218000005], [121.86838231100012, 18.89894871300004], [121.87123266600008, 18.893064201000072], [121.86608291000005, 18.88677491800007], [121.86440475100005, 18.88229844600005], [121.8605675450001, 18.88000011500003], [121.85431448800011, 18.879653353000037], [121.84898574400006, 18.87556345300004], [121.84226611300005, 18.875533934000032], [121.83549141300011, 18.871429944000056], [121.82899342600001, 18.875702794000063], [121.82765646000007, 18.87492978800003], [121.83006073800004, 18.871489592000046], [121.8298660160001, 18.86717600700007], [121.82611915900009, 18.86117830300003], [121.8353207990001, 18.838528069000063], [121.83444584000006, 18.834921605000034], [121.83708132700008, 18.83000313900004], [121.835479372, 18.828650663000076], [121.83711768300009, 18.822322172000042], [121.84156009700007, 18.818162362000066], [121.84727335500008, 18.816871304000074], [121.85467510400008, 18.812150252000038], [121.86014516500006, 18.813147697000034], [121.87746811300008, 18.826968436000072], [121.88078264400008, 18.835682288000044], [121.87928887200007, 18.847493954000072], [121.88200832000007, 18.851874577000046], [121.890474702, 18.857097674000045], [121.89092380300008, 18.868409548000045], [121.90423092000003, 18.874459310000077], [121.91129248200002, 18.879797044000043], [121.9170730300001, 18.87861606900003], [121.92021005800007, 18.879620506000037], [121.92275082600008, 18.88163875500004], [121.92130295200002, 18.88322117000007], [121.92335864300003, 18.885733980000055], [121.92851742500011, 18.885819737000077], [121.93371881500002, 18.89199342200004], [121.94263070300008, 18.89290803600005], [121.93903795300002, 18.896270696000045], [121.93895114400004, 18.898653187000036], [121.94207576400004, 18.900586788000055], [121.94632654000009, 18.89976499200003], [121.952896269, 18.902985159000025], [121.95567382600007, 18.907634787000063], [121.95721559100002, 18.915899551000052], [121.95468013900006, 18.92005020600004], [121.95023167800002, 18.92236871700004], [121.95193000200004, 18.924128589000077], [121.95122538300006, 18.926587977000054], [121.95780713400006, 18.929868310000074], [121.96073931300009, 18.93558137200006], [121.96701158600001, 18.932642282000074], [121.96958722600004, 18.933969716000036], [121.9697081280001, 18.93742744800005], [121.97345983700006, 18.938250984000035], [121.9792995140001, 18.935305372000073], [121.98898475800002, 18.942674100000033], [121.99300375200005, 18.95816826400005], [121.9922709540001, 18.960514837000062], [121.98689939600001, 18.96621531900007], [121.98200792600005, 18.967556252000065], [121.97906477400011, 18.97033708400005], [121.97299406000002, 18.970354495000038], [121.97151709600007, 18.969147861000067], [121.96500983400006, 18.973055593000026], [121.96554655300008, 18.975620260000028], [121.9635291940001, 18.977970838000033], [121.96356663900008, 18.980723259000058], [121.95917573000008, 18.983024714000067], [121.95218704600006, 18.993426915000043], [121.94627780600001, 18.99934321300003], [121.94507251300001, 19.002730674000077], [121.9405382860001, 19.001492778000056], [121.91774692900003, 19.00351504300005]]], [[[121.21789591400011, 19.171320620000074], [121.21583731900012, 19.17125063900005], [121.21324503500011, 19.167278401000033], [121.21150535700008, 19.161459843000046], [121.21086494700012, 19.143091077000065], [121.205078995, 19.136427905000062], [121.2050303100001, 19.13207329900007], [121.20178816700002, 19.12640119400004], [121.19813070700002, 19.108752167000034], [121.1954798810001, 19.107547668000052], [121.1971099320001, 19.10425839800007], [121.19567332500003, 19.09827222900003], [121.19790572600004, 19.077135697000074], [121.1967146510001, 19.06728430900006], [121.19914052400009, 19.059833291000075], [121.20784544000003, 19.05094977400006], [121.21440829300002, 19.039188091000028], [121.21901545900005, 19.036325618000035], [121.22080687500011, 19.037495483000043], [121.22518542000012, 19.036551969000072], [121.23529323000002, 19.030620595000073], [121.23841087500011, 19.024398104000056], [121.23905766200005, 19.01606057600003], [121.23726414100008, 19.01463509100006], [121.23849790200006, 19.012750443000073], [121.24060004300009, 19.013860273000034], [121.248518181, 19.01286363500003], [121.25016543200002, 19.014158933000033], [121.25384397300002, 19.028598033000037], [121.25288721100003, 19.040831181000044], [121.25032165000005, 19.048126507000063], [121.24860140600003, 19.060534112000028], [121.25091330100008, 19.07092405800006], [121.24999432100003, 19.079035347000058], [121.2477043990001, 19.082601182000076], [121.24958277200005, 19.086184289000073], [121.24588549700002, 19.092221619000043], [121.24554569400004, 19.09986436300005], [121.24776716400004, 19.104926773000045], [121.24382715500008, 19.11246135400006], [121.24434056300004, 19.114387473000022], [121.23918217000005, 19.117471029000058], [121.23841299700007, 19.122282147000078], [121.2348955540001, 19.126994616000047], [121.23632521500008, 19.132915912000044], [121.23354531900009, 19.136542074000033], [121.2354973360001, 19.13900950200002], [121.23370099500005, 19.139935342000058], [121.23340715000006, 19.14138211900007], [121.23487639400003, 19.141700925000066], [121.23171783400005, 19.148419551000075], [121.23169895700005, 19.15094112500003], [121.23296126000002, 19.15093434000005], [121.23208806600007, 19.155363996000062], [121.22912420900002, 19.156183922000025], [121.2303018980001, 19.158590033000053], [121.22551384100007, 19.166396035000048], [121.22074590000011, 19.169434077000062], [121.21942233800007, 19.168987233000053], [121.21789591400011, 19.171320620000074]]], [[[121.40700169100012, 19.393310426000028], [121.40438796500007, 19.391236031000062], [121.399523627, 19.390273096000044], [121.39190222500008, 19.38992081500004], [121.39070433200004, 19.391192189000037], [121.39233084700004, 19.388337721000028], [121.39261838000004, 19.379211914000052], [121.38897591300008, 19.36930880600005], [121.36783994900009, 19.360310353000045], [121.36464451400002, 19.361107235000077], [121.36258613000007, 19.366154279000057], [121.35533150800006, 19.366601982000077], [121.34838882200006, 19.36327709400007], [121.34664579900004, 19.356861322000043], [121.34957478400008, 19.354933519000042], [121.35755126200002, 19.353409972000065], [121.36144398700003, 19.348754064000047], [121.36679222300006, 19.345799130000046], [121.36963608400004, 19.34133579300004], [121.3766587020001, 19.338558980000073], [121.37822547300004, 19.335864470000047], [121.38157427500005, 19.33563773700007], [121.38265352300004, 19.33091900900007], [121.38633081800003, 19.33129397700003], [121.39063928000007, 19.329048709000062], [121.39057965500001, 19.324335033000068], [121.38869142400006, 19.322185542000057], [121.39382485500005, 19.31405284500005], [121.39062987400007, 19.30828282600004], [121.39142163400004, 19.305678495000052], [121.3900035580001, 19.30061753700005], [121.40425557300011, 19.291218898000068], [121.40479055600008, 19.28778925900008], [121.4019072850001, 19.28443214300006], [121.40277740200008, 19.283181864000028], [121.40948484300009, 19.28279416600003], [121.41519463400004, 19.286057490000076], [121.41898421100007, 19.28400646800003], [121.41986937400009, 19.281210990000034], [121.42396023600008, 19.281698437000045], [121.44075045600005, 19.274336007000045], [121.44377889600003, 19.267428420000044], [121.45111642100005, 19.26710310200008], [121.45713912500003, 19.26885358900006], [121.45986433100006, 19.26687871400003], [121.4683937310001, 19.266533224000057], [121.47417869000003, 19.262118131000022], [121.4766609510001, 19.25810597000003], [121.49932843400006, 19.25363292800006], [121.50929888000007, 19.248240571000053], [121.51179179700011, 19.244259920000047], [121.51248228500003, 19.24970806400006], [121.5101892890001, 19.251168242000062], [121.51159438200011, 19.259751076000043], [121.51620077600012, 19.260815172000036], [121.5181460660001, 19.263633768000034], [121.52975891300002, 19.26370243300005], [121.53895893000004, 19.26733641900006], [121.54047454900001, 19.272372934000032], [121.54221314000006, 19.27346585500004], [121.54089932300008, 19.275362554000026], [121.54233939100004, 19.276054851000026], [121.53946526800007, 19.28071999200006], [121.5393494110001, 19.288399304000052], [121.53379742400011, 19.293933561000074], [121.53490889300008, 19.29864565500003], [121.5304103960001, 19.30272356100005], [121.52927671600003, 19.30686534700004], [121.52597071500008, 19.307008504000066], [121.52784862900012, 19.31432025600003], [121.5242742910001, 19.316531183000052], [121.52211814700001, 19.320510677000073], [121.528771333, 19.347011187000078], [121.53169466600002, 19.35117557800004], [121.52761676300008, 19.36199838400006], [121.52830172000006, 19.364574896000022], [121.5228153060001, 19.37451236000004], [121.52416051500006, 19.387766630000044], [121.52085279200003, 19.389591323000047], [121.51488206600004, 19.388380677000043], [121.50977297400004, 19.37941666300003], [121.50142005100008, 19.371255467000026], [121.49687822500005, 19.371087370000055], [121.49578974000008, 19.36933614700007], [121.48807760900002, 19.36708804600005], [121.47785492600008, 19.373514683000053], [121.46742546000007, 19.374987661000034], [121.45741484200005, 19.37792435600005], [121.45672350200005, 19.37923887200003], [121.43485656500002, 19.38272457100004], [121.41846910400011, 19.390496788000064], [121.40700169100012, 19.393310426000028]]], [[[121.50912406000009, 19.44732815900005], [121.50814826900012, 19.448754407000024], [121.50610108100011, 19.445760569000072], [121.50462890800009, 19.43572593700003], [121.50943049000011, 19.426220769000054], [121.51184763200001, 19.423826014000042], [121.51465047900001, 19.423449693000066], [121.51704447200007, 19.42518371400007], [121.51776252400009, 19.42899936400005], [121.51513648700006, 19.434377205000033], [121.51532178200011, 19.44059534200005], [121.51298665400009, 19.44500531700004], [121.50912406000009, 19.44732815900005]]], [[[121.96981482700005, 19.573752417000037], [121.9607340020001, 19.568242713000075], [121.95464108200008, 19.56055703000004], [121.94609016400011, 19.557618303000027], [121.94387854600006, 19.555392201000075], [121.94138112900009, 19.555757245000052], [121.94048328800011, 19.55876291000004], [121.93803792800009, 19.55784985300005], [121.93673799300007, 19.559131153000067], [121.93452188300012, 19.557036980000078], [121.93281492000006, 19.557549807000044], [121.93173552300004, 19.555653508000034], [121.92824663100009, 19.555788405000044], [121.92695600200011, 19.554328566000038], [121.92628047900007, 19.55534315400007], [121.92642293800009, 19.554126557000075], [121.92319485400003, 19.553296554000042], [121.92141514800005, 19.553251593000027], [121.92097752600012, 19.554590629000074], [121.91351797900006, 19.551533466000024], [121.90866549800012, 19.551842756000042], [121.90641081700005, 19.550085386000035], [121.9042176590001, 19.551738702000023], [121.89913787400008, 19.549662245000036], [121.89479632500002, 19.549799477000022], [121.89522160800004, 19.54630079100008], [121.89298309700007, 19.545112396000036], [121.8942364610001, 19.543467621000048], [121.89270416800002, 19.541228353000065], [121.89327139700003, 19.534632853000062], [121.89705014900005, 19.53108517800007], [121.89723643800005, 19.528562176000037], [121.9004367660001, 19.526473633000023], [121.89747737800008, 19.52105476400004], [121.89908691100004, 19.52050255200004], [121.89923074600006, 19.517895271000043], [121.9016329430001, 19.517431214000055], [121.90203857100005, 19.514090547000023], [121.90534268500005, 19.51385162500003], [121.90654399800007, 19.511450591000028], [121.91014573700011, 19.512050244000022], [121.91336833800005, 19.51057090300003], [121.91961054500007, 19.505177669000034], [121.91963591400008, 19.50369424200005], [121.92551629700006, 19.499800140000048], [121.92837969100003, 19.494680148000043], [121.9430407530001, 19.48848434100006], [121.95024308400002, 19.483159502000035], [121.95391861700011, 19.47806181800007], [121.95936440100002, 19.47580261400003], [121.96639146900009, 19.476101080000035], [121.9679990190001, 19.48237576500003], [121.9779751210001, 19.490036630000077], [121.98444191900012, 19.498682986000063], [121.99049111600004, 19.503744596000047], [121.99415670600001, 19.512952416000076], [121.99322671400012, 19.520400832000064], [121.99463300700006, 19.53113896800005], [121.9916267110001, 19.540072414000065], [121.99387016300011, 19.547681968000063], [121.9932004420001, 19.552668951000044], [121.986939129, 19.560893433000047], [121.96981482700005, 19.573752417000037]]]]}, "properties": {"name": "Calayan", "level": "municipality", "psgc": null, "parent_name": "Cagayan", "province": "Cagayan", "district": null}}, {"type": "Feature", "geometry": {"type": "Polygon", "coordinates": [[[121.97060045, 20.419051952000075], [121.97765592700011, 20.423747137000078], [121.98115725100001, 20.424191062000034], [121.98584208500006, 20.42825108200003], [121.98654177100002, 20.42969101400007], [121.98366380800007, 20.432355983000036], [121.98638923300007, 20.438121989000024], [122.00695790200007, 20.447477268000057], [122.01389547400004, 20.447962679000057], [122.02080862200012, 20.452846332000036], [122.02278716600006, 20.452791039000033], [122.029193684, 20.460287898000047], [122.03520849300003, 20.464514773000076], [122.0342541010001, 20.471625894000056], [122.02765473700003, 20.481202061000033], [122.02273698400006, 20.484072106000042], [122.01143803600007, 20.485954629000048], [122.00253716200007, 20.48951308100004], [121.9753625190001, 20.47142869000004], [121.9657763990001, 20.469140871000036], [121.9619703940001, 20.472205280000026], [121.96205641600011, 20.47024044500006], [121.95745488000011, 20.469834896000066], [121.95761590400002, 20.464776202000053], [121.9601709000001, 20.461227138000027], [121.95985105500006, 20.455648861000043], [121.96105286400007, 20.455274493000047], [121.95985163400007, 20.45378602100004], [121.96756219300005, 20.446716813000023], [121.96514660300011, 20.443200922000074], [121.96186302800004, 20.442366840000034], [121.961715389, 20.440739698000073], [121.96354902400003, 20.440348096000037], [121.96302599600006, 20.438658129000032], [121.95590675200003, 20.429735840000035], [121.95962592400008, 20.426941243000044], [121.96619957300004, 20.426343367000072], [121.97060045, 20.419051952000075]]]}, "properties": {"name": "Basco", "level": "municipality", "psgc": null, "parent_name": "Batanes", "province": "Batanes", "district": null}}, {"type": "Feature", "geometry": {"type": "Polygon", "coordinates": [[[121.95590675200003, 20.429735840000035], [121.94900724400009, 20.427566557000034], [121.94860196000002, 20.424509562000026], [121.94685554500006, 20.42316584300005], [121.9465733290001, 20.420666796000035], [121.94803400800004, 20.421687835000057], [121.94596002700007, 20.419459634000077], [121.94620058300006, 20.416042232000052], [121.93754867000007, 20.411844254000073], [121.94380550200003, 20.395004964000066], [121.9553208420001, 20.389996429000064], [121.9778947960001, 20.38043993200006], [121.98066703400002, 20.382562949000032], [121.97797160400012, 20.39020141900005], [121.98044554900002, 20.39200452800003], [121.97716544000002, 20.391980560000036], [121.97590915100011, 20.396294992000037], [121.96940323800004, 20.395440907000022], [121.96470916900012, 20.398960337000062], [121.9615222110001, 20.403902397000024], [121.96239566600002, 20.41258308700003], [121.96474360900004, 20.413443785000027], [121.96697403600001, 20.41200004800004], [121.96734488800007, 20.41614471200006], [121.97060045, 20.419051952000075], [121.96619957300004, 20.426343367000072], [121.95962592400008, 20.426941243000044], [121.95590675200003, 20.429735840000035]]]}, "properties": {"name": "Mahatao", "level": "municipality", "psgc": null, "parent_name": "Batanes", "province": "Batanes", "district": null}}, {"type": "Feature", "geometry": {"type": "Polygon", "coordinates": [[[121.93754867000007, 20.411844254000073], [121.93157002300006, 20.406337480000047], [121.92711477500006, 20.409391651000078], [121.92579830000011, 20.408382251000035], [121.92686170400009, 20.404976310000052], [121.92474637900011, 20.392972409000038], [121.91929722700002, 20.383201761000066], [121.920522505, 20.379833516000076], [121.91309415500007, 20.370468653000046], [121.9155326770001, 20.361383768000053], [121.91480409200005, 20.347588194000025], [121.91923504500005, 20.35007885400006], [121.93074626500004, 20.349320953000074], [121.93378035900002, 20.363254796000035], [121.94581421900011, 20.381078153000033], [121.9553208420001, 20.389996429000064], [121.94380550200003, 20.395004964000066], [121.93754867000007, 20.411844254000073]]]}, "properties": {"name": "Ivana", "level": "municipality", "psgc": null, "parent_name": "Batanes", "province": "Batanes", "district": null}}, {"type": "Feature", "geometry": {"type": "MultiPolygon", "coordinates": [[[[121.94332865700005, 20.700232493000044], [121.9418487260001, 20.699247006000064], [121.94266430100004, 20.698168464000048], [121.94332865700005, 20.700232493000044]]], [[[121.93317627400006, 20.712346409000077], [121.9251460160001, 20.709288842000035], [121.92265022700008, 20.70615538100003], [121.9212180190001, 20.700228245000062], [121.92804857200008, 20.697994016000052], [121.93516998500002, 20.698292190000075], [121.93317627400006, 20.712346409000077]]], [[[121.86002349600005, 20.836194656000032], [121.849949906, 20.832540805000065], [121.84233664400006, 20.826469780000025], [121.83671041100001, 20.825213034000058], [121.83444189000011, 20.82076244800004], [121.83523220000006, 20.816552779000062], [121.8334135450001, 20.811940349000054], [121.83465631000001, 20.80536230100006], [121.82809203400006, 20.788713081000026], [121.82222243300009, 20.78514185100005], [121.82191043900002, 20.782358690000024], [121.81702201000007, 20.77778584300006], [121.81579344700003, 20.772755284000027], [121.81684767800004, 20.769223846000045], [121.81416342700004, 20.763156774000038], [121.81519332800008, 20.760229091000042], [121.81226659100003, 20.75892990600005], [121.81140998500007, 20.75578901700004], [121.80634872000007, 20.757290348000026], [121.80329394500006, 20.75481084300003], [121.80123879500002, 20.754983823000032], [121.80046145500012, 20.752753882000036], [121.7976938920001, 20.751386917000048], [121.79282840100007, 20.744424233000075], [121.79341589700005, 20.74150594200006], [121.79212051400009, 20.74161930300005], [121.78874160900011, 20.735726745000022], [121.78794488800008, 20.728248832000077], [121.78272710300007, 20.72158550100005], [121.78296919600007, 20.716547011000046], [121.78963391700006, 20.70795881600003], [121.78981504700005, 20.703454240000042], [121.79141080400007, 20.703235796000058], [121.79362018100005, 20.699117784000066], [121.79677968200008, 20.699175340000068], [121.79750446500009, 20.69635589300003], [121.800059067, 20.69505345400006], [121.79957186400009, 20.68873165100007], [121.810532856, 20.689605262000043], [121.8154114990001, 20.69405478400006], [121.82297063900012, 20.697644858000046], [121.82656134500007, 20.70362102200005], [121.82777290400008, 20.703167423000025], [121.8271045670001, 20.70457165700003], [121.82874036500004, 20.706964411000058], [121.83359927700008, 20.706269424000027], [121.83590598700005, 20.708452903000023], [121.83835621000003, 20.708148582000035], [121.84264587300004, 20.71060618000007], [121.84425388600005, 20.713888234000024], [121.846200801, 20.713566566000054], [121.85356629500006, 20.723000108000065], [121.85305423900002, 20.72599116600003], [121.85659779100001, 20.730787531000033], [121.85538524100002, 20.73170809800007], [121.85664280600008, 20.731727945000046], [121.85572140200009, 20.732809038000028], [121.8569917210001, 20.73277424400004], [121.85724281000012, 20.735912747000043], [121.85610314700011, 20.736141435000036], [121.8571876090001, 20.736656717000074], [121.85484736700005, 20.738299046000066], [121.8584216050001, 20.740247157000056], [121.85543410000002, 20.745752036000056], [121.85665217100006, 20.75136337400005], [121.86453399200002, 20.754216846000077], [121.86779777000004, 20.753883807000022], [121.8712966280001, 20.75571979600005], [121.8714277790001, 20.75720358600006], [121.8740670090001, 20.757024511000054], [121.87476576300003, 20.75997379200004], [121.87649312200006, 20.758629082000027], [121.87768909200008, 20.762606568000024], [121.87648633600008, 20.766683448000038], [121.87159851400008, 20.768262795000055], [121.87181914000007, 20.77053598300006], [121.87397220200012, 20.77166657500004], [121.87219444700008, 20.773644537000052], [121.87336554600006, 20.777204288000064], [121.86920607000002, 20.779732976000048], [121.86774201800006, 20.782640688000072], [121.87063812200006, 20.784916254000052], [121.87026501800005, 20.786817760000076], [121.87268247000009, 20.788844651000034], [121.8729529630001, 20.791763219000075], [121.8814912260001, 20.79523877400004], [121.87971379500004, 20.796516085000064], [121.87985648100005, 20.798357200000055], [121.882914206, 20.80001966100008], [121.88310765000006, 20.803874379000035], [121.88170545500009, 20.804995467000026], [121.88341141, 20.806637843000033], [121.88208599600011, 20.809697663000065], [121.88317951400006, 20.80968682400004], [121.88017197700003, 20.811987588000022], [121.88104960900012, 20.81420278400003], [121.87878848500009, 20.817383865000068], [121.88022255300007, 20.81994086000003], [121.87516742900004, 20.82320793300005], [121.875940764, 20.824691045000066], [121.87185159800003, 20.827167737000025], [121.87081455500004, 20.830190001000062], [121.86531890000003, 20.833649967000042], [121.86555306900004, 20.834932669000068], [121.8634591760001, 20.833220378000078], [121.86002349600005, 20.836194656000032]]], [[[121.90139605400009, 20.90902865000004], [121.89848914900006, 20.90516830400003], [121.89987926000003, 20.902828338000063], [121.89856120200011, 20.900771588000055], [121.9010018460001, 20.898819615000036], [121.9033948440001, 20.89885080700003], [121.90481404700006, 20.90059126600005], [121.90650677700012, 20.90031625000006], [121.9064490070001, 20.904412491000073], [121.9078453190001, 20.905164210000066], [121.90139605400009, 20.90902865000004]]], [[[121.92018209200012, 20.93557757600007], [121.9142202380001, 20.93343092200007], [121.91356943700009, 20.93020542100004], [121.9265957340001, 20.926092061000077], [121.9300135740001, 20.922163096000077], [121.93202777800002, 20.92179906000007], [121.9303341320001, 20.926201693000053], [121.92671866600006, 20.92696069400006], [121.92018209200012, 20.93557757600007]]], [[[121.93465625500005, 21.06959503300004], [121.92800343100009, 21.065834451000057], [121.92761921100009, 21.06197194300006], [121.93305616100008, 21.06135387200004], [121.93543371400006, 21.062492105000047], [121.9361149340001, 21.06824620200007], [121.93465625500005, 21.06959503300004]]], [[[121.94566696200002, 21.121755276000044], [121.9470012050001, 21.117544132000035], [121.94645547700009, 21.110459431000038], [121.9488878410001, 21.102982182000062], [121.95186774700005, 21.103995703000066], [121.95530868300011, 21.107960024000022], [121.95561915600001, 21.113598353000043], [121.95199979200004, 21.117450983000026], [121.95222034300002, 21.119063408000045], [121.94566696200002, 21.121755276000044]]]]}, "properties": {"name": "Itbayat", "level": "municipality", "psgc": null, "parent_name": "Batanes", "province": "Batanes", "district": null}}, {"type": "Feature", "geometry": {"type": "MultiPolygon", "coordinates": [[[[121.80941423100012, 20.336653299000034], [121.80006748200003, 20.334199613000067], [121.80078496100009, 20.319909332000066], [121.79990252400012, 20.31559768900007], [121.79814524900007, 20.314279894000038], [121.79981681100003, 20.311563385000056], [121.79855419000012, 20.308395397000027], [121.80658754800004, 20.300858214000073], [121.80672786000002, 20.29904337100004], [121.81129235100002, 20.301169291000065], [121.8116952690001, 20.307728647000033], [121.81691921900006, 20.313783197000078], [121.81960547100005, 20.325700495000035], [121.81505828800005, 20.33323353700007], [121.80941423100012, 20.336653299000034]]], [[[121.78282914200008, 20.338509002000023], [121.78089545400007, 20.338392017000047], [121.7801667650001, 20.336515199000075], [121.7774068760001, 20.33675326100007], [121.77920597600007, 20.333519076000073], [121.785782089, 20.330090231000042], [121.78666514400004, 20.328157774000033], [121.78966128900004, 20.32878228800007], [121.7911489390001, 20.332596413000033], [121.78282914200008, 20.338509002000023]]], [[[121.84473327, 20.355984787000068], [121.84217602500007, 20.351699266000026], [121.84337191100008, 20.35042050100003], [121.84305721900012, 20.34510407600004], [121.83793309500004, 20.32462182000006], [121.84184789800008, 20.305171578000056], [121.84154243600005, 20.298834155000065], [121.84558496800003, 20.296386107000046], [121.84718245400006, 20.292780841000024], [121.84609890600007, 20.289785873000028], [121.84050524700001, 20.28722706600007], [121.84225305700011, 20.28489888400003], [121.84198050500004, 20.281647133000035], [121.84408594100012, 20.281409133000068], [121.84358318800003, 20.280216019000022], [121.84940339200011, 20.27245673400006], [121.84840054000006, 20.27127732200006], [121.8508671400001, 20.269997467000053], [121.85015289000012, 20.268535886000052], [121.85147369700007, 20.26899469700004], [121.85114813100006, 20.26733143200005], [121.85453839200011, 20.265490339000053], [121.85595684200007, 20.26197872000006], [121.86107236400005, 20.260324749000063], [121.86328818700008, 20.260741464000034], [121.86445320200005, 20.262775051000062], [121.86596702000008, 20.262242185000048], [121.8661338280001, 20.264023965000035], [121.86374126300007, 20.26543579300005], [121.86102096500008, 20.271629543000074], [121.86820670600002, 20.280012922000026], [121.8705173410001, 20.280426920000025], [121.86930790100007, 20.28099263300004], [121.87004931500007, 20.282709160000024], [121.87432149400001, 20.28458309800004], [121.88227108700005, 20.28533161300004], [121.88317750300007, 20.28435745200005], [121.88419988400005, 20.288186347000078], [121.8864097500001, 20.288023629000065], [121.88585441200007, 20.29250479700005], [121.88785216500003, 20.294689853000023], [121.88631527300004, 20.29597846100006], [121.88917533600011, 20.302463769000042], [121.88928427200005, 20.31316702500004], [121.88075824500004, 20.324117408000063], [121.87722209600008, 20.332263768000075], [121.87270176400011, 20.33519053300006], [121.87224871600006, 20.339697126000033], [121.86937953800009, 20.341374462000033], [121.86764243900006, 20.340004598000064], [121.86420545500005, 20.341112534000047], [121.86069741800009, 20.344984759000056], [121.85858929400001, 20.34488016100005], [121.85368908200007, 20.348526121000077], [121.85329480000007, 20.35078820900003], [121.85157445700008, 20.350430542000026], [121.84473327, 20.355984787000068]]]]}, "properties": {"name": "Sabtang", "level": "municipality", "psgc": null, "parent_name": "Batanes", "province": "Batanes", "district": null}}, {"type": "Feature", "geometry": {"type": "Polygon", "coordinates": [[[121.61873160500011, 18.24467975600004], [121.67809261000002, 18.235851600000046], [121.70029147800005, 18.234501739000052], [121.70140773600008, 18.238305082000068], [121.70618399800003, 18.239241907000064], [121.71255183500011, 18.25009198600003], [121.72401657800003, 18.250400625000054], [121.72432669900002, 18.252085829000066], [121.74125531900006, 18.250765113000057], [121.74103121700011, 18.24673621200003], [121.74565311300012, 18.24168925500004], [121.74524253600009, 18.246025769000028], [121.748405681, 18.247283202000062], [121.75613117000012, 18.244182210000076], [121.76290511600007, 18.244295776000058], [121.76343722000001, 18.246778929000072], [121.7618509130001, 18.24836893400004], [121.76543883900001, 18.25104501100003], [121.76638403400011, 18.25485537700007], [121.75767789100007, 18.255593952000027], [121.75381034100008, 18.258993915000076], [121.75802272300007, 18.26559927900007], [121.75726330200007, 18.26916925000006], [121.75893357100006, 18.271791664000034], [121.76995032000002, 18.28128287100003], [121.75677787200004, 18.288450157000057], [121.75225499400005, 18.283934071000033], [121.7488367410001, 18.284621920000063], [121.74158789400008, 18.290006187000074], [121.73668190600006, 18.291011166000033], [121.73581397100008, 18.29308850900003], [121.72947196200005, 18.297024871000076], [121.72543596800006, 18.297431878000054], [121.72693176300004, 18.301456424000037], [121.7248885890001, 18.301115895000066], [121.72045402600008, 18.303904540000076], [121.69926706800004, 18.307187511000052], [121.68799907800008, 18.307366586000057], [121.67389206100006, 18.304059885000072], [121.67345707000004, 18.305169824000075], [121.67015406900009, 18.304734875000065], [121.66980308000007, 18.306073800000036], [121.65769421000005, 18.30147768300003], [121.6566170110001, 18.29667244600006], [121.65795229300011, 18.294895180000026], [121.6529040470001, 18.288746424000067], [121.64119989100004, 18.28092447800003], [121.63730890700003, 18.282515415000034], [121.63472989600007, 18.280987524000068], [121.61641191000001, 18.281127655000034], [121.61873160500011, 18.24467975600004]]]}, "properties": {"name": "Camalaniugan", "level": "municipality", "psgc": null, "parent_name": "Cagayan", "province": "Cagayan", "district": null}}, {"type": "Feature", "geometry": {"type": "Polygon", "coordinates": [[[121.15600338400009, 18.54377499800006], [121.15827778000005, 18.590538295000044], [121.15733180600012, 18.59351113200006], [121.15957480400004, 18.59340712000005], [121.16005487000007, 18.596088887000064], [121.1567713180001, 18.59765029600004], [121.15596765100008, 18.599969448000024], [121.1588149270001, 18.602587105000055], [121.15764387000002, 18.605181800000025], [121.160406738, 18.608872661000078], [121.15902158400002, 18.609383827000045], [121.15895269900011, 18.615675388000057], [121.15706982300003, 18.617787883000062], [121.1537150150001, 18.617946758000073], [121.14946943400003, 18.61500949300006], [121.14763248200006, 18.616869407000024], [121.15504917500004, 18.621691406000025], [121.1551482220001, 18.623835056000075], [121.13083710100011, 18.628402873000027], [121.09860238100009, 18.627105253000025], [121.09642304400006, 18.62644900500004], [121.09655874100008, 18.623292367000033], [121.09345779500006, 18.621891032000065], [121.0949965320001, 18.619887302000052], [121.09198119200005, 18.61627872200006], [121.09195086400007, 18.61381937500005], [121.0909616890001, 18.61465749100006], [121.0790477920001, 18.609647727000038], [121.06568194700003, 18.607342463000066], [121.05661662900002, 18.607847365000055], [121.04998798000008, 18.611598034000053], [121.04949877000001, 18.613568506000036], [121.05175017700003, 18.615152669000054], [121.05028897600005, 18.61822270700003], [121.04849229900003, 18.616836818000024], [121.04916428100012, 18.614488900000026], [121.04785348900009, 18.611535722000042], [121.04336665500011, 18.61299876100003], [121.03329686900008, 18.594356041000026], [121.02199356800008, 18.558284198000024], [121.01709963000008, 18.554633925000076], [121.01679215600007, 18.547839647000046], [121.01683347100004, 18.54010426800005], [121.02002362100006, 18.538378393000073], [121.0330102690001, 18.52353210900003], [121.04146122300006, 18.518527332000076], [121.04277930400008, 18.528185766000036], [121.06136538900012, 18.539197991000037], [121.0935009960001, 18.541745912000067], [121.0929344870001, 18.539144134000026], [121.09056585000008, 18.538185129000055], [121.09235553000008, 18.530459628000074], [121.0907866230001, 18.527309866000053], [121.08905418300003, 18.527137542000048], [121.08906431300011, 18.49539121400005], [121.11848091500008, 18.54311065400003], [121.15600338400009, 18.54377499800006]]]}, "properties": {"name": "Claveria", "level": "municipality", "psgc": null, "parent_name": "Cagayan", "province": "Cagayan", "district": null}}, {"type": "Feature", "geometry": {"type": "Polygon", "coordinates": [[[121.74406984400002, 17.996458622000034], [121.76230933900001, 18.000940815000035], [121.7773466860001, 17.99745835600004], [121.8170678570001, 17.994311594000067], [121.84868460300004, 18.001531271000033], [121.85357695200003, 18.008869794000077], [121.86116852700002, 18.009207197000023], [121.87120627800005, 18.01308733600007], [121.8733150490001, 18.009882004000076], [121.91001701200003, 18.019395391000046], [121.91816077500005, 18.019351451000034], [121.92179263500009, 18.03044671300006], [121.92483625600005, 18.034116081000036], [121.94719537200001, 18.047766607000028], [121.94884289200002, 18.044114498000056], [121.95434544200009, 18.048575695000068], [121.9587868100001, 18.049895331000073], [121.96775882600002, 18.049900758000035], [121.9682487450001, 18.028018572000065], [122.05848511400006, 18.027718440000058], [122.05875647900007, 18.011889766000024], [122.18882727700009, 18.000426971000024], [122.18978460700009, 18.00196745900007], [122.18651769600001, 18.00379261200004], [122.18430155600004, 18.00985504500005], [122.1882731390001, 18.017724728000076], [122.18759975700004, 18.016935810000064], [122.18462979700007, 18.02452569700006], [122.179942621, 18.030913697000074], [122.17576257300004, 18.031362100000024], [122.17399943400005, 18.034765251000067], [122.17722354600005, 18.054280487000028], [122.18179352100003, 18.057239560000028], [122.1835372270001, 18.060198412000034], [122.18016146100001, 18.063546746000043], [122.1739204270001, 18.061648582000032], [122.17163930000004, 18.06414635300007], [122.1675352640001, 18.064455560000056], [122.16496789200005, 18.06973320900005], [122.16493342600006, 18.07207821800006], [122.16792989100009, 18.075181315000066], [122.16758096400008, 18.086906056000032], [122.17082005300006, 18.088819536000074], [122.17669400800003, 18.10527477100004], [122.0657451190001, 18.10740839300007], [121.80044630700002, 18.103653610000038], [121.70450914800006, 18.104827777000025], [121.69666740500008, 18.106187243000022], [121.69080953600007, 18.109221381000054], [121.6826475800001, 18.116466753000054], [121.67912291700009, 18.116621732000056], [121.67707678600004, 18.11610104700003], [121.67550054500009, 18.111736072000042], [121.67188963400008, 18.109303503000035], [121.65832141800001, 18.108760774000075], [121.65321976900009, 18.10514258300003], [121.64735830000006, 18.092949281000074], [121.6455853870001, 18.08086452400005], [121.63603336300002, 18.050688813000022], [121.62000477900006, 18.03180185700006], [121.6043741950001, 18.008283618000064], [121.6008645500001, 17.99609031500006], [121.6010646530001, 17.98511264600006], [121.6048807410001, 17.97438117100006], [121.61320258, 17.964648238000052], [121.61819568300007, 17.96204314000005], [121.62930352900003, 17.960885319000056], [121.64232901500009, 17.96403314500003], [121.64840757600007, 17.96718097100006], [121.65318358800005, 17.96529951200006], [121.65667188500004, 17.968362600000034], [121.67784935600002, 17.976637968000034], [121.74203560500007, 18.012747371000046], [121.74406984400002, 17.996458622000034]]]}, "properties": {"name": "Gattaran", "level": "municipality", "psgc": null, "parent_name": "Cagayan", "province": "Cagayan", "district": null}}, {"type": "Feature", "geometry": {"type": "MultiPolygon", "coordinates": [[[[121.89765419000003, 18.266464620000022], [121.90135701600002, 18.266360943000052], [121.90256203000001, 18.270148834000054], [121.89626562600006, 18.272232046000056], [121.89918659500006, 18.26869523000005], [121.89765419000003, 18.266464620000022]]], [[[122.10355122100009, 18.383711792000042], [122.10018873700005, 18.382354539000062], [122.09744630500006, 18.37751798000005], [122.09765752500005, 18.365169390000062], [122.09141656600002, 18.36023691300005], [122.08546637800009, 18.35777711700007], [122.08684844800007, 18.357511767000062], [122.08635666400005, 18.35593448700007], [122.08264086400004, 18.356596429000035], [122.08234778600001, 18.35242471300006], [122.07945716000006, 18.349314587000038], [122.06415288700009, 18.34369165000004], [122.06243110300011, 18.34086168400006], [122.06385833000002, 18.336197191000053], [122.06277471900012, 18.334127005000028], [122.05228129200009, 18.32859130500003], [122.05395157500004, 18.324490783000044], [122.05209101600008, 18.32075364800005], [122.04218903000003, 18.316243030000066], [122.03111297500004, 18.308519601000057], [122.02781465200007, 18.307837862000042], [122.02593321900008, 18.303185303000078], [122.02623336600004, 18.298710592000077], [122.01537553900005, 18.294122569000024], [122.01122037700009, 18.287921264000033], [121.99643300900004, 18.28406031000003], [121.98174939800003, 18.28239112500006], [121.9779880640001, 18.278681310000024], [121.9686708380001, 18.277503081000077], [121.96466767000004, 18.274150185000053], [121.95913496000003, 18.27257723500003], [121.94629058200007, 18.27219616600007], [121.94179101800012, 18.267790732000037], [121.93754901400007, 18.26679370900007], [121.90855523200003, 18.269707892000042], [121.90541411000004, 18.268713818000037], [121.90618490700001, 18.267275306000045], [121.91477368100004, 18.26735186600007], [121.91843962700011, 18.265397935000067], [121.9244130730001, 18.266868036000062], [121.92837676200008, 18.265825939000024], [121.92999573300006, 18.263667311000063], [121.92761379800004, 18.26095041600007], [121.92807902000004, 18.259294227000055], [121.93058532400005, 18.259082], [121.93268056900001, 18.256581581000034], [121.9323925220001, 18.25420170900003], [121.93734163900001, 18.250568542000053], [121.93675995100011, 18.244227187000035], [121.94067919500003, 18.24604853900007], [121.94265312000005, 18.242529802000035], [121.9487370060001, 18.241786004000062], [121.94959523500006, 18.239201783000055], [121.95479228500005, 18.243626427000038], [121.96186790100012, 18.24173832500003], [121.96477634200005, 18.238457985000025], [121.96872419300007, 18.237990727000067], [121.97633768000003, 18.226850445000025], [121.97485723600005, 18.21706664100003], [121.972186, 18.213751733000038], [121.97662028700006, 18.18237731200003], [122.00670848100003, 18.18417157600004], [122.054607497, 18.178949561000024], [122.11363569500008, 18.182362644000023], [122.2405196310001, 18.162832781000077], [122.24917146300004, 18.162325164000038], [122.25304872900006, 18.167578331000072], [122.25733005900008, 18.16676895100005], [122.2631520540001, 18.169751924000025], [122.263216026, 18.172811125000067], [122.2661026610001, 18.175431967000065], [122.26350583300007, 18.17847959900007], [122.26609010800007, 18.185983114000067], [122.2802403600001, 18.196798555000044], [122.28779170300004, 18.200450190000026], [122.29018558200005, 18.206092944000034], [122.28975165400004, 18.21001907300007], [122.29385542600005, 18.21263407200007], [122.29606630100011, 18.212219107000067], [122.29716518100008, 18.21575030100007], [122.30294973700006, 18.219455707000066], [122.29847510700006, 18.228250149000075], [122.30285217300002, 18.22932439400006], [122.30477199600011, 18.23291380200004], [122.30385099800003, 18.234917662000043], [122.30527433400005, 18.236940722000043], [122.30564472200001, 18.237876678000077], [122.15260571200008, 18.344881077000025], [122.11024958200005, 18.36816793400004], [122.10437569100009, 18.375075373000072], [122.10355122100009, 18.383711792000042]]]]}, "properties": {"name": "Gonzaga", "level": "municipality", "psgc": null, "parent_name": "Cagayan", "province": "Cagayan", "district": null}}, {"type": "Feature", "geometry": {"type": "Polygon", "coordinates": [[[121.54765794600007, 18.10662861700007], [121.60500245600008, 18.104627024000024], [121.65321976900009, 18.10514258300003], [121.65832141800001, 18.108760774000075], [121.67188963400008, 18.109303503000035], [121.67550054500009, 18.111736072000042], [121.67707678600004, 18.11610104700003], [121.67912291700009, 18.116621732000056], [121.6826475800001, 18.116466753000054], [121.69080953600007, 18.109221381000054], [121.69666740500008, 18.106187243000022], [121.70450914800006, 18.104827777000025], [121.80044630700002, 18.103653610000038], [122.0657451190001, 18.10740839300007], [122.17669400800003, 18.10527477100004], [122.18178743300007, 18.11667841700006], [122.18654823500003, 18.118826486000046], [122.19068965000008, 18.116224230000057], [122.19492706500012, 18.117438139000058], [122.19796648600004, 18.12157736200004], [122.19778680500008, 18.126842380000028], [122.19963982500008, 18.13004402400003], [122.20182764200001, 18.13227173300004], [122.2039106090001, 18.13132289300006], [122.2027334170001, 18.13301856100003], [122.20551572700003, 18.134748605000027], [122.20519627100009, 18.13802081600005], [122.20760338100001, 18.14074328600003], [122.20803800800002, 18.14392054800004], [122.21507480100001, 18.14565983700004], [122.21571312000003, 18.151680963000047], [122.22495756300009, 18.155116230000033], [122.22813778800003, 18.154984125000055], [122.22879605300011, 18.157987626000022], [122.23388128300007, 18.160026221000066], [122.23567042700006, 18.15885898700003], [122.23655664800003, 18.16145233000003], [122.23949917800007, 18.15982363200004], [122.2405196310001, 18.162832781000077], [122.11363569500008, 18.182362644000023], [122.054607497, 18.178949561000024], [122.00670848100003, 18.18417157600004], [121.97662028700006, 18.18237731200003], [121.92002417900005, 18.174469672000043], [121.84146958400004, 18.16895248000003], [121.80104754600006, 18.171457528000076], [121.77102446800006, 18.170527469000035], [121.76839024800006, 18.173484141000074], [121.7709296480001, 18.175146935000043], [121.77067442100008, 18.180077166000046], [121.77246276000005, 18.181025214000044], [121.77058869700011, 18.183587730000056], [121.77240652800003, 18.18981732700007], [121.77064473500002, 18.190701384000022], [121.76996224200002, 18.198037869000075], [121.7726123860001, 18.204619152000078], [121.77557978000004, 18.20693930300007], [121.77157891700006, 18.21067905800004], [121.77095098200004, 18.215548204000072], [121.77761764600007, 18.21776666900007], [121.77631725800006, 18.221481116000064], [121.77776698500008, 18.228341809000028], [121.77635066800008, 18.231219977000023], [121.77134790100001, 18.23058518700003], [121.77071908200003, 18.232606404000023], [121.76797784400003, 18.233050638000066], [121.76668305700002, 18.235196792000067], [121.76246169600006, 18.23500168700002], [121.76208922300009, 18.236562527000046], [121.765139954, 18.239347206000048], [121.76290511600007, 18.244295776000058], [121.75613117000012, 18.244182210000076], [121.748405681, 18.247283202000062], [121.74524253600009, 18.246025769000028], [121.74565311300012, 18.24168925500004], [121.74103121700011, 18.24673621200003], [121.74125531900006, 18.250765113000057], [121.72432669900002, 18.252085829000066], [121.72401657800003, 18.250400625000054], [121.71255183500011, 18.25009198600003], [121.70618399800003, 18.239241907000064], [121.70140773600008, 18.238305082000068], [121.70029147800005, 18.234501739000052], [121.67809261000002, 18.235851600000046], [121.61873160500011, 18.24467975600004], [121.62068439300003, 18.219302219000042], [121.61724331300002, 18.20942881900004], [121.5990901240001, 18.185120373000075], [121.60021406900012, 18.178548747000036], [121.59401383500006, 18.149706476000063], [121.59011574500005, 18.138431163000064], [121.55182769200007, 18.12890900700006], [121.55209463800009, 18.12244338200003], [121.54765794600007, 18.10662861700007]]]}, "properties": {"name": "Lal-lo", "level": "municipality", "psgc": null, "parent_name": "Cagayan", "province": "Cagayan", "district": null}}, {"type": "Feature", "geometry": {"type": "Polygon", "coordinates": [[[121.41650268500007, 17.74934727300007], [121.42473361800012, 17.759009814000024], [121.438108768, 17.770566546000055], [121.44542191200003, 17.77028789700006], [121.44834503100003, 17.795230467000067], [121.44650425600003, 17.798640224000053], [121.4481859650001, 17.800388197000075], [121.44756404800012, 17.80472842100005], [121.456, 17.809653370000035], [121.45928813500007, 17.81808613800007], [121.45827920600004, 17.81854015600004], [121.46238680700003, 17.822827584000038], [121.46145193600012, 17.83435041300004], [121.46332167800006, 17.83558966000004], [121.46853620000002, 17.831786759000067], [121.47409543700007, 17.837170902000025], [121.43614949500011, 17.851209133000054], [121.41982515600012, 17.868672149000076], [121.41262734800011, 17.879523004000077], [121.44293873400011, 17.921645453000053], [121.45933435400002, 17.95095467300007], [121.457328404, 17.95396359800003], [121.46734427600006, 17.97602138800005], [121.47223753600008, 17.997621197000058], [121.44908399500002, 18.003593075000026], [121.427838, 18.035335404000023], [121.36446941600002, 18.061619119000056], [121.34689143800006, 18.03861084700003], [121.34356314900003, 18.031746456000064], [121.34828189900009, 18.02974415400007], [121.34908344500002, 18.024898303000043], [121.34759250900004, 18.022759493000024], [121.34399115500003, 18.022781058000078], [121.34422767400008, 18.01669662300003], [121.34074094300001, 18.015952612000035], [121.33969858900002, 18.01326315800003], [121.33671511700004, 18.013687573000027], [121.3385484580001, 18.007974079000064], [121.33095626000011, 17.99977583200007], [121.33333782800003, 17.997669693000034], [121.33311889000004, 17.995296069000062], [121.33107069400012, 17.993711361000067], [121.33161727200002, 17.99098106200006], [121.330216285, 17.992489746000047], [121.32768990700004, 17.991035031000024], [121.32439761700005, 17.992105093000077], [121.3233409290001, 17.991337860000044], [121.32415807200005, 17.989211873000045], [121.32158608700001, 17.988680685000077], [121.32050303300002, 17.984501248000072], [121.32662977400003, 17.975108411000065], [121.32310746200005, 17.976986132000036], [121.322066532, 17.975466766000068], [121.32412051300003, 17.97344461600005], [121.32030734500006, 17.973391652000032], [121.31859298000006, 17.975259680000022], [121.3175669530001, 17.974368196000057], [121.31824474100006, 17.970964412000058], [121.31511820900005, 17.97078315600004], [121.35745211900007, 17.92236854300006], [121.35706746300002, 17.91319670400003], [121.35283696500005, 17.903187702000025], [121.34696177600006, 17.87941514000005], [121.33985049000012, 17.87173246800006], [121.32413865500007, 17.84713067200005], [121.32072423000011, 17.826204914000073], [121.31841334900002, 17.828700953000066], [121.31589038800007, 17.827735174000054], [121.31874795100009, 17.825088898000047], [121.31739943200012, 17.820880587000033], [121.319817467, 17.818392801000073], [121.3194454610001, 17.815230756000062], [121.30730878600002, 17.816579275000038], [121.30648750600005, 17.814161650000074], [121.31058088100008, 17.812933754000028], [121.31134171100007, 17.809270224000045], [121.31346801000007, 17.807667348000052], [121.32536518200004, 17.803086445000076], [121.35867264400008, 17.804646966000064], [121.37339240200004, 17.800851305000037], [121.38829731500005, 17.793630291000056], [121.41411788300002, 17.76319366200005], [121.41650268500007, 17.74934727300007]]]}, "properties": {"name": "Rizal", "level": "municipality", "psgc": null, "parent_name": "Cagayan", "province": "Cagayan", "district": null}}, {"type": "Feature", "geometry": {"type": "Polygon", "coordinates": [[[121.2414553960001, 18.43175379300004], [121.24686851900003, 18.446674891000043], [121.25920569700008, 18.468598532000044], [121.26944492300004, 18.49606587100004], [121.27030707200004, 18.51375184500006], [121.27258816100004, 18.524449212000036], [121.28038827700004, 18.533962359000043], [121.2831110410001, 18.541437398000028], [121.2028885410001, 18.60505316600006], [121.19092496200005, 18.611144859000035], [121.1551482220001, 18.623835056000075], [121.15504917500004, 18.621691406000025], [121.14763248200006, 18.616869407000024], [121.14946943400003, 18.61500949300006], [121.1537150150001, 18.617946758000073], [121.15706982300003, 18.617787883000062], [121.15895269900011, 18.615675388000057], [121.15902158400002, 18.609383827000045], [121.160406738, 18.608872661000078], [121.15764387000002, 18.605181800000025], [121.1588149270001, 18.602587105000055], [121.15596765100008, 18.599969448000024], [121.1567713180001, 18.59765029600004], [121.16005487000007, 18.596088887000064], [121.15957480400004, 18.59340712000005], [121.15733180600012, 18.59351113200006], [121.15827778000005, 18.590538295000044], [121.15600338400009, 18.54377499800006], [121.16923104300008, 18.539120576000073], [121.16786370000011, 18.521977657000036], [121.22208115400008, 18.500580942000056], [121.22086083900001, 18.48304399400007], [121.22579675000009, 18.472817545000055], [121.22770208700001, 18.441720402000044], [121.22654139600002, 18.436471329000028], [121.2414553960001, 18.43175379300004]]]}, "properties": {"name": "Sanchez-Mira", "level": "municipality", "psgc": null, "parent_name": "Cagayan", "province": "Cagayan", "district": null}}, {"type": "Feature", "geometry": {"type": "Polygon", "coordinates": [[[120.95867309800008, 18.463202412000044], [121.002873797, 18.46610564300005], [121.0234730630001, 18.498688611000034], [121.0388081100001, 18.505030128000044], [121.04146122300006, 18.518527332000076], [121.0330102690001, 18.52353210900003], [121.02002362100006, 18.538378393000073], [121.01683347100004, 18.54010426800005], [121.01679215600007, 18.547839647000046], [121.01709963000008, 18.554633925000076], [121.02199356800008, 18.558284198000024], [121.03329686900008, 18.594356041000026], [121.04336665500011, 18.61299876100003], [121.03592343300011, 18.61656126200006], [121.03707199400003, 18.619278697000027], [121.03619030800007, 18.620363748000045], [121.03237934800006, 18.619540829000073], [121.03104039900006, 18.617206684000053], [121.02772185800006, 18.615791173000048], [121.02915557200004, 18.611546178000026], [121.02439898800003, 18.605792690000044], [121.01830512600009, 18.60441047200004], [121.01249962100007, 18.599713355000063], [121.00760145800007, 18.59934246200004], [121.00516599000002, 18.595782115000077], [121.001405051, 18.594708256000047], [120.99865501900001, 18.596315152000045], [120.99869046100002, 18.597945525000057], [120.99635579900007, 18.595741822000036], [120.9943939100001, 18.59671217600004], [120.9945993550001, 18.59813779800004], [120.99126428400007, 18.597192823000057], [120.98984238300011, 18.599394937000056], [120.98667477700008, 18.59500504400006], [120.98323389600012, 18.593404301000078], [120.97888220400012, 18.58529097400003], [120.97476321700003, 18.583673915000077], [120.97143995200008, 18.579972885000075], [120.97413311000003, 18.576991173000067], [120.97645367700011, 18.568958937000048], [120.96914518200003, 18.510116371000038], [120.95867309800008, 18.463202412000044]]]}, "properties": {"name": "Santa Praxedes", "level": "municipality", "psgc": null, "parent_name": "Cagayan", "province": "Cagayan", "district": null}}, {"type": "Feature", "geometry": {"type": "Polygon", "coordinates": [[[121.43655489200012, 17.69322616000005], [121.4393278340001, 17.69023258900006], [121.43675604700002, 17.671347725000032], [121.44186998900011, 17.664542089000065], [121.44633298200006, 17.663998089000074], [121.44961295600001, 17.661005241000055], [121.45216195600005, 17.661194212000055], [121.457623968, 17.66307906000003], [121.45757936200005, 17.669447244000025], [121.46370834100003, 17.669227143000057], [121.46647706300007, 17.672358059000032], [121.47269773300002, 17.672020574000044], [121.47706405600002, 17.66879736800007], [121.47587026100007, 17.663122695000027], [121.47338809900009, 17.662269612000046], [121.4740407590001, 17.66097971000005], [121.47227292500008, 17.659905649000052], [121.48512366300008, 17.647321689000023], [121.47618784800011, 17.64545142000003], [121.484090594, 17.638499731000024], [121.48884152300002, 17.62598446100003], [121.48758995800006, 17.624506232000044], [121.48723603600001, 17.610048520000078], [121.49190766200002, 17.609354548000056], [121.49661415900005, 17.59104271800004], [121.51407593600004, 17.590183152000066], [121.52581727300003, 17.583678302000067], [121.53392325200002, 17.584324932000072], [121.54672301300002, 17.580621351000048], [121.54702791700004, 17.594138740000062], [121.55210964200012, 17.610501895000027], [121.56812440700003, 17.63433787300005], [121.57357615600006, 17.67256285600007], [121.57183909000003, 17.687091047000024], [121.57195494100006, 17.70455389600005], [121.56846285000006, 17.704532150000034], [121.5645790100001, 17.70169973000003], [121.5401962200001, 17.709198770000057], [121.5205357100001, 17.72021544000006], [121.51281762400004, 17.72930655600004], [121.51111018000006, 17.733837710000046], [121.50204530100007, 17.736555828000064], [121.49720978000005, 17.735632516000067], [121.49579943100002, 17.738326956000037], [121.48976731900007, 17.742198468000026], [121.488149711, 17.75481219900007], [121.47038253800008, 17.760134739000023], [121.46627039900011, 17.766500332000078], [121.45923963700011, 17.76507835600006], [121.45281233100002, 17.768483798000034], [121.44542191200003, 17.77028789700006], [121.438108768, 17.770566546000055], [121.42473361800012, 17.759009814000024], [121.41650268500007, 17.74934727300007], [121.424688607, 17.74036174200006], [121.42891472400004, 17.72700616700007], [121.4285264450001, 17.72361555300006], [121.4304143820001, 17.721234441000036], [121.42909260600004, 17.719236984000077], [121.43068890600011, 17.714933555000073], [121.42887822400007, 17.71148485200007], [121.431374903, 17.71019681300004], [121.43052035100004, 17.704280053000048], [121.43655489200012, 17.69322616000005]]]}, "properties": {"name": "Tuao", "level": "municipality", "psgc": null, "parent_name": "Cagayan", "province": "Cagayan", "district": null}}, {"type": "Feature", "geometry": {"type": "Polygon", "coordinates": [[[121.75615584500008, 17.352635973000076], [121.7547347310001, 17.349089440000057], [121.75078333400006, 17.347099925000066], [121.75185196100006, 17.341474997000034], [121.75403000100005, 17.338848537000047], [121.75069888100006, 17.33552809300005], [121.74442135100003, 17.337330449000035], [121.71532282900012, 17.331909499000062], [121.6856401010001, 17.332402839000054], [121.6769385340001, 17.332935588000055], [121.6714334610001, 17.33524416700004], [121.66504047300009, 17.33453383500006], [121.66628355400007, 17.32689776600006], [121.67729370000006, 17.30026031500006], [121.68262119000008, 17.281614099000024], [121.68475218600008, 17.276286609000067], [121.68830384600005, 17.272379783000076], [121.68794868000009, 17.268295374000047], [121.69700541400005, 17.237751097000057], [121.69593991500005, 17.23118052600006], [121.69931399300003, 17.203122411000038], [121.70180015500011, 17.196196674000078], [121.7202447950001, 17.19848143300004], [121.74787331200002, 17.19733721700004], [121.75904303900006, 17.198904150000033], [121.76802825400011, 17.192303872000025], [121.76709694300007, 17.198141604000057], [121.77314668000008, 17.19737686800005], [121.77085338900008, 17.20029631600005], [121.76634303100002, 17.20066534500006], [121.76916200500011, 17.205001440000046], [121.774051643, 17.204335137000044], [121.77885927500006, 17.198194899000043], [121.78295960100002, 17.201218889000074], [121.78421020000008, 17.198738192000064], [121.78811351800005, 17.19800108800007], [121.79254224800002, 17.20222311300006], [121.79152295900008, 17.205111099000078], [121.7864508450001, 17.209812706000037], [121.79075046500009, 17.212369237000075], [121.79345126100009, 17.22204387000005], [121.79667696800004, 17.224222244000032], [121.7973742040001, 17.22643015700004], [121.80062797000005, 17.226313951000066], [121.80690309200008, 17.22991633500004], [121.81224172300006, 17.236862726000027], [121.8065007780001, 17.26371288000007], [121.80180618400004, 17.26642283500007], [121.79502110200008, 17.277432668000074], [121.79209548000006, 17.285388804000036], [121.79101974900004, 17.291292292000037], [121.79164599100011, 17.305492797000056], [121.78726543500011, 17.32252588700004], [121.77810255000009, 17.33485745300004], [121.76650606100009, 17.338941479000027], [121.76093856600005, 17.342794499000036], [121.75615584500008, 17.352635973000076]]]}, "properties": {"name": "Delfin Albano", "level": "municipality", "psgc": null, "parent_name": "Isabela", "province": "Isabela", "district": null}}, {"type": "Feature", "geometry": {"type": "MultiPolygon", "coordinates": [[[[122.4220060780001, 17.274336883000046], [122.42098720500007, 17.274312893000058], [122.41961304200004, 17.272920243000044], [122.42203443800008, 17.27303351300003], [122.4220060780001, 17.274336883000046]]], [[[122.38474196400011, 17.316295473000025], [122.38321884100003, 17.31463051000003], [122.38478992400007, 17.314589166000076], [122.38474196400011, 17.316295473000025]]], [[[122.39193923700009, 17.35054505000005], [122.38867395800003, 17.349337621000075], [122.39078499900006, 17.345245998000053], [122.39021435300003, 17.343678321000027], [122.39227946000005, 17.34359081200006], [122.39448011800005, 17.345758029000024], [122.39193923700009, 17.35054505000005]]], [[[122.36730601900001, 17.362888268000063], [122.36491618100001, 17.36184748000005], [122.36283298600006, 17.35593947900003], [122.36810713900002, 17.35744642900005], [122.36917839000012, 17.361566958000026], [122.36730601900001, 17.362888268000063]]], [[[122.41875523500005, 17.13781373100005], [122.41068501200004, 17.15658919400005], [122.41323172900002, 17.16055289600007], [122.41121484100006, 17.163626691000047], [122.41287068300005, 17.16723838000007], [122.41140535600005, 17.16802291700003], [122.41098092300001, 17.171897079000075], [122.41194564400007, 17.173883026000055], [122.41459287100008, 17.174374364000073], [122.41494791700006, 17.182284477000053], [122.41779487100007, 17.183857943000078], [122.42011281500004, 17.191682057000037], [122.42299790400011, 17.18953848700005], [122.42722312700005, 17.192342825000026], [122.4262129120001, 17.199454124000056], [122.42197438700009, 17.209858170000075], [122.4262807670001, 17.21227686000003], [122.42840193000006, 17.210596061000047], [122.43093486200007, 17.21353645000005], [122.42522057000008, 17.22030944000005], [122.42193801300004, 17.21941547600005], [122.41906920500003, 17.221801652000067], [122.4187881690001, 17.22421902700006], [122.42117991400005, 17.22909435200006], [122.42006892900008, 17.23233166600005], [122.42248779400006, 17.236411558000043], [122.41924702800009, 17.241922067000075], [122.41919126200003, 17.24969335800006], [122.42235368700005, 17.25444002100005], [122.42161415900011, 17.256407081000077], [122.42551899400007, 17.256465998000067], [122.42129367700011, 17.256826683000043], [122.42060672100001, 17.25820490500007], [122.42171417700001, 17.259987414000022], [122.41996246500003, 17.265644785000063], [122.42203884800006, 17.270044394000024], [122.42096154300009, 17.270565371000032], [122.41817747400012, 17.27462299900003], [122.41610896100008, 17.27257603700002], [122.41340710700001, 17.27320540100004], [122.41250192900009, 17.275081423000074], [122.41584749700007, 17.275144709000074], [122.4165150130001, 17.276767509000024], [122.41505992100008, 17.27871084700007], [122.41718970000011, 17.280330131000028], [122.42386299300006, 17.279312840000046], [122.42371587100001, 17.285168845000044], [122.42840833100001, 17.28202768400007], [122.42925957600005, 17.277284252000072], [122.42754409800011, 17.272795416000065], [122.43381519000002, 17.257306766000056], [122.43802275400003, 17.250724774000048], [122.44046220100006, 17.24132663100005], [122.44319182800007, 17.24450390900006], [122.44371774100011, 17.263309648000075], [122.43961195800011, 17.274035387000026], [122.4403231870001, 17.280767480000065], [122.4387561530001, 17.29004248600006], [122.43399290500008, 17.294151244000034], [122.43394496600001, 17.296210348000045], [122.42162859500002, 17.303658306000045], [122.42158095700006, 17.30699828400003], [122.40993158600008, 17.33068877200003], [122.39781085100003, 17.34048582300005], [122.39329639000005, 17.340982765000035], [122.3931680280001, 17.329244112000026], [122.39685599600011, 17.32654436100006], [122.39830182900005, 17.32214822800006], [122.40224890900004, 17.318459306000022], [122.40340994300004, 17.30485296200004], [122.40559344300004, 17.30249099200006], [122.41069855900002, 17.300689715000033], [122.4123140050001, 17.298254064000048], [122.40950549400009, 17.29623805600005], [122.40317977600012, 17.296215664000044], [122.39952495600005, 17.28969369600003], [122.39850629300008, 17.291152487000033], [122.40076242400005, 17.294393111000034], [122.39886150200005, 17.295624791000023], [122.39923497300003, 17.298023183000055], [122.39616576800006, 17.29984280800005], [122.39337022500001, 17.299062039000034], [122.39020185700008, 17.301536782000028], [122.3922492150001, 17.30419560000007], [122.3952113150001, 17.303392076000023], [122.39740462800012, 17.305837146000044], [122.39578104500004, 17.30800625100005], [122.39764978800008, 17.311820656000066], [122.38902179500008, 17.30856377300006], [122.38619378900012, 17.30988366300005], [122.38350191000006, 17.313818350000076], [122.38118559600002, 17.31328258700006], [122.37691518600002, 17.315066737000052], [122.37557133700011, 17.319520213000033], [122.3733204670001, 17.32076584400005], [122.37335532400004, 17.323262089000025], [122.37768260200005, 17.323981348000075], [122.3780855550001, 17.322158708000075], [122.3808878640001, 17.32170596800006], [122.38177866500007, 17.323699512000076], [122.38379796400011, 17.320553803000053], [122.38780201700001, 17.31998681600004], [122.39419874100008, 17.323083325000027], [122.38900307200004, 17.332186082000078], [122.38300310300008, 17.338885738000045], [122.383039832, 17.340778303000036], [122.37883747600006, 17.34439758700006], [122.37872741800004, 17.347248810000053], [122.37531768800011, 17.348753137000074], [122.3734178090001, 17.352744434000044], [122.36211613600005, 17.354040230000066], [122.35868144300002, 17.35182524000004], [122.35667196200006, 17.345519258000024], [122.35737360100006, 17.34128486000003], [122.35528450900006, 17.338303154000073], [122.35334885800012, 17.339032211000074], [122.35427666900011, 17.334056323000027], [122.35118597000007, 17.335305172000062], [122.34995982500004, 17.33406781900004], [122.34704595300002, 17.337922053000057], [122.34551074300009, 17.336954029000026], [122.34495580300006, 17.339974873000074], [122.34270388800007, 17.340656807000073], [122.34073171600005, 17.341056193000043], [122.34006485800012, 17.338946185000054], [122.33842113100002, 17.338832516000025], [122.3229724040001, 17.342467595000073], [122.31883264100009, 17.340204933000052], [122.31465929600006, 17.33347274700003], [122.311035306, 17.332452567000075], [122.30632573200012, 17.33552951100006], [122.30753977900008, 17.33862773100003], [122.30578238400005, 17.338335908000033], [122.30668599600006, 17.34043598100004], [122.30378257100006, 17.33722659500006], [122.2983833080001, 17.33701391200003], [122.29511854000009, 17.333668302000035], [122.28750753300005, 17.338946431000068], [122.28671048800004, 17.343105539000078], [122.29036018400006, 17.348707424000054], [122.28786312400007, 17.34883973700005], [122.28573236200009, 17.351358708000078], [122.28683568600002, 17.356449936000047], [122.28493331700008, 17.363766803000033], [122.28347326300002, 17.36156829500004], [122.27720782500012, 17.36341993700006], [122.27463227800001, 17.36046413100007], [122.27085775400008, 17.362494066000068], [122.27068650700005, 17.360875626000052], [122.26763919300004, 17.359597498000028], [122.26652381500003, 17.35399718700006], [122.25540820900005, 17.357820231000062], [122.24941428000011, 17.353604807000067], [122.23744078400011, 17.351041166000073], [122.21488075900004, 17.33704312900005], [122.178914157, 17.293736403000025], [122.18731898500005, 17.286879672000055], [122.18906922100007, 17.262376372000062], [122.19250292200002, 17.248568989000034], [122.20044575300005, 17.22824677500006], [122.20516050000003, 17.20860725400007], [122.22175139600006, 17.184664043000055], [122.25287945200012, 17.171646856000052], [122.26193488600006, 17.147310376000064], [122.30211837600007, 17.141084765000073], [122.31866384900002, 17.128059870000072], [122.37575287800007, 17.102880180000056], [122.38635078200002, 17.114113958000075], [122.39314556800002, 17.12570401000005], [122.39768974700007, 17.123103034000053], [122.40688113600004, 17.123923473000048], [122.412222745, 17.13562414200004], [122.41875523500005, 17.13781373100005]]]]}, "properties": {"name": "Divilacan", "level": "municipality", "psgc": null, "parent_name": "Isabela", "province": "Isabela", "district": null}}, {"type": "Feature", "geometry": {"type": "Polygon", "coordinates": [[[122.09197026000004, 17.35533295500005], [122.093672179, 17.31345462400003], [122.09696629400003, 17.299230038000076], [122.10135925000009, 17.262351168000066], [122.13204115700012, 17.27053501000006], [122.178914157, 17.293736403000025], [122.21488075900004, 17.33704312900005], [122.23744078400011, 17.351041166000073], [122.24941428000011, 17.353604807000067], [122.25540820900005, 17.357820231000062], [122.25581504100012, 17.363361566000037], [122.2514152550001, 17.361670368000034], [122.24831009700006, 17.362746404000063], [122.24532118800005, 17.367147801000044], [122.2443095000001, 17.37172457300005], [122.24484591800001, 17.374124993000066], [122.248008808, 17.37562914800003], [122.24884401000008, 17.38270496800004], [122.25295237700004, 17.38516837000003], [122.25434136900003, 17.387951014000066], [122.2499643330001, 17.390388934000043], [122.24797572900002, 17.387545399000032], [122.24681961600004, 17.391219982000052], [122.24671044700005, 17.388038347000077], [122.24278793000008, 17.388572366000062], [122.23575924800002, 17.399034633000042], [122.23652217300003, 17.404248083000027], [122.244656856, 17.409369666000032], [122.24853529300003, 17.408025182000074], [122.24957288900009, 17.412290834000032], [122.24584812500007, 17.416296012000032], [122.2397164350001, 17.41711746200002], [122.23200661700002, 17.42496323000006], [122.21581967300006, 17.45346255900006], [122.20426213700011, 17.47843029200004], [122.19277097500003, 17.508252731000027], [122.19157693200009, 17.51878501400006], [122.19298747700009, 17.520714979000047], [122.19558069200002, 17.521068720000073], [122.19495467700006, 17.525917164000077], [122.19227044100012, 17.52804676900007], [122.1879442930001, 17.52805655000003], [122.18760788000009, 17.533704576000048], [122.19037555900002, 17.535468598000023], [122.18603285600011, 17.53663741300005], [122.18449621200011, 17.539495302000034], [122.18491865700003, 17.542139650000024], [122.19047179000006, 17.546488923000027], [122.19005414900005, 17.550592558000062], [122.18608268100002, 17.552096764000055], [122.18663808100007, 17.553678449000074], [122.18498370900011, 17.554722843000036], [122.18760582900006, 17.56068132200005], [122.18405957200002, 17.56190612300003], [122.18506538600002, 17.563556255000037], [122.18377556900009, 17.565036538000072], [122.18081109200011, 17.563488820000032], [122.17969706200006, 17.56425829500006], [122.18085863600004, 17.567682885000067], [122.17838848800011, 17.570177216000047], [122.18014756900004, 17.57255766000003], [122.17782358000011, 17.573772054000074], [122.18110412600004, 17.58032098600006], [122.17667075800011, 17.57943358800003], [122.17296890000011, 17.58454244400002], [122.15038542400009, 17.58536370400003], [122.14173072000006, 17.58103635200007], [122.13330466600007, 17.579526023000028], [122.11294895700007, 17.578423074000057], [122.04625641700011, 17.57031679800002], [122.0510464890001, 17.562578990000077], [122.05362575900006, 17.54194483300006], [122.05841583100005, 17.52131067700003], [122.06689057300002, 17.512835935000055], [122.07315451300008, 17.48004236500003], [122.07978692100005, 17.471936090000042], [122.08347159100003, 17.459776676000047], [122.09036114800006, 17.421534218000033], [122.08659864000003, 17.413430353000024], [122.08573036900009, 17.394617811000046], [122.09197026000004, 17.35533295500005]]]}, "properties": {"name": "Maconacon", "level": "municipality", "psgc": null, "parent_name": "Isabela", "province": "Isabela", "district": null}}, {"type": "Feature", "geometry": {"type": "Polygon", "coordinates": [[[122.09036114800006, 17.421534218000033], [122.08347159100003, 17.459776676000047], [122.07978692100005, 17.471936090000042], [122.07315451300008, 17.48004236500003], [122.06689057300002, 17.512835935000055], [122.05841583100005, 17.52131067700003], [122.05362575900006, 17.54194483300006], [122.0510464890001, 17.562578990000077], [122.04625641700011, 17.57031679800002], [121.89488360000007, 17.530313728000067], [121.84870563100003, 17.52951411300006], [121.82031676800011, 17.53140441100004], [121.78851574600003, 17.52549255400004], [121.79013633400007, 17.51921268500007], [121.79271832300003, 17.50915504900007], [121.79239923700004, 17.501081043000056], [121.78517297300004, 17.47489469800007], [121.78062928000008, 17.46556544400005], [121.77532261400006, 17.459498877000044], [121.76968776800004, 17.45652082600003], [121.77006095900003, 17.436897198000054], [121.77736998600005, 17.44105889700006], [121.77964315400004, 17.440422325000043], [121.78082465400007, 17.438980678000064], [121.7801699040001, 17.430826486000058], [121.7826338860001, 17.428841587000022], [121.78651789700007, 17.430546457000048], [121.79021627000009, 17.425005578000025], [121.7935573740001, 17.423786247000066], [121.7991938890001, 17.42553410900007], [121.80073808300006, 17.431145969000056], [121.80705528200008, 17.436918212000023], [121.815269854, 17.436044809000066], [121.81796780800005, 17.429871595000066], [121.82210283900008, 17.424826857000028], [121.83449282200002, 17.41504067300002], [121.83769136300009, 17.408536973000025], [121.85694630000012, 17.395504003000042], [121.86635849100003, 17.392434810000054], [121.8688263460001, 17.389676682000072], [121.88802872000008, 17.408923135000066], [121.9092074880001, 17.418261805000043], [121.91371006000008, 17.412758660000065], [121.98615278600005, 17.399697890000027], [122.09036114800006, 17.421534218000033]]]}, "properties": {"name": "San Pablo", "level": "municipality", "psgc": null, "parent_name": "Isabela", "province": "Isabela", "district": null}}, {"type": "Feature", "geometry": {"type": "Polygon", "coordinates": [[[121.66158604100008, 17.371796087000064], [121.66162299700011, 17.35129273800004], [121.66403494000008, 17.34427617700004], [121.66504047300009, 17.33453383500006], [121.6714334610001, 17.33524416700004], [121.6769385340001, 17.332935588000055], [121.6856401010001, 17.332402839000054], [121.71532282900012, 17.331909499000062], [121.74442135100003, 17.337330449000035], [121.75069888100006, 17.33552809300005], [121.75403000100005, 17.338848537000047], [121.75185196100006, 17.341474997000034], [121.75078333400006, 17.347099925000066], [121.7547347310001, 17.349089440000057], [121.75615584500008, 17.352635973000076], [121.75486927600002, 17.35807434000003], [121.75564583800008, 17.36151909800003], [121.76373691700007, 17.37131843700007], [121.77113778000012, 17.37419064900007], [121.78432859800012, 17.37800250400005], [121.79400026600001, 17.378914560000055], [121.8016890560001, 17.381843133000075], [121.80490530400004, 17.38472988600006], [121.805514635, 17.388419003000024], [121.80283317400006, 17.395250756000053], [121.79338057300004, 17.409815945000048], [121.77155415100003, 17.419232753000074], [121.76658791000011, 17.41437501100006], [121.75447726200002, 17.412661025000034], [121.75523343100008, 17.409541827000055], [121.75360047700008, 17.406426230000022], [121.75556839, 17.402403372000038], [121.75419226000008, 17.39741635100006], [121.74010867600009, 17.395476014000053], [121.73544039800004, 17.393015645000048], [121.69214246800004, 17.38091174500005], [121.68325098900004, 17.377196224000045], [121.67786026200008, 17.37811973500004], [121.67476757300005, 17.375778742000023], [121.66158604100008, 17.371796087000064]]]}, "properties": {"name": "Santo Tomas", "level": "municipality", "psgc": null, "parent_name": "Isabela", "province": "Isabela", "district": null}}, {"type": "Feature", "geometry": {"type": "MultiPolygon", "coordinates": [[[[122.46666630600009, 16.921348420000072], [122.46719337600007, 16.919507272000033], [122.47057453700006, 16.919156091000048], [122.46666630600009, 16.921348420000072]]], [[[122.46784134900008, 16.924214208000024], [122.46723303400006, 16.92315482500004], [122.46892135600001, 16.923167942000077], [122.46784134900008, 16.924214208000024]]], [[[122.50678688000005, 17.03521444300003], [122.5062325130001, 17.03373682000006], [122.50766219400009, 17.033829670000046], [122.5089430910001, 17.031454574000065], [122.50840598200011, 17.033923446000074], [122.50678688000005, 17.03521444300003]]], [[[122.516876324, 17.045985189000078], [122.51546423600007, 17.044266572000026], [122.51747192000005, 17.044410423000045], [122.516876324, 17.045985189000078]]], [[[122.45900634200007, 16.89463875900003], [122.45729065500007, 16.902141442000072], [122.45874757900003, 16.905527283000026], [122.46083173600005, 16.906366710000043], [122.4592294900001, 16.908349025000064], [122.45992111600003, 16.91456660700004], [122.46454053900004, 16.92328207500003], [122.4714109140001, 16.92824538900004], [122.4731981220001, 16.937700022000058], [122.47202943800005, 16.94184083600004], [122.47280193300003, 16.945519914000045], [122.47632110300003, 16.950364544000024], [122.4739825040001, 16.952257490000022], [122.47238553400007, 16.957689955000035], [122.46802441200009, 16.957535010000072], [122.46573995100005, 16.96118777600003], [122.46486454900003, 16.965868975000035], [122.46678233000011, 16.97707723800005], [122.47198651400004, 16.981341144000055], [122.4734358500001, 16.990810484000065], [122.47897602600005, 17.000158957000053], [122.48078538300001, 17.006307846000027], [122.48366196900008, 17.006409704000077], [122.48400144700008, 17.015009271000054], [122.48769889400012, 17.01822177300005], [122.48743131100002, 17.019979336000063], [122.49439290300006, 17.021923423000032], [122.4978872590001, 17.018419548000054], [122.50091998500011, 17.019436386000052], [122.50191878100009, 17.028571858000078], [122.49854749200006, 17.033800014000064], [122.51054568900008, 17.03751657500004], [122.51171828000008, 17.04452631500004], [122.50696125200011, 17.054397507000033], [122.50956580600007, 17.055175615000053], [122.51225736900005, 17.058427782000024], [122.51109017700003, 17.058939878000047], [122.51174945700006, 17.061184324000067], [122.51435903000004, 17.064311645000032], [122.51428113500003, 17.067538824000053], [122.51735956800007, 17.07377211200003], [122.51664361200005, 17.082792578000067], [122.52059792000011, 17.086805424000033], [122.52011053400008, 17.090993652000066], [122.52574040600007, 17.09761111200004], [122.52852482800006, 17.098073122000073], [122.52147575900005, 17.103456832000063], [122.519890701, 17.109078804000035], [122.52159922600003, 17.111833019000073], [122.51865481300001, 17.111472303000028], [122.51748748200009, 17.113692980000053], [122.51984259500011, 17.120254224000064], [122.51957120100008, 17.125374495000074], [122.514842756, 17.137131993000025], [122.50986301400008, 17.142289332000075], [122.50655677300006, 17.139195164000057], [122.50628710500007, 17.133230870000034], [122.49655367600008, 17.12953545700003], [122.48613058800004, 17.12136309300007], [122.48311859700004, 17.116598372000055], [122.47828151500005, 17.11633334000004], [122.47249443500004, 17.11954647700003], [122.46889830000009, 17.11645470800005], [122.46103094300008, 17.114944085000047], [122.4580203380001, 17.11455159600007], [122.45821374000002, 17.116841355000076], [122.44836162700005, 17.11520049300003], [122.44569927400005, 17.11045589500003], [122.44810514500011, 17.10284613300007], [122.44712671600007, 17.101911057000052], [122.4454139500001, 17.10264429600005], [122.4425384650001, 17.110672760000057], [122.44776724000008, 17.118985715000065], [122.44528650100006, 17.11812042400004], [122.44231337200006, 17.120435514000064], [122.44518532600011, 17.118620788000044], [122.44659978400011, 17.120346046000066], [122.462663786, 17.118822602000023], [122.46751121600005, 17.12090214600005], [122.47067871600007, 17.119779], [122.4715508910001, 17.122578774000033], [122.4595937140001, 17.11969717100004], [122.43805976400006, 17.122716182000033], [122.42578784200009, 17.130018949000032], [122.41875523500005, 17.13781373100005], [122.412222745, 17.13562414200004], [122.40688113600004, 17.123923473000048], [122.39768974700007, 17.123103034000053], [122.39314556800002, 17.12570401000005], [122.38635078200002, 17.114113958000075], [122.37575287800007, 17.102880180000056], [122.38100335500008, 17.099683795000033], [122.38100335500008, 17.092305216000057], [122.38627376800002, 17.07552773200007], [122.3850132340001, 17.068301228000053], [122.38773210800002, 17.059691461000057], [122.37730975800002, 17.049948829000073], [122.3745908840001, 17.04043277100004], [122.36734055400007, 17.027744693000045], [122.36643426300009, 17.01936149900007], [122.36401720700007, 17.017568469000025], [122.36280909800007, 17.013244033000035], [122.35782322000011, 17.009230409000054], [122.35782449600003, 17.006220275000032], [122.34898815600002, 17.00463426500005], [122.34698374300001, 17.002917307000075], [122.34717557300007, 16.998969945000056], [122.33936037500007, 16.995651284000076], [122.33675322400006, 16.99307905200004], [122.31938091600011, 16.99027587100005], [122.31701795300012, 16.988062138000032], [122.30588365800008, 16.988507510000034], [122.30262176200006, 16.990527969000027], [122.30156360300009, 16.987988388000076], [122.309751129, 16.975005074000023], [122.30875908200005, 16.973703245000024], [122.3108754000001, 16.969788058000063], [122.3129860470001, 16.96724796500007], [122.31507444300007, 16.966949622000072], [122.31449796900006, 16.961952950000068], [122.31615884200005, 16.95812016700006], [122.31999162400007, 16.954031866000037], [122.32280233200004, 16.955820498000037], [122.32906254300008, 16.954926182000065], [122.33315084500009, 16.952498753000043], [122.33455619800009, 16.94738837600005], [122.33442843900002, 16.943172315000027], [122.32909652700005, 16.93234192500006], [122.3270445280001, 16.924475221000023], [122.32457797500001, 16.924321062000047], [122.31848867300005, 16.916690164000045], [122.31979902900002, 16.914146532000075], [122.31910531100004, 16.912296617000038], [122.31386388700002, 16.913684053000054], [122.31078069600005, 16.90983006400006], [122.33454245300004, 16.898195376000047], [122.35928679500012, 16.899239185000056], [122.38329723200002, 16.89524054000003], [122.45199714800003, 16.893024414000024], [122.45900634200007, 16.89463875900003]]]]}, "properties": {"name": "Palanan", "level": "municipality", "psgc": null, "parent_name": "Isabela", "province": "Isabela", "district": null}}, {"type": "Feature", "geometry": {"type": "Polygon", "coordinates": [[[121.97403075300008, 16.78023006600006], [121.96805801200003, 16.75905324000007], [121.96683528500012, 16.755949395000073], [121.96312007600011, 16.75439747200005], [121.959918259, 16.741925731000038], [121.95974028300009, 16.729203163000022], [121.99319162200004, 16.721562250000034], [121.99858775000007, 16.71034241700005], [122.00767086500002, 16.711132253000073], [122.01827735000006, 16.70997044300003], [122.0250106960001, 16.707463345000065], [122.03399252100007, 16.706956329000036], [122.03498510400004, 16.70536819600005], [122.04352546000007, 16.704154748000065], [122.05096568300007, 16.700703059000034], [122.05612711200001, 16.700901575000046], [122.05950189300006, 16.69693124500003], [122.0629759310001, 16.68650912800007], [122.0656559040001, 16.68452396300006], [122.06942771800004, 16.68551654600003], [122.07200843300006, 16.684126930000048], [122.0710158500001, 16.67827069300006], [122.07597876300008, 16.668245609000053], [122.08252980800012, 16.664771571000074], [122.0835223900001, 16.660205691000044], [122.08788328000003, 16.656646340000066], [122.09480086000008, 16.645602003000022], [122.09876859600001, 16.644926643000076], [122.09973942500005, 16.636146972000063], [122.10294738200002, 16.635133933000077], [122.10429810100004, 16.631377247000046], [122.10729500800005, 16.628929069000037], [122.10924329200009, 16.620328160000042], [122.11356929200008, 16.617177123000033], [122.1175748490001, 16.61674986400004], [122.120352034, 16.618458901000054], [122.12099292300002, 16.625348458000076], [122.12638707200006, 16.625455272000067], [122.128790406, 16.629994903000068], [122.13354366600004, 16.630796014000055], [122.1384846090001, 16.644066704000068], [122.14247726600001, 16.64433893100005], [122.14873847700005, 16.653730747000054], [122.153230215, 16.65613541500005], [122.1536621790001, 16.65894286300005], [122.16028141700008, 16.661333076000062], [122.16194505300007, 16.66512215000006], [122.16733549600008, 16.669197851000035], [122.17368356200006, 16.66931054300005], [122.17759048300002, 16.672747654000034], [122.1790367000001, 16.680241683000077], [122.18198012900007, 16.680159899000046], [122.18770752700004, 16.686925760000065], [122.18988835900007, 16.691941674000077], [122.19032452600004, 16.707425581000052], [122.195340439, 16.710478745000046], [122.19825310300007, 16.72047677100005], [122.20456137700012, 16.72462695100006], [122.204720672, 16.732418824000035], [122.20787704800011, 16.742188558000066], [122.2139407840001, 16.74703792500003], [122.22633484900007, 16.74908522000004], [122.23057199900006, 16.77163159500003], [122.23447975600004, 16.77343517500003], [122.24239546700005, 16.78265347200005], [122.24179427400009, 16.791270575000055], [122.24710481500006, 16.799486884000032], [122.24600262700005, 16.80960697000006], [122.24660382000002, 16.81080935700004], [122.24960978700005, 16.80990756700004], [122.25381814000002, 16.81481731200006], [122.25301926100008, 16.82165696000004], [122.25664922600004, 16.825668909000058], [122.25630102500008, 16.83925915100002], [122.25958279000008, 16.842242574000068], [122.2601794740001, 16.84492765400006], [122.26526489100002, 16.847048522000023], [122.26435626500006, 16.853281236000043], [122.26554963400008, 16.861634818000027], [122.26941317400008, 16.866513543000053], [122.26973227300005, 16.884702170000025], [122.27260416100012, 16.908953671000063], [122.2751569510001, 16.91629294200004], [122.28249622100009, 16.919164830000057], [122.28919729400002, 16.91693113900004], [122.29334557700008, 16.90927277000003], [122.29940845200008, 16.909591869000053], [122.30898141300008, 16.906081783000047], [122.31078069600005, 16.90983006400006], [122.31386388700002, 16.913684053000054], [122.31910531100004, 16.912296617000038], [122.31979902900002, 16.914146532000075], [122.31848867300005, 16.916690164000045], [122.32457797500001, 16.924321062000047], [122.3270445280001, 16.924475221000023], [122.32909652700005, 16.93234192500006], [122.33442843900002, 16.943172315000027], [122.33455619800009, 16.94738837600005], [122.33315084500009, 16.952498753000043], [122.32906254300008, 16.954926182000065], [122.32280233200004, 16.955820498000037], [122.31999162400007, 16.954031866000037], [122.31615884200005, 16.95812016700006], [122.31449796900006, 16.961952950000068], [122.31507444300007, 16.966949622000072], [122.3129860470001, 16.96724796500007], [122.3108754000001, 16.969788058000063], [122.30875908200005, 16.973703245000024], [122.309751129, 16.975005074000023], [122.30156360300009, 16.987988388000076], [122.30262176200006, 16.990527969000027], [122.30588365800008, 16.988507510000034], [122.31701795300012, 16.988062138000032], [122.31938091600011, 16.99027587100005], [122.33675322400006, 16.99307905200004], [122.33936037500007, 16.995651284000076], [122.34717557300007, 16.998969945000056], [122.34698374300001, 17.002917307000075], [122.34898815600002, 17.00463426500005], [122.35782449600003, 17.006220275000032], [122.35782322000011, 17.009230409000054], [122.36280909800007, 17.013244033000035], [122.36401720700007, 17.017568469000025], [122.36643426300009, 17.01936149900007], [122.36734055400007, 17.027744693000045], [122.3745908840001, 17.04043277100004], [122.37730975800002, 17.049948829000073], [122.38773210800002, 17.059691461000057], [122.3850132340001, 17.068301228000053], [122.38627376800002, 17.07552773200007], [122.38100335500008, 17.092305216000057], [122.38100335500008, 17.099683795000033], [122.37575287800007, 17.102880180000056], [122.31866384900002, 17.128059870000072], [122.28167502300005, 17.114106459000027], [122.07884170700004, 17.056123601000024], [122.0367964730001, 17.041319524000073], [122.01927727100008, 17.030284006000045], [122.0048707090001, 17.01717945200005], [121.990537431, 17.015923778000058], [121.98580311, 17.01716020400005], [121.98220318900007, 17.013612398000078], [121.97944716800009, 17.01351897400002], [121.98143737900011, 16.987855059000026], [121.97396511800002, 16.98488130900006], [121.97246771800008, 16.978729748000035], [121.97397884000009, 16.97251090000003], [121.9835260320001, 16.968091705000063], [121.98564507000003, 16.962471648000076], [121.98606919400004, 16.955105926000044], [121.99316235700007, 16.949138852000033], [121.99524830500002, 16.904766863000077], [121.99660083600008, 16.89883996900005], [121.98939712000004, 16.88703677700005], [121.9941022160001, 16.86866585000007], [122.0039807500001, 16.86744703000005], [122.01942659500003, 16.84892099500007], [122.02184138900009, 16.841354375000037], [122.03257933000009, 16.83084767300005], [122.03510798700006, 16.82226668000004], [122.02737367000009, 16.812601796000024], [122.02548313700004, 16.804367339000066], [122.02722446300004, 16.80113344700004], [122.0078202310001, 16.788896501000067], [121.9987724, 16.78628955100004], [121.98427160200004, 16.77617637700007], [121.97403075300008, 16.78023006600006]]]}, "properties": {"name": "San Mariano", "level": "municipality", "psgc": null, "parent_name": "Isabela", "province": "Isabela", "district": null}}, {"type": "Feature", "geometry": {"type": "Polygon", "coordinates": [[[121.76896708900006, 16.85540361900007], [121.76465964600004, 16.85486742300003], [121.76432798600001, 16.85326191400003], [121.76115850300005, 16.85513633900007], [121.74156913800005, 16.85285642100007], [121.72408198800008, 16.856197692000023], [121.71405085200001, 16.855610888000058], [121.70397338400005, 16.85830112800005], [121.69127818200002, 16.86494881400006], [121.65851473200007, 16.872069343000078], [121.64864672200008, 16.877516485000058], [121.64271436900003, 16.870470415000057], [121.63859347400012, 16.868597281000064], [121.633098947, 16.85498584000004], [121.63084407600002, 16.85448610800006], [121.62772929500011, 16.850490318000027], [121.62648264200004, 16.845103410000036], [121.62263117700002, 16.843124932000023], [121.61519394200002, 16.834592643000065], [121.60929185900011, 16.832047540000076], [121.602381293, 16.82513697400003], [121.59742542700008, 16.82287405200003], [121.59773094200011, 16.81729841300006], [121.591557426, 16.806423108000047], [121.59446879600011, 16.798435502000075], [121.59103487300001, 16.795076229000074], [121.58355906800011, 16.792501911000045], [121.57729030300004, 16.77921277300004], [121.58059652000009, 16.77856593200005], [121.58630183500009, 16.777550716000064], [121.58919433200003, 16.77501293100005], [121.60150324000006, 16.779563059000054], [121.62593117800009, 16.779166804000056], [121.64414506800006, 16.772687431000065], [121.66036597300001, 16.77214619500006], [121.67431045700005, 16.76627633800007], [121.6729081420001, 16.761388684000053], [121.68395469100005, 16.755118477000053], [121.69188248400008, 16.741512664000027], [121.69521653900006, 16.744281603000047], [121.70604816200012, 16.759595599000022], [121.71208982200005, 16.771090361000063], [121.73610098900008, 16.792824237000048], [121.74741574300003, 16.816494182000042], [121.75466981900001, 16.825092647000076], [121.76010032800002, 16.83620835200003], [121.76930766200007, 16.849164252000037], [121.76896708900006, 16.85540361900007]]]}, "properties": {"name": "Alicia", "level": "municipality", "psgc": null, "parent_name": "Isabela", "province": "Isabela", "district": null}}, {"type": "Feature", "geometry": {"type": "Polygon", "coordinates": [[[121.69521653900006, 16.744281603000047], [121.69856104700011, 16.737547346000042], [121.70303031000003, 16.733824336000055], [121.70612166800004, 16.734212659000036], [121.71418410600006, 16.730126218000066], [121.71688387000006, 16.730200754000066], [121.72591835700007, 16.72074929100006], [121.72876989100007, 16.71379747900005], [121.74164762500004, 16.712630361000038], [121.78300232200002, 16.704935155000044], [121.78628334600012, 16.713030953000043], [121.78345759400008, 16.738725489000046], [121.79059462200007, 16.745643630000075], [121.84087931900001, 16.750247196000032], [121.84264659500002, 16.751474846000065], [121.84062299700008, 16.75357938800005], [121.84117611400006, 16.755063360000065], [121.84415914800002, 16.755656529000078], [121.84533559200008, 16.754326637000077], [121.85301572000003, 16.75884474000003], [121.85829780900008, 16.765785160000064], [121.86391582400006, 16.768405185000063], [121.86563842300006, 16.767376374000037], [121.8662727200001, 16.764157803000046], [121.86905820100003, 16.763092766000057], [121.88560723700004, 16.760307285000067], [121.893405142, 16.772906954000064], [121.91217489900009, 16.777633940000044], [121.91933607700003, 16.781349137000063], [121.92671262800002, 16.787379602000044], [121.93559312500008, 16.799190959000043], [121.93391877700003, 16.804117081000072], [121.92157472500003, 16.820001271000024], [121.92228656800012, 16.822703793000073], [121.91808688300011, 16.825096802000076], [121.92003193500011, 16.826465013000075], [121.91492617200004, 16.82892969900007], [121.91583195600003, 16.830369420000068], [121.91381539400004, 16.831070211000053], [121.91338157100006, 16.833501527000067], [121.91177976300003, 16.833139213000038], [121.91202289500006, 16.834679046000076], [121.90825673900008, 16.834416845000078], [121.90915298900006, 16.835770755000055], [121.90652349200002, 16.835889787000042], [121.89490075300012, 16.827452424000057], [121.88552840900002, 16.822766252000065], [121.87835667000002, 16.812886853000066], [121.87296201000004, 16.813888217000056], [121.86563863100002, 16.809428809000053], [121.86083369100004, 16.801998825000055], [121.84908743800008, 16.79815500600006], [121.81935385400004, 16.812580879000052], [121.81686379700011, 16.812641448000022], [121.8143131710001, 16.814976718000025], [121.81428625100011, 16.811571397000023], [121.81222017700009, 16.814768092000065], [121.808359332, 16.815977255000064], [121.80776282200009, 16.81860764700002], [121.81049383000004, 16.82133146700005], [121.80867055200008, 16.82487621000007], [121.81302033400004, 16.832028515000047], [121.81198385900007, 16.833944123000038], [121.80163807500003, 16.838469729000053], [121.7956045300001, 16.848025689000053], [121.7891429450001, 16.851479295000047], [121.7806760410001, 16.853484614000024], [121.77655399500009, 16.85259336100006], [121.77636953900003, 16.85743125700003], [121.76896708900006, 16.85540361900007], [121.76930766200007, 16.849164252000037], [121.76010032800002, 16.83620835200003], [121.75466981900001, 16.825092647000076], [121.74741574300003, 16.816494182000042], [121.73610098900008, 16.792824237000048], [121.71208982200005, 16.771090361000063], [121.70604816200012, 16.759595599000022], [121.69521653900006, 16.744281603000047]]]}, "properties": {"name": "Angadanan", "level": "municipality", "psgc": null, "parent_name": "Isabela", "province": "Isabela", "district": null}}, {"type": "Feature", "geometry": {"type": "Polygon", "coordinates": [[[121.34216163100007, 16.78877217200005], [121.33917264000002, 16.78847038300006], [121.33585133000008, 16.78478889400003], [121.33631990800006, 16.780500499000027], [121.34354099500001, 16.77754096800004], [121.34534007800005, 16.77518529200006], [121.34577175000004, 16.769469052000034], [121.34481509700004, 16.767646065000065], [121.3317466100001, 16.764860861000045], [121.32616836500006, 16.757541116000027], [121.3297295960001, 16.753671746000066], [121.33727988800001, 16.756214705000048], [121.33930603500005, 16.755221565000056], [121.33865075400001, 16.75348573900004], [121.33933283500005, 16.74758722100006], [121.34321809700009, 16.745868922000057], [121.34893702200009, 16.747466975000066], [121.35073532800004, 16.75482642000003], [121.35368989100004, 16.757178165000028], [121.3588821190001, 16.753681501000074], [121.36317579100012, 16.752735407000046], [121.36613663100002, 16.753821986000048], [121.37057490500001, 16.75200994000005], [121.38037066400011, 16.736556165000025], [121.38941715600004, 16.727348128000074], [121.37803094900005, 16.722181686000056], [121.39026450500012, 16.69443652700005], [121.3971688790001, 16.64987794800004], [121.39661213300008, 16.64523446800007], [121.4005889980001, 16.64163803100007], [121.40618698600008, 16.639204305000078], [121.43239537300008, 16.638312126000073], [121.44575299200005, 16.634300799000073], [121.46601437900006, 16.641396523000026], [121.4830679580001, 16.642962467000075], [121.48460389500008, 16.638999684000055], [121.4925712910001, 16.63711491300006], [121.49596941800007, 16.63793083400003], [121.50517583100009, 16.653799363000076], [121.51720640700012, 16.680631445000074], [121.51572696300002, 16.685570599000073], [121.51891348200002, 16.69141094300005], [121.51820419800003, 16.694316232000062], [121.51159977800012, 16.69446633800004], [121.50988878100009, 16.697846669000057], [121.50587226300001, 16.698662281000054], [121.49886503700009, 16.69829701200007], [121.49672394600009, 16.696373875000063], [121.48897482500001, 16.694016498000053], [121.48603478300004, 16.70281257000005], [121.48671971100009, 16.717529612000078], [121.4888422570001, 16.720548637000036], [121.48528345300008, 16.72965117800004], [121.4880133580001, 16.731682302000024], [121.4920878050001, 16.73157959100007], [121.48447718700004, 16.74646296900005], [121.48400129400011, 16.751878273000045], [121.47514402500008, 16.766920506000076], [121.46879897800011, 16.769168317000037], [121.45884202900004, 16.769326096000043], [121.46033899100007, 16.77349755800003], [121.4593906660001, 16.791109302000052], [121.45541015000003, 16.79494956700006], [121.45072501400011, 16.796355108000057], [121.45379756400007, 16.80740823700006], [121.44856250400005, 16.82532377700005], [121.43658470700007, 16.819591777000028], [121.42626060100008, 16.817211290000046], [121.41951945100004, 16.817469334000066], [121.40174811200006, 16.804870022000046], [121.39459622000004, 16.805247457000064], [121.38601317000007, 16.79667802700004], [121.37200766, 16.798355138000034], [121.37198409500002, 16.795425584000043], [121.37796438600003, 16.790435853000076], [121.3759180180001, 16.788450158000046], [121.36211575100003, 16.789348131000054], [121.35842237500003, 16.787017632000072], [121.35953801300002, 16.778848228000072], [121.35824240600004, 16.77601810400006], [121.35475491600005, 16.774420589000044], [121.35409018100006, 16.783638653000025], [121.34978934700007, 16.787188600000036], [121.34216163100007, 16.78877217200005]]]}, "properties": {"name": "Cordon", "level": "municipality", "psgc": null, "parent_name": "Isabela", "province": "Isabela", "district": null}}, {"type": "Feature", "geometry": {"type": "Polygon", "coordinates": [[[121.80732049100004, 17.792565283000044], [121.79329563700003, 17.77518596400006], [121.78507027500007, 17.729404729000066], [121.77996591100009, 17.683502481000062], [121.77376980500003, 17.66967534500003], [121.77413171300009, 17.66218841500006], [121.76712096900008, 17.65584271700004], [121.76133904500011, 17.646050960000025], [121.75992207000002, 17.646762479000074], [121.76006522300008, 17.63894685500003], [121.76322816000004, 17.63793592600007], [121.76959577700006, 17.629989140000077], [121.77458424000008, 17.62823503000004], [121.77614040600008, 17.621512178000046], [121.769013803, 17.61607894900004], [121.80615225100007, 17.580492872000036], [121.82160575700004, 17.551014561000045], [121.8234569330001, 17.542684270000052], [121.82031676800011, 17.53140441100004], [121.84870563100003, 17.52951411300006], [121.89488360000007, 17.530313728000067], [122.04625641700011, 17.57031679800002], [122.11294895700007, 17.578423074000057], [122.13330466600007, 17.579526023000028], [122.14173072000006, 17.58103635200007], [122.15038542400009, 17.58536370400003], [122.17296890000011, 17.58454244400002], [122.16542416200002, 17.60354451300003], [122.16232943000011, 17.61885975000007], [122.1666216210001, 17.634186296000053], [122.1642258920001, 17.641195967000044], [122.16599935700003, 17.645354903000054], [122.16291577400011, 17.65690096800006], [122.16731102800009, 17.669220375000066], [122.16345600800003, 17.67013150100007], [122.16551251400006, 17.674629442000025], [122.16378736100012, 17.67440103000007], [122.16224728300006, 17.67644982400003], [122.15969840700006, 17.675197860000026], [122.16032502200005, 17.678911218000053], [122.15775179000002, 17.678820631000065], [122.15624554300007, 17.68111630100003], [122.1573887830001, 17.684980146000044], [122.16038971500006, 17.687369190000027], [122.16139608600008, 17.692955143000063], [122.16458925400002, 17.69378234000004], [122.1648157940001, 17.696117754000056], [122.16821259200003, 17.69684458000006], [122.16853843800004, 17.698783305000063], [122.16362761900007, 17.704812022000056], [122.15861020800003, 17.703584676000048], [122.15769475900004, 17.70705302600004], [122.16238905800003, 17.709989927000038], [122.15907630600009, 17.712497693000046], [122.15705895300005, 17.717128728000034], [122.15212508600007, 17.720509238000034], [122.15055171600011, 17.723747796000055], [122.15091563200008, 17.72787009700005], [122.14933145900011, 17.728160159000026], [122.15130663600007, 17.732082718000072], [122.14838648300008, 17.73499666400005], [122.14654847000008, 17.734684338000022], [122.14650765100009, 17.73684733600004], [122.14405099300006, 17.73825904800003], [122.1432042450001, 17.74275909100004], [122.14479400800008, 17.74947960700007], [122.14843102100008, 17.755539876000057], [122.14626687400005, 17.759582047000038], [122.14306901700002, 17.757006955000065], [122.14578091800001, 17.760364147000075], [122.14451991300007, 17.765898708000066], [122.14167772400003, 17.76746040100005], [122.14372992100004, 17.76878453100005], [122.14340666100009, 17.770766430000037], [122.14054764800005, 17.778160687000025], [122.13864743600004, 17.777809356000034], [122.13903119800011, 17.77921402800007], [122.13786613800005, 17.77941747500006], [122.14017260500009, 17.780859419000024], [122.13680427100007, 17.783212556000024], [122.1397639490001, 17.78525380600007], [122.13686809600006, 17.793759050000062], [122.13724665600012, 17.796377824000047], [122.13896508900007, 17.796451691000073], [122.14125702600006, 17.799349130000053], [122.13990921300001, 17.80297550000006], [122.14240343000006, 17.805264584000042], [122.14246352300006, 17.80728098000003], [122.14690488500003, 17.807625164000058], [122.14778374100001, 17.81009907300006], [122.1504659520001, 17.80920334700005], [122.15539870100008, 17.814013053000053], [122.15451005600005, 17.814375031000054], [122.15668415700009, 17.81915798500006], [121.92783988300005, 17.818902387000037], [121.90997990800008, 17.820144447000075], [121.85655278800004, 17.819069502000048], [121.83589586900007, 17.815519094000024], [121.82121009100001, 17.808256895000056], [121.80732049100004, 17.792565283000044]]]}, "properties": {"name": "Peñablanca", "level": "municipality", "psgc": null, "parent_name": "Cagayan", "province": "Cagayan", "district": null}}, {"type": "Feature", "geometry": {"type": "Polygon", "coordinates": [[[121.59003849700002, 17.71957384500007], [121.5869270500001, 17.710872075000054], [121.57195494100006, 17.70455389600005], [121.57183909000003, 17.687091047000024], [121.57357615600006, 17.67256285600007], [121.56812440700003, 17.63433787300005], [121.55210964200012, 17.610501895000027], [121.54702791700004, 17.594138740000062], [121.54672301300002, 17.580621351000048], [121.57330452200006, 17.564788665000037], [121.57497229100011, 17.557070383000053], [121.5767341620001, 17.55549054100004], [121.59972009100011, 17.548195070000077], [121.60304284400002, 17.563412498000048], [121.60549635500001, 17.563004540000065], [121.60658234400012, 17.577083618000074], [121.61961445100007, 17.588107870000044], [121.6324267660001, 17.584863794000057], [121.65718324300008, 17.592272216000026], [121.66027811300012, 17.596164531000056], [121.65927535300011, 17.603598789000046], [121.66228363400012, 17.606745382000042], [121.66210675000002, 17.612849871000037], [121.6782646900001, 17.611633330000075], [121.68551682300006, 17.609436214000027], [121.70305163000012, 17.644705920000035], [121.7052047630001, 17.652205018000075], [121.70664093300002, 17.667524163000053], [121.71328321800002, 17.673687725000036], [121.7323903140001, 17.682821466000064], [121.7398766660001, 17.688297594000062], [121.74167893600008, 17.704933932000074], [121.7341232660001, 17.715539598000078], [121.73086531600006, 17.72489753800005], [121.72574038400012, 17.757126491000065], [121.72364962600011, 17.76235338500004], [121.71407615700002, 17.76923087700004], [121.70257699000001, 17.77165175400006], [121.68843686600007, 17.77797904700003], [121.68779335800002, 17.76905941600006], [121.68975761700005, 17.764851562000047], [121.69569038500003, 17.758534548000057], [121.69301976200006, 17.757593860000043], [121.69320774100004, 17.75199210100004], [121.68391951800004, 17.74879266100004], [121.67969130600011, 17.749037539000028], [121.67904616800001, 17.750680986000077], [121.67453604600007, 17.74913906300003], [121.67474806000007, 17.747520045000044], [121.66890803000001, 17.74690327600007], [121.6642244410001, 17.74844519800007], [121.66175736500008, 17.751317029000063], [121.66090758100006, 17.745087531000024], [121.6638898860001, 17.742961064000042], [121.66184217700004, 17.739191180000034], [121.66435193300003, 17.737836541000036], [121.66220446400007, 17.73715922200006], [121.66179406600008, 17.732759845000032], [121.65851050900005, 17.733596359000046], [121.65827493900008, 17.73162526300007], [121.65530867900009, 17.730418567000072], [121.63609385300003, 17.734389906000047], [121.61646844400002, 17.735354622000045], [121.6180633890001, 17.728559011000073], [121.61605334800004, 17.723345334000044], [121.59427839500006, 17.72741525400005], [121.59003849700002, 17.71957384500007]]]}, "properties": {"name": "Solana", "level": "municipality", "psgc": null, "parent_name": "Cagayan", "province": "Cagayan", "district": null}}, {"type": "Feature", "geometry": {"type": "Polygon", "coordinates": [[[121.78851574600003, 17.52549255400004], [121.7841661120001, 17.538853450000033], [121.77517922400011, 17.557764990000067], [121.76633021200007, 17.56563568300004], [121.75505467000005, 17.570999980000067], [121.74411184400003, 17.57863778500007], [121.73331698000004, 17.598722993000024], [121.72828956800004, 17.603220926000063], [121.72156129500001, 17.603770560000044], [121.71671493000008, 17.601404218000027], [121.70108372600009, 17.574335940000026], [121.69741129800002, 17.570663512000067], [121.69092594800009, 17.567303632000062], [121.68545637500006, 17.569178914000076], [121.68240904200002, 17.574101529000075], [121.68126577300006, 17.588051436000057], [121.68551682300006, 17.609436214000027], [121.6782646900001, 17.611633330000075], [121.66210675000002, 17.612849871000037], [121.66228363400012, 17.606745382000042], [121.65927535300011, 17.603598789000046], [121.66027811300012, 17.596164531000056], [121.65718324300008, 17.592272216000026], [121.6324267660001, 17.584863794000057], [121.61961445100007, 17.588107870000044], [121.60658234400012, 17.577083618000074], [121.60549635500001, 17.563004540000065], [121.60700935600005, 17.56123643500007], [121.61420260300008, 17.560316989000057], [121.63257510800008, 17.533221769000022], [121.62597293100009, 17.528587955000035], [121.62821918700001, 17.525553668000043], [121.63064219800003, 17.52564204500004], [121.63519759400003, 17.521625578000055], [121.63324585500004, 17.51925667300003], [121.63961454200012, 17.504361036000034], [121.64723067800003, 17.50048373000004], [121.67058345500004, 17.499331217000076], [121.70381581100003, 17.50181446600004], [121.75512754700003, 17.509929960000022], [121.7786286170001, 17.51868379800004], [121.79013633400007, 17.51921268500007], [121.78851574600003, 17.52549255400004]]]}, "properties": {"name": "Enrile", "level": "municipality", "psgc": null, "parent_name": "Cagayan", "province": "Cagayan", "district": null}}, {"type": "Feature", "geometry": {"type": "Polygon", "coordinates": [[[121.78851574600003, 17.52549255400004], [121.82031676800011, 17.53140441100004], [121.8234569330001, 17.542684270000052], [121.82160575700004, 17.551014561000045], [121.80615225100007, 17.580492872000036], [121.769013803, 17.61607894900004], [121.77614040600008, 17.621512178000046], [121.77458424000008, 17.62823503000004], [121.76959577700006, 17.629989140000077], [121.76322816000004, 17.63793592600007], [121.76006522300008, 17.63894685500003], [121.75992207000002, 17.646762479000074], [121.76133904500011, 17.646050960000025], [121.76712096900008, 17.65584271700004], [121.77413171300009, 17.66218841500006], [121.77376980500003, 17.66967534500003], [121.77996591100009, 17.683502481000062], [121.76424572100007, 17.684040175000064], [121.75739832800002, 17.685815426000033], [121.74419208400002, 17.68533054200003], [121.7398766660001, 17.688297594000062], [121.7323903140001, 17.682821466000064], [121.71328321800002, 17.673687725000036], [121.70664093300002, 17.667524163000053], [121.7052047630001, 17.652205018000075], [121.70305163000012, 17.644705920000035], [121.68551682300006, 17.609436214000027], [121.68126577300006, 17.588051436000057], [121.68240904200002, 17.574101529000075], [121.68545637500006, 17.569178914000076], [121.69092594800009, 17.567303632000062], [121.69741129800002, 17.570663512000067], [121.70108372600009, 17.574335940000026], [121.71671493000008, 17.601404218000027], [121.72156129500001, 17.603770560000044], [121.72828956800004, 17.603220926000063], [121.73331698000004, 17.598722993000024], [121.74411184400003, 17.57863778500007], [121.75505467000005, 17.570999980000067], [121.76633021200007, 17.56563568300004], [121.77517922400011, 17.557764990000067], [121.7841661120001, 17.538853450000033], [121.78851574600003, 17.52549255400004]]]}, "properties": {"name": "Tuguegarao City", "level": "municipality", "psgc": null, "parent_name": "Cagayan", "province": "Cagayan", "district": null}}, {"type": "Feature", "geometry": {"type": "Polygon", "coordinates": [[[122.23417917900008, 16.487238956000056], [122.23561963100008, 16.491174406000027], [122.23722808100001, 16.49223627500004], [122.23901302900003, 16.491500777000056], [122.24244951500009, 16.504843726000047], [122.25048164900011, 16.516131698000038], [122.25440545900005, 16.515530247000072], [122.262594766, 16.51769167200007], [122.26606553400006, 16.521762702000046], [122.26955250800006, 16.521903461000022], [122.27939556000001, 16.526350963000027], [122.28161101900002, 16.531440716000077], [122.28263929100001, 16.53111579700004], [122.29410584700008, 16.548354584000037], [122.29836739900009, 16.551944413000058], [122.29969530200003, 16.557817599000032], [122.30496149800001, 16.565769807000038], [122.30886775300007, 16.578231965000043], [122.31609722600001, 16.585747343000037], [122.31742642900008, 16.595210273000077], [122.32069486900002, 16.599600656000064], [122.32422801000007, 16.61071093700002], [122.3309248160001, 16.616502770000068], [122.33425590800005, 16.623933136000062], [122.33845685500012, 16.62731542100005], [122.33742397700007, 16.63299187800004], [122.3393184470001, 16.638800212000035], [122.34442135000006, 16.648860224000032], [122.35061364100011, 16.655135019000056], [122.35901546100001, 16.68049510700007], [122.36632632700002, 16.691514273000053], [122.36703081300004, 16.695153095000023], [122.37469197100006, 16.701820756000075], [122.37994396400006, 16.714343894000024], [122.38770376700006, 16.71870788600006], [122.38846326500004, 16.725248031000035], [122.39170276900006, 16.727466141000036], [122.39209305600002, 16.732663070000058], [122.39542178600004, 16.738209081000036], [122.39848040900006, 16.739227595000045], [122.39788804900002, 16.745594252000046], [122.40709368400007, 16.75060545200006], [122.40728328800003, 16.752479161000053], [122.40505775300005, 16.75368700200005], [122.40801862500007, 16.755745399000034], [122.40639477700006, 16.76295322900006], [122.41211820900003, 16.76699473900004], [122.41398132100005, 16.770018652000033], [122.41603199400004, 16.777239802000054], [122.41843994900012, 16.779942488000074], [122.41895738000005, 16.787710451000066], [122.42484587400008, 16.79169483800007], [122.42606582200006, 16.795477770000048], [122.43460964600001, 16.797859368000047], [122.43294988500008, 16.800891725000042], [122.43514991800009, 16.803318920000038], [122.43262346200004, 16.810583179000048], [122.43371284700004, 16.814280009000072], [122.4290647680001, 16.818844488000025], [122.4302480240001, 16.827659958000027], [122.43240194500004, 16.832517265000035], [122.43671791700001, 16.83407535200007], [122.43923050300009, 16.837674133000064], [122.44089181200002, 16.847214321000024], [122.4489479560001, 16.853408259000048], [122.44739711600005, 16.85825952500005], [122.45254915900011, 16.863291652000044], [122.4550057670001, 16.869196058000057], [122.45923608500004, 16.873520495000037], [122.45897670300008, 16.880049494000048], [122.46427631800009, 16.887536537000074], [122.45900634200007, 16.89463875900003], [122.45199714800003, 16.893024414000024], [122.38329723200002, 16.89524054000003], [122.35928679500012, 16.899239185000056], [122.33454245300004, 16.898195376000047], [122.31078069600005, 16.90983006400006], [122.30898141300008, 16.906081783000047], [122.29940845200008, 16.909591869000053], [122.29334557700008, 16.90927277000003], [122.28919729400002, 16.91693113900004], [122.28249622100009, 16.919164830000057], [122.2751569510001, 16.91629294200004], [122.27260416100012, 16.908953671000063], [122.26973227300005, 16.884702170000025], [122.26941317400008, 16.866513543000053], [122.26554963400008, 16.861634818000027], [122.26435626500006, 16.853281236000043], [122.26526489100002, 16.847048522000023], [122.2601794740001, 16.84492765400006], [122.25958279000008, 16.842242574000068], [122.25630102500008, 16.83925915100002], [122.25664922600004, 16.825668909000058], [122.25301926100008, 16.82165696000004], [122.25381814000002, 16.81481731200006], [122.24960978700005, 16.80990756700004], [122.24660382000002, 16.81080935700004], [122.24600262700005, 16.80960697000006], [122.24710481500006, 16.799486884000032], [122.24179427400009, 16.791270575000055], [122.24239546700005, 16.78265347200005], [122.23447975600004, 16.77343517500003], [122.23057199900006, 16.77163159500003], [122.22633484900007, 16.74908522000004], [122.2139407840001, 16.74703792500003], [122.20787704800011, 16.742188558000066], [122.204720672, 16.732418824000035], [122.20456137700012, 16.72462695100006], [122.19825310300007, 16.72047677100005], [122.195340439, 16.710478745000046], [122.19032452600004, 16.707425581000052], [122.18988835900007, 16.691941674000077], [122.18770752700004, 16.686925760000065], [122.18198012900007, 16.680159899000046], [122.1790367000001, 16.680241683000077], [122.17759048300002, 16.672747654000034], [122.17368356200006, 16.66931054300005], [122.16733549600008, 16.669197851000035], [122.16194505300007, 16.66512215000006], [122.16028141700008, 16.661333076000062], [122.1536621790001, 16.65894286300005], [122.153230215, 16.65613541500005], [122.14873847700005, 16.653730747000054], [122.14247726600001, 16.64433893100005], [122.1384846090001, 16.644066704000068], [122.13354366600004, 16.630796014000055], [122.128790406, 16.629994903000068], [122.12638707200006, 16.625455272000067], [122.12099292300002, 16.625348458000076], [122.120352034, 16.618458901000054], [122.1175748490001, 16.61674986400004], [122.1150429710001, 16.614192269000057], [122.10596534400008, 16.612312178000025], [122.09725208200007, 16.603986172000077], [122.09550942900012, 16.601081751000038], [122.09299226400003, 16.58597876300007], [122.08931333200007, 16.582880714000055], [122.08447263000005, 16.581138062000036], [122.08115832200008, 16.577840727000023], [122.0668524780001, 16.577265501000056], [122.06278628900009, 16.575135592000038], [122.058332844, 16.567584099000044], [122.0577555320001, 16.550682368000025], [122.0603025580001, 16.540239563000057], [122.04857117800009, 16.534737880000023], [122.0177337130001, 16.517024527000046], [122.05880819100003, 16.50925477800007], [122.21427288000007, 16.479844291000063], [122.23059986800001, 16.48400908800005], [122.23417917900008, 16.487238956000056]]]}, "properties": {"name": "Dinapigue", "level": "municipality", "psgc": null, "parent_name": "Isabela", "province": "Isabela", "district": null}}, {"type": "Feature", "geometry": {"type": "Polygon", "coordinates": [[[121.68380586300009, 16.47574939900005], [121.68809978200011, 16.47619336400004], [121.69225016500002, 16.498606892000055], [121.69880293100005, 16.509896617000038], [121.70185499100012, 16.51834708000007], [121.70995001400001, 16.52224578700003], [121.71670199800008, 16.52064383800007], [121.722438957, 16.515740098000038], [121.7289330860001, 16.515380717000028], [121.73174822600004, 16.519251431000043], [121.72669256000006, 16.534694054000056], [121.7270703590001, 16.537742063000053], [121.738087016, 16.53805107100004], [121.75270788700004, 16.52714468800002], [121.7605612750001, 16.51593729900003], [121.76554590600006, 16.51140009200003], [121.7727105570001, 16.516183873000045], [121.78595298100004, 16.515004925000028], [121.79965971500008, 16.517779747000077], [121.80350679600008, 16.517272440000056], [121.81056661800005, 16.51188716100006], [121.81404384500001, 16.511044197000047], [121.81509755000002, 16.507356229000038], [121.8185747770001, 16.507356229000038], [121.82036607600003, 16.511254938000036], [121.83121924000011, 16.51346771900006], [121.8405972160001, 16.512940866000065], [121.8428857880001, 16.515510051000035], [121.84275558400009, 16.492901363000044], [121.83405633000007, 16.488090259000046], [121.83047969000006, 16.48434971300003], [121.83373377600003, 16.47491671100005], [121.83282109000004, 16.468042076000074], [121.84238109800003, 16.468417083000077], [121.8642418170001, 16.464024623000057], [121.88729434000004, 16.44918003300006], [121.963870541, 16.484835325000063], [122.0177337130001, 16.517024527000046], [121.99295166700006, 16.530570855000065], [121.97986336300005, 16.53588797900005], [121.96127912500003, 16.550410062000026], [121.95596719600007, 16.58021690100003], [121.95416251000006, 16.586677285000064], [121.9495980800001, 16.592628438000077], [121.94672391600011, 16.605486788000064], [121.936097861, 16.616946841000072], [121.9224375010001, 16.620502443000078], [121.91646330300011, 16.621016474000044], [121.88654052200002, 16.608585300000072], [121.86942906700006, 16.612048189000063], [121.84627744800002, 16.618961096000078], [121.7774068440001, 16.615923258000066], [121.77564948100007, 16.613657185000022], [121.76529028800007, 16.61208480700003], [121.73552053300011, 16.61073362700006], [121.71979547400008, 16.603552577000073], [121.71002533800004, 16.601901964000035], [121.70319363600004, 16.60380848500006], [121.69653914100002, 16.599788260000025], [121.69279283900005, 16.600707164000028], [121.6877053400001, 16.604917294000074], [121.67912638700011, 16.605724940000073], [121.67654018700011, 16.604834098000026], [121.67275511700007, 16.598212045000025], [121.67096705100005, 16.586217099000066], [121.66401551500007, 16.579192926000076], [121.66515053100011, 16.57480785100006], [121.65409997200004, 16.576043320000053], [121.65299408700002, 16.574190215000044], [121.64710599700004, 16.572815331000072], [121.64195388100006, 16.575546003000056], [121.63569558000006, 16.57617633500007], [121.6334443930001, 16.574780599000064], [121.63017430600007, 16.57543944200006], [121.61524709900004, 16.57297101100005], [121.60934004500007, 16.574149895000062], [121.60077096000009, 16.57351514800007], [121.60070759400003, 16.570263699000066], [121.62301467600003, 16.548898364000024], [121.62547554000002, 16.549078374000032], [121.63119705500003, 16.530774654000027], [121.63520337300008, 16.522721869000065], [121.63801825100006, 16.525068834000024], [121.64313825600004, 16.523100139000064], [121.65903144000004, 16.49300911200004], [121.66099118700004, 16.493536595000023], [121.66378245200008, 16.491155595000066], [121.66521889800003, 16.491839411000058], [121.6662347460001, 16.488944342000025], [121.68380586300009, 16.47574939900005]]]}, "properties": {"name": "Jones", "level": "municipality", "psgc": null, "parent_name": "Isabela", "province": "Isabela", "district": null}}, {"type": "Feature", "geometry": {"type": "Polygon", "coordinates": [[[121.4141468150001, 18.477087804000064], [121.35799696100003, 18.501523844000076], [121.35711400800005, 18.500751430000037], [121.36229452300006, 18.49854896100004], [121.36014472500005, 18.496813350000025], [121.35264293800003, 18.49984803600006], [121.34906507000005, 18.504440701000078], [121.3157863240001, 18.519974080000054], [121.2831110410001, 18.541437398000028], [121.28038827700004, 18.533962359000043], [121.27258816100004, 18.524449212000036], [121.27030707200004, 18.51375184500006], [121.26944492300004, 18.49606587100004], [121.25920569700008, 18.468598532000044], [121.24686851900003, 18.446674891000043], [121.2414553960001, 18.43175379300004], [121.24884436800005, 18.428879903000052], [121.270539589, 18.405082501000038], [121.28555701000005, 18.388537952000036], [121.3186229800001, 18.38715477900007], [121.3734936840001, 18.355494191000048], [121.38867139600006, 18.37792422900003], [121.39361714900008, 18.37913605500006], [121.394920393, 18.384234494000054], [121.40295599300009, 18.385035549000065], [121.4045894190001, 18.39075279900004], [121.40356584300002, 18.401216993000048], [121.4074941450001, 18.41293760900004], [121.40342701100008, 18.420183546000032], [121.40448636500003, 18.430608293000034], [121.40148923400011, 18.432153205000077], [121.39960133900001, 18.43540937100005], [121.3970707840001, 18.436169978000066], [121.38778382200007, 18.432239818000028], [121.38362405500004, 18.43366753500004], [121.37979866, 18.43814746700002], [121.38421711, 18.451001140000074], [121.38390812800003, 18.457273486000076], [121.38532070200006, 18.459073232000037], [121.38433458000009, 18.461424753000074], [121.38734069500003, 18.465352693000057], [121.3901292170001, 18.464810268000065], [121.391871089, 18.469653893000043], [121.39575159500009, 18.46756945800007], [121.39801729500005, 18.471425122000028], [121.40552987800004, 18.471186627000066], [121.41208848200006, 18.46645648300006], [121.4141468150001, 18.477087804000064]]]}, "properties": {"name": "Pamplona", "level": "municipality", "psgc": null, "parent_name": "Cagayan", "province": "Cagayan", "district": null}}, {"type": "Feature", "geometry": {"type": "Polygon", "coordinates": [[[121.61641191000001, 18.281127655000034], [121.6028604500001, 18.290576862000023], [121.57042185700004, 18.27108258800007], [121.56610401300009, 18.271216254000024], [121.52975965300004, 18.284827808000045], [121.50444509200008, 18.272750420000023], [121.49243239700002, 18.25881656000007], [121.4820524800001, 18.259690483000043], [121.48948360700001, 18.238844983000035], [121.48712373500007, 18.203834650000033], [121.48418705900008, 18.178869791000068], [121.48659494700007, 18.177992930000073], [121.48327782800004, 18.169667408000066], [121.48481759600008, 18.168877576000057], [121.48250050400009, 18.16832630600004], [121.48352213800001, 18.163986774000023], [121.48510784200005, 18.16297568300007], [121.4834594140001, 18.15102472600006], [121.48453233400005, 18.148222886000042], [121.48185304900005, 18.144307629000025], [121.47852479800008, 18.143567489000077], [121.47853965500008, 18.141766871000073], [121.47410153900012, 18.139809343000024], [121.47366624800009, 18.141397230000052], [121.47092281300002, 18.140326677000076], [121.47077350100005, 18.13713300300003], [121.4740142170001, 18.133763094000074], [121.4732887770001, 18.129900831000043], [121.4716019120001, 18.130382213000075], [121.47195988200008, 18.12884780400003], [121.46957490200009, 18.128438973000073], [121.46856761200002, 18.125323066000078], [121.46554829500008, 18.124945574000037], [121.46475402200008, 18.126002750000055], [121.46041510300006, 18.12421476000003], [121.46315965800011, 18.11228163900006], [121.49031716900004, 18.109477602000027], [121.5041047420001, 18.111962710000057], [121.52528863700002, 18.11242708800006], [121.54765794600007, 18.10662861700007], [121.55209463800009, 18.12244338200003], [121.55182769200007, 18.12890900700006], [121.59011574500005, 18.138431163000064], [121.59401383500006, 18.149706476000063], [121.60021406900012, 18.178548747000036], [121.5990901240001, 18.185120373000075], [121.61724331300002, 18.20942881900004], [121.62068439300003, 18.219302219000042], [121.61873160500011, 18.24467975600004], [121.61641191000001, 18.281127655000034]]]}, "properties": {"name": "Allacapan", "level": "municipality", "psgc": null, "parent_name": "Cagayan", "province": "Cagayan", "district": null}}, {"type": "Feature", "geometry": {"type": "Polygon", "coordinates": [[[121.48022320600012, 18.30637117400005], [121.4646269640001, 18.284910661000026], [121.46791386300004, 18.262596828000028], [121.48059010800011, 18.26337983800005], [121.4820524800001, 18.259690483000043], [121.49243239700002, 18.25881656000007], [121.50444509200008, 18.272750420000023], [121.52975965300004, 18.284827808000045], [121.53867619100004, 18.308687646000067], [121.53621398200005, 18.318660838000028], [121.54138833000002, 18.324672401000043], [121.54227812800002, 18.32939453800003], [121.54100609000011, 18.330518088000076], [121.54257554900005, 18.33163975900004], [121.54385032800008, 18.339193102000024], [121.54729970700009, 18.337907752000035], [121.55097984500003, 18.342377128000066], [121.55698442100004, 18.380104603000063], [121.56271483300009, 18.391173630000026], [121.51714940700003, 18.414931998000043], [121.48353097000006, 18.436793754000064], [121.47762607800007, 18.42954488400005], [121.47083814400003, 18.417334870000047], [121.45891202900009, 18.402712807000057], [121.45636397400006, 18.396028213000022], [121.45663991900005, 18.389502588000028], [121.46279480500004, 18.376286306000054], [121.47300492000011, 18.361412812000026], [121.48509701500006, 18.323173952000047], [121.48022320600012, 18.30637117400005]]]}, "properties": {"name": "Ballesteros", "level": "municipality", "psgc": null, "parent_name": "Cagayan", "province": "Cagayan", "district": null}}, {"type": "Feature", "geometry": {"type": "Polygon", "coordinates": [[[121.68843686600007, 17.77797904700003], [121.70257699000001, 17.77165175400006], [121.71407615700002, 17.76923087700004], [121.72364962600011, 17.76235338500004], [121.72574038400012, 17.757126491000065], [121.73086531600006, 17.72489753800005], [121.7341232660001, 17.715539598000078], [121.74167893600008, 17.704933932000074], [121.7398766660001, 17.688297594000062], [121.74419208400002, 17.68533054200003], [121.75739832800002, 17.685815426000033], [121.76424572100007, 17.684040175000064], [121.77996591100009, 17.683502481000062], [121.78507027500007, 17.729404729000066], [121.79329563700003, 17.77518596400006], [121.80732049100004, 17.792565283000044], [121.74239779400011, 17.78970848700004], [121.72149063100005, 17.790709740000068], [121.72401593200004, 17.786435074000053], [121.72352172100011, 17.782709483000076], [121.7219250390001, 17.780124380000075], [121.71682742000007, 17.77715138700006], [121.71390709900004, 17.777602983000065], [121.70960778000006, 17.78202519100006], [121.70363923100001, 17.792137509000042], [121.69417318900003, 17.793658159000074], [121.68987735400003, 17.790882974000056], [121.6869120880001, 17.78662515600007], [121.68673124800011, 17.779849725000076], [121.68843686600007, 17.77797904700003]]]}, "properties": {"name": "Iguig", "level": "municipality", "psgc": null, "parent_name": "Cagayan", "province": "Cagayan", "district": null}}, {"type": "Feature", "geometry": {"type": "Polygon", "coordinates": [[[121.74587199400003, 17.88373323600007], [121.7412685920001, 17.899760531000027], [121.74091735700006, 17.907054121000044], [121.74297610700012, 17.91078212800005], [121.73800543100003, 17.919109863000074], [121.74062060000006, 17.929014119000044], [121.74406984400002, 17.996458622000034], [121.74203560500007, 18.012747371000046], [121.67784935600002, 17.976637968000034], [121.65667188500004, 17.968362600000034], [121.65318358800005, 17.96529951200006], [121.65401400300004, 17.962156093000033], [121.65165380400003, 17.95596057100005], [121.64565496500006, 17.94961753700005], [121.63931193100007, 17.945782214000076], [121.63818100300011, 17.940373425000075], [121.63203409300002, 17.940473432000033], [121.62519813200004, 17.944622240000058], [121.62242113500008, 17.94481624900004], [121.614661909, 17.916409975000022], [121.58875030800004, 17.837584406000076], [121.61003036500006, 17.831485705000034], [121.61266168200007, 17.832123293000052], [121.61366360700003, 17.835913403000063], [121.62231516800011, 17.83593349000006], [121.62101396100002, 17.83000799100006], [121.622785657, 17.82537429100006], [121.62470930100005, 17.824498825000035], [121.62601705600002, 17.830511827000066], [121.63262681100002, 17.831260933000067], [121.6311515320001, 17.836643224000056], [121.63199746700002, 17.838013190000026], [121.63065744700009, 17.839480475000073], [121.63351715600004, 17.840880385000048], [121.63537596900005, 17.835817333000023], [121.63873364800008, 17.835553985000047], [121.64709492700001, 17.844310286000052], [121.65776049600004, 17.851486502000057], [121.66755644300008, 17.863498691000075], [121.67728544500005, 17.866464844000063], [121.67804216500008, 17.87018574900003], [121.68375023200008, 17.87219298100007], [121.68409522500008, 17.873949309000068], [121.70539207400009, 17.873683381000035], [121.71848965900006, 17.886015434000058], [121.7332435290001, 17.88796387000002], [121.74587199400003, 17.88373323600007]]]}, "properties": {"name": "Alcala", "level": "municipality", "psgc": null, "parent_name": "Cagayan", "province": "Cagayan", "district": null}}, {"type": "Feature", "geometry": {"type": "MultiPolygon", "coordinates": [[[[121.60706426900003, 17.78016555800002], [121.61501282100005, 17.778503743000044], [121.61682680500007, 17.784103385000037], [121.6074574700001, 17.786298370000054], [121.61138717900008, 17.80086043700004], [121.61348752800006, 17.803167108000025], [121.60687352000002, 17.806215964000046], [121.59956187800003, 17.785916455000063], [121.60127488900002, 17.781457029000023], [121.60706426900003, 17.78016555800002]]], [[[121.57024987800003, 17.78534701500007], [121.55387346900011, 17.790590889000043], [121.55000977600002, 17.794057184000053], [121.53127052600007, 17.796121396000046], [121.529616, 17.797410420000062], [121.52625558400007, 17.803070998000067], [121.51721111800009, 17.812587936000057], [121.51161490200002, 17.825129066000045], [121.5136912690001, 17.833672811000042], [121.5125048970001, 17.83814452300004], [121.51350875000003, 17.846357873000045], [121.51075758200011, 17.849110894000034], [121.50469515400005, 17.851373761000048], [121.50041148600008, 17.850074430000063], [121.48876418200007, 17.849938033000058], [121.47964273500008, 17.844943012000044], [121.47409543700007, 17.837170902000025], [121.46853620000002, 17.831786759000067], [121.46332167800006, 17.83558966000004], [121.46145193600012, 17.83435041300004], [121.46238680700003, 17.822827584000038], [121.45827920600004, 17.81854015600004], [121.45928813500007, 17.81808613800007], [121.456, 17.809653370000035], [121.44756404800012, 17.80472842100005], [121.4481859650001, 17.800388197000075], [121.44650425600003, 17.798640224000053], [121.44834503100003, 17.795230467000067], [121.44542191200003, 17.77028789700006], [121.45281233100002, 17.768483798000034], [121.45923963700011, 17.76507835600006], [121.46627039900011, 17.766500332000078], [121.47038253800008, 17.760134739000023], [121.488149711, 17.75481219900007], [121.48976731900007, 17.742198468000026], [121.49579943100002, 17.738326956000037], [121.49720978000005, 17.735632516000067], [121.50204530100007, 17.736555828000064], [121.51111018000006, 17.733837710000046], [121.51281762400004, 17.72930655600004], [121.5205357100001, 17.72021544000006], [121.5401962200001, 17.709198770000057], [121.5645790100001, 17.70169973000003], [121.56846285000006, 17.704532150000034], [121.57195494100006, 17.70455389600005], [121.5869270500001, 17.710872075000054], [121.59003849700002, 17.71957384500007], [121.58727133500008, 17.719333783000025], [121.57829566700002, 17.726249238000037], [121.57024987800003, 17.78534701500007]]]]}, "properties": {"name": "Piat", "level": "municipality", "psgc": null, "parent_name": "Cagayan", "province": "Cagayan", "district": null}}, {"type": "Feature", "geometry": {"type": "Polygon", "coordinates": [[[121.65318358800005, 17.96529951200006], [121.64840757600007, 17.96718097100006], [121.64232901500009, 17.96403314500003], [121.62930352900003, 17.960885319000056], [121.61819568300007, 17.96204314000005], [121.61320258, 17.964648238000052], [121.6048807410001, 17.97438117100006], [121.6010646530001, 17.98511264600006], [121.6008645500001, 17.99609031500006], [121.6043741950001, 18.008283618000064], [121.59826982200002, 18.009125336000068], [121.60258674500005, 18.014063788000044], [121.60021121900002, 18.01702583200006], [121.59737485900007, 18.01576848900004], [121.5890514670001, 18.019299739000076], [121.58740713200007, 18.017384882000044], [121.58536271000003, 18.020420424000065], [121.58219462900001, 18.01831124000006], [121.58346874900008, 18.015246466000065], [121.58061058900012, 18.015237857000045], [121.58081720300004, 18.018044364000048], [121.57772660300009, 18.01623649100003], [121.57738224600007, 18.017433131000075], [121.57608955100011, 18.016786453000066], [121.57672035700011, 18.02020641000007], [121.57045559000005, 18.01639683800005], [121.57132140200008, 18.01479508600005], [121.56691194700011, 18.013397419000057], [121.56701708100002, 18.012197651000065], [121.52259746700008, 18.015721660000054], [121.48603668200008, 18.000809987000025], [121.47223753600008, 17.997621197000058], [121.46734427600006, 17.97602138800005], [121.457328404, 17.95396359800003], [121.45933435400002, 17.95095467300007], [121.44293873400011, 17.921645453000053], [121.41262734800011, 17.879523004000077], [121.41982515600012, 17.868672149000076], [121.43614949500011, 17.851209133000054], [121.47409543700007, 17.837170902000025], [121.47964273500008, 17.844943012000044], [121.48876418200007, 17.849938033000058], [121.50041148600008, 17.850074430000063], [121.50469515400005, 17.851373761000048], [121.51075758200011, 17.849110894000034], [121.51350875000003, 17.846357873000045], [121.5125048970001, 17.83814452300004], [121.5136912690001, 17.833672811000042], [121.51161490200002, 17.825129066000045], [121.51721111800009, 17.812587936000057], [121.52625558400007, 17.803070998000067], [121.529616, 17.797410420000062], [121.53127052600007, 17.796121396000046], [121.55000977600002, 17.794057184000053], [121.55387346900011, 17.790590889000043], [121.57024987800003, 17.78534701500007], [121.58875030800004, 17.837584406000076], [121.614661909, 17.916409975000022], [121.62242113500008, 17.94481624900004], [121.62519813200004, 17.944622240000058], [121.63203409300002, 17.940473432000033], [121.63818100300011, 17.940373425000075], [121.63931193100007, 17.945782214000076], [121.64565496500006, 17.94961753700005], [121.65165380400003, 17.95596057100005], [121.65401400300004, 17.962156093000033], [121.65318358800005, 17.96529951200006]]]}, "properties": {"name": "Santo Niño", "level": "municipality", "psgc": null, "parent_name": "Cagayan", "province": "Cagayan", "district": null}}, {"type": "Feature", "geometry": {"type": "Polygon", "coordinates": [[[121.6729081420001, 16.761388684000053], [121.66755479300002, 16.75641583500004], [121.66803573800007, 16.749182270000063], [121.67194800200002, 16.750174574000027], [121.67418087100009, 16.748739158000035], [121.67107080400001, 16.741402590000064], [121.65910029600002, 16.731884983000043], [121.65432211500001, 16.730966102000025], [121.65253686000005, 16.73251507300006], [121.64967520300002, 16.732200028000022], [121.64665602200012, 16.726476713000068], [121.6427704680001, 16.724323906000052], [121.64009258700003, 16.720412098000054], [121.6440569020001, 16.710514438000075], [121.642297901, 16.70720646600006], [121.6370888460001, 16.706782430000032], [121.63518228500004, 16.701261938000073], [121.63668487200005, 16.696686527000054], [121.61801232500011, 16.684939523000025], [121.61091699700012, 16.684398282000075], [121.61055697200004, 16.668719183000064], [121.60022499700005, 16.662435780000067], [121.59850548500003, 16.657537776000026], [121.59949550700003, 16.65196238900006], [121.59715071800008, 16.64904443000006], [121.59718793900004, 16.63607563200003], [121.59405288700009, 16.628806096000062], [121.59517872200001, 16.627081530000055], [121.59440955000002, 16.623432654000055], [121.59739357, 16.61865222800003], [121.60217280000006, 16.617891704000044], [121.60341378800001, 16.616452783000057], [121.60549975100002, 16.611550066000063], [121.60336072000007, 16.607217345000038], [121.60561867700005, 16.601694665000025], [121.60861665000004, 16.598335849000023], [121.6101776590001, 16.599691756000027], [121.61100464900005, 16.598459825000077], [121.61088962600002, 16.595281019000026], [121.60353152400012, 16.593325658000026], [121.60436746100004, 16.591510516000028], [121.60276434700006, 16.587490767000077], [121.59933479900008, 16.586222632000045], [121.60025997900004, 16.584053244000074], [121.59814642100002, 16.58245013000004], [121.60219009700006, 16.579052485000034], [121.6012152830001, 16.577124138000045], [121.59880324500011, 16.57761380000005], [121.59952867000004, 16.57575489800007], [121.60077096000009, 16.57351514800007], [121.60934004500007, 16.574149895000062], [121.61524709900004, 16.57297101100005], [121.63017430600007, 16.57543944200006], [121.6334443930001, 16.574780599000064], [121.63569558000006, 16.57617633500007], [121.64195388100006, 16.575546003000056], [121.64710599700004, 16.572815331000072], [121.65299408700002, 16.574190215000044], [121.65409997200004, 16.576043320000053], [121.66515053100011, 16.57480785100006], [121.66401551500007, 16.579192926000076], [121.67096705100005, 16.586217099000066], [121.67275511700007, 16.598212045000025], [121.67654018700011, 16.604834098000026], [121.67912638700011, 16.605724940000073], [121.6877053400001, 16.604917294000074], [121.69279283900005, 16.600707164000028], [121.69653914100002, 16.599788260000025], [121.70319363600004, 16.60380848500006], [121.71002533800004, 16.601901964000035], [121.71979547400008, 16.603552577000073], [121.73552053300011, 16.61073362700006], [121.76529028800007, 16.61208480700003], [121.77564948100007, 16.613657185000022], [121.7774068440001, 16.615923258000066], [121.84627744800002, 16.618961096000078], [121.86942906700006, 16.612048189000063], [121.88654052200002, 16.608585300000072], [121.91646330300011, 16.621016474000044], [121.9224375010001, 16.620502443000078], [121.936097861, 16.616946841000072], [121.94672391600011, 16.605486788000064], [121.9495980800001, 16.592628438000077], [121.95416251000006, 16.586677285000064], [121.95596719600007, 16.58021690100003], [121.96127912500003, 16.550410062000026], [121.97986336300005, 16.53588797900005], [121.99295166700006, 16.530570855000065], [122.0177337130001, 16.517024527000046], [122.04857117800009, 16.534737880000023], [122.01543875300001, 16.568200300000058], [121.98030682300009, 16.60873714300004], [121.95016021300012, 16.655180877000078], [121.93717144100003, 16.656063609000057], [121.93351440800006, 16.655054773000074], [121.91712081300011, 16.65946843300003], [121.8923496430001, 16.658838282000033], [121.88718614400011, 16.655071822000025], [121.87818218500001, 16.652694015000066], [121.86928459100011, 16.653209977000074], [121.86826438300011, 16.663656437000043], [121.86571044100003, 16.66691107500003], [121.86502241800008, 16.670729981000022], [121.86553720100005, 16.676495334000037], [121.8630886950001, 16.681992835000074], [121.86082240300004, 16.683611041000063], [121.84300390400006, 16.691832163000072], [121.84030367500009, 16.68874938500005], [121.83784530500009, 16.688593446000027], [121.8304280960001, 16.692063079000036], [121.81862369800001, 16.693538629000045], [121.81272150000007, 16.69610142600004], [121.7992838460001, 16.696692296000037], [121.78300232200002, 16.704935155000044], [121.74164762500004, 16.712630361000038], [121.72876989100007, 16.71379747900005], [121.72591835700007, 16.72074929100006], [121.71688387000006, 16.730200754000066], [121.71418410600006, 16.730126218000066], [121.70612166800004, 16.734212659000036], [121.70303031000003, 16.733824336000055], [121.69856104700011, 16.737547346000042], [121.69521653900006, 16.744281603000047], [121.69188248400008, 16.741512664000027], [121.68395469100005, 16.755118477000053], [121.6729081420001, 16.761388684000053]]]}, "properties": {"name": "Echague", "level": "municipality", "psgc": null, "parent_name": "Isabela", "province": "Isabela", "district": null}}, {"type": "Feature", "geometry": {"type": "Polygon", "coordinates": [[[121.58059652000009, 16.77856593200005], [121.58076468100012, 16.766348617000062], [121.57884033100004, 16.763503926000055], [121.5817059740001, 16.758815844000026], [121.57890092500008, 16.75639622400007], [121.59010870300006, 16.737397529000077], [121.59541725400004, 16.716082220000033], [121.60236194000004, 16.712252026000044], [121.60947856700011, 16.696821423000074], [121.61091699700012, 16.684398282000075], [121.61801232500011, 16.684939523000025], [121.63668487200005, 16.696686527000054], [121.63518228500004, 16.701261938000073], [121.6370888460001, 16.706782430000032], [121.642297901, 16.70720646600006], [121.6440569020001, 16.710514438000075], [121.64009258700003, 16.720412098000054], [121.6427704680001, 16.724323906000052], [121.64665602200012, 16.726476713000068], [121.64967520300002, 16.732200028000022], [121.65253686000005, 16.73251507300006], [121.65432211500001, 16.730966102000025], [121.65910029600002, 16.731884983000043], [121.67107080400001, 16.741402590000064], [121.67418087100009, 16.748739158000035], [121.67194800200002, 16.750174574000027], [121.66803573800007, 16.749182270000063], [121.66755479300002, 16.75641583500004], [121.6729081420001, 16.761388684000053], [121.67431045700005, 16.76627633800007], [121.66036597300001, 16.77214619500006], [121.64414506800006, 16.772687431000065], [121.62593117800009, 16.779166804000056], [121.60150324000006, 16.779563059000054], [121.58919433200003, 16.77501293100005], [121.58630183500009, 16.777550716000064], [121.58059652000009, 16.77856593200005]]]}, "properties": {"name": "San Isidro", "level": "municipality", "psgc": null, "parent_name": "Isabela", "province": "Isabela", "district": null}}, {"type": "Feature", "geometry": {"type": "Polygon", "coordinates": [[[121.46354426900007, 15.926616156000023], [121.4586828890001, 15.928803778000031], [121.45809948700003, 15.931372452000062], [121.45498507800005, 15.931006051000054], [121.44976386400003, 15.935494464000044], [121.44589005000012, 15.934052578000035], [121.44317203500009, 15.937676597000063], [121.44036342000004, 15.936710192000078], [121.37090042000011, 15.997911264000038], [121.34075960900009, 16.02196998100004], [121.29569712800003, 16.02824997400006], [121.26517004700008, 16.030457456000022], [121.23741815300002, 16.017971190000026], [121.24957648000009, 15.99702312900007], [121.22285791500008, 15.872750951000057], [121.28033899700006, 15.76713201800004], [121.28476349300001, 15.75441853700005], [121.28990313700001, 15.766188077000038], [121.30590318500003, 15.782124190000047], [121.30804924200004, 15.788075675000073], [121.31631513200011, 15.797562891000041], [121.31660385400005, 15.804170806000059], [121.37376803400002, 15.831617787000027], [121.47114962, 15.886741050000069], [121.46849811800007, 15.910028039000053], [121.47089792000008, 15.925374537000039], [121.46354426900007, 15.926616156000023]]]}, "properties": {"name": "Alfonso Castañeda", "level": "municipality", "psgc": null, "parent_name": "Nueva Vizcaya", "province": "Nueva Vizcaya", "district": null}}, {"type": "Feature", "geometry": {"type": "Polygon", "coordinates": [[[121.06839382900012, 16.44682279600005], [121.07055288300012, 16.45434932300003], [121.07201009900007, 16.48373352400006], [121.09523099400008, 16.51032389900007], [121.09566999300012, 16.537099315000034], [121.11569657500002, 16.550685154000064], [121.12165396900002, 16.552472375000036], [121.1139025980001, 16.55736265200005], [121.09476312700008, 16.562176953000062], [121.09423273200002, 16.585511902000064], [121.10806148800009, 16.594452027000045], [121.111555167, 16.594535004000022], [121.10563417500009, 16.63056137700005], [121.0721316260001, 16.62783025400006], [121.03570305200003, 16.61000610700006], [121.02794433300005, 16.602274068000042], [120.98396101600008, 16.569654786000058], [120.99213142100007, 16.522645709000074], [120.99303123300001, 16.497338241000023], [121.00351052000008, 16.48612193100007], [121.01013539100006, 16.48561309100006], [121.01258876500003, 16.483589377000044], [121.01954597800011, 16.48521824100004], [121.0315352450001, 16.478346043000045], [121.03127688000006, 16.451598760000024], [121.06839382900012, 16.44682279600005]]]}, "properties": {"name": "Ambaguio", "level": "municipality", "psgc": null, "parent_name": "Nueva Vizcaya", "province": "Nueva Vizcaya", "district": null}}, {"type": "Feature", "geometry": {"type": "Polygon", "coordinates": [[[121.05529531600007, 16.328829747000043], [121.04249895800001, 16.32669629700007], [121.02229610000006, 16.34484532700003], [120.99926188800009, 16.350081019000072], [120.99737113300012, 16.348059301000035], [120.9968332300001, 16.332796897000037], [120.99448757700009, 16.324278477000064], [120.97474442000009, 16.310177843000076], [120.96677657400005, 16.315389469000024], [120.95226906000005, 16.294587316000047], [120.94716564400005, 16.293558414000074], [120.92702769800007, 16.284634652000022], [120.93669706500009, 16.25216437200004], [120.91760763600007, 16.228925753000055], [120.95078226400005, 16.225046802000065], [120.94951254700004, 16.209772131000022], [120.9512301640001, 16.20693942500003], [120.95861212700004, 16.208073649000028], [120.98295336600006, 16.19733954900005], [120.99799294400009, 16.181415290000075], [121.02922320700009, 16.16655634600005], [121.0486064700001, 16.179939276000027], [121.05576197000005, 16.18073412600006], [121.04988548000006, 16.173362960000077], [121.04909399200005, 16.166784609000047], [121.0508293370001, 16.164310200000045], [121.04886476400009, 16.16014629800003], [121.06197907, 16.14847340500006], [121.06374579800001, 16.141192942000032], [121.06305620900002, 16.137358774000063], [121.06829229900006, 16.13471942500007], [121.06965055300009, 16.130915724000033], [121.07154797600003, 16.131568431000062], [121.07305615400003, 16.127074366000045], [121.07445959900008, 16.127412495000044], [121.07495017300005, 16.123685274000024], [121.0878713080001, 16.11399938200003], [121.11397372600004, 16.112773978000064], [121.11953343000005, 16.113344204000043], [121.12224200300011, 16.115339995000056], [121.12032985000008, 16.138846642000033], [121.11257818500007, 16.15499614600003], [121.0978211790001, 16.196867652000037], [121.09554164100007, 16.20718555800005], [121.10262020500011, 16.21990297800005], [121.10286015600002, 16.225301883000043], [121.10489974300003, 16.22782137200005], [121.10553906200005, 16.23826913000005], [121.0997591250001, 16.259507038000038], [121.09250060000011, 16.267840901000056], [121.08284191700011, 16.28387082200004], [121.07486656600008, 16.291482134000034], [121.05982868800004, 16.310448175000033], [121.05901087200004, 16.318549499000028], [121.05529531600007, 16.328829747000043]]]}, "properties": {"name": "Aritao", "level": "municipality", "psgc": null, "parent_name": "Nueva Vizcaya", "province": "Nueva Vizcaya", "district": null}}, {"type": "Feature", "geometry": {"type": "Polygon", "coordinates": [[[121.28616128200008, 16.656926525000074], [121.28061660100002, 16.662655637000057], [121.2791743460001, 16.66752044800006], [121.27643328400006, 16.668528836000064], [121.27114555700007, 16.66374496000003], [121.26945907100003, 16.65898873200007], [121.26409251200005, 16.66059170400007], [121.26038281600006, 16.658331729000054], [121.25888818800001, 16.651144153000075], [121.25375953500009, 16.651054369000065], [121.25215918900005, 16.652687425000067], [121.24973305500009, 16.65093738400003], [121.24685897900008, 16.65213897700005], [121.24382273600008, 16.651306830000067], [121.24113495000006, 16.65394168000006], [121.23604050400002, 16.654163596000046], [121.23259590200007, 16.649162278000063], [121.22856622600011, 16.649567784000055], [121.2247125880001, 16.64795734200004], [121.22241256600012, 16.644663473000037], [121.2131224530001, 16.64572067000006], [121.21188340900005, 16.64166614100003], [121.20447204100003, 16.642877503000022], [121.20192679400009, 16.639796981000075], [121.19774842600009, 16.638961271000028], [121.18570790600006, 16.640736224000023], [121.17669574000001, 16.64026983900004], [121.17642691200001, 16.63519724400004], [121.17944382100006, 16.634296714000072], [121.18473209600006, 16.629494779000026], [121.18522387100006, 16.62192129300007], [121.19393907100005, 16.620541021000065], [121.193749668, 16.614900324000075], [121.20082595800011, 16.60761110900006], [121.20257140100011, 16.601633486000026], [121.207836788, 16.600531991000025], [121.20717167900011, 16.594850243000053], [121.20480529600002, 16.590447057000063], [121.20294644000012, 16.588880474000064], [121.20059350800011, 16.590311411000073], [121.19756936400006, 16.588024863000044], [121.19855501300003, 16.585367048000023], [121.19576945200004, 16.585710625000047], [121.19953745600003, 16.58036271800006], [121.19857440700002, 16.57846850800007], [121.2146887770001, 16.58426343000002], [121.22166968700003, 16.57258709100006], [121.22145555800012, 16.555185150000057], [121.2239735070001, 16.54853253700003], [121.23477248300003, 16.547856354000032], [121.23679315800007, 16.54984552700006], [121.2411918360001, 16.54745277400002], [121.24768044300004, 16.546993059000044], [121.25477924900008, 16.542215614000042], [121.251053425, 16.539266130000044], [121.281962786, 16.528650377000076], [121.28800527500005, 16.53836152200006], [121.30024451500003, 16.54717798400003], [121.30218656500006, 16.546096393000028], [121.30242282800009, 16.543821593000075], [121.30428466600006, 16.54531143400004], [121.30902746700008, 16.542708060000052], [121.310852812, 16.54463131800003], [121.31131926400008, 16.54208441800006], [121.31313398400005, 16.543799972000045], [121.31562001900011, 16.542112657000075], [121.31584972300004, 16.54587196500006], [121.31827452000005, 16.54390568100007], [121.32039012500002, 16.545094020000022], [121.32244562900007, 16.542230576000065], [121.3243993640001, 16.54315338600003], [121.32649426100011, 16.54084200400007], [121.33074081500001, 16.54134948600006], [121.31876072300008, 16.584349705000022], [121.3167928470001, 16.600841717000037], [121.31405389200006, 16.60671037900005], [121.319432978, 16.619927381000025], [121.30982003000008, 16.624899304000053], [121.30753375600011, 16.631044365000037], [121.30816387200002, 16.63397337300006], [121.30378559400003, 16.639017120000062], [121.30534482700011, 16.642277814000067], [121.30304198700003, 16.64356745400005], [121.2992848450001, 16.64266125300003], [121.29879670800005, 16.646010643000068], [121.29703651500006, 16.64758501400007], [121.29744843100002, 16.65028494300003], [121.29465222100009, 16.649397923000038], [121.29210423600011, 16.651230829000042], [121.29018223500009, 16.65085186600004], [121.28616128200008, 16.656926525000074]]]}, "properties": {"name": "Bagabag", "level": "municipality", "psgc": null, "parent_name": "Nueva Vizcaya", "province": "Nueva Vizcaya", "district": null}}, {"type": "Feature", "geometry": {"type": "Polygon", "coordinates": [[[121.03127688000006, 16.451598760000024], [121.02679088700006, 16.452296748000037], [121.01321413100004, 16.437029254000038], [120.99319999000011, 16.38908493200006], [120.99926188800009, 16.350081019000072], [121.02229610000006, 16.34484532700003], [121.04249895800001, 16.32669629700007], [121.05529531600007, 16.328829747000043], [121.05243099600011, 16.336462004000055], [121.07199008300006, 16.33036222100003], [121.07089938600006, 16.325719845000037], [121.07401596200009, 16.32489453000005], [121.09959920900008, 16.330958082000052], [121.09917783700007, 16.333479644000022], [121.10207828500006, 16.338830346000066], [121.10870014800003, 16.338082013000076], [121.1243864700001, 16.341653362000045], [121.13069497300012, 16.33401125000006], [121.16974058700009, 16.33230919600004], [121.17685323400008, 16.38794561700007], [121.18109262300004, 16.39265420600003], [121.18673319200002, 16.393478422000044], [121.18784400600009, 16.405816319000053], [121.22212838900009, 16.417760630000032], [121.2239116080001, 16.42687794400007], [121.18043867800009, 16.433465841000043], [121.14102828900002, 16.436196969000036], [121.10874362700008, 16.432781197000054], [121.0760806940001, 16.440925437000033], [121.06839382900012, 16.44682279600005], [121.03127688000006, 16.451598760000024]]]}, "properties": {"name": "Bambang", "level": "municipality", "psgc": null, "parent_name": "Nueva Vizcaya", "province": "Nueva Vizcaya", "district": null}}, {"type": "Feature", "geometry": {"type": "Polygon", "coordinates": [[[121.33074081500001, 16.54134948600006], [121.33486162100007, 16.54353210900007], [121.36183776000007, 16.545607073000042], [121.38564717600002, 16.51560742600003], [121.39264336400004, 16.541548798000065], [121.39985675100002, 16.607053096000072], [121.40832501300008, 16.613597952000077], [121.41098123600011, 16.613736247000077], [121.41383162800003, 16.618890659000044], [121.41740695600004, 16.620691883000063], [121.424899804, 16.61928342500005], [121.43647493700007, 16.623433001000024], [121.44575299200005, 16.634300799000073], [121.43239537300008, 16.638312126000073], [121.40618698600008, 16.639204305000078], [121.4005889980001, 16.64163803100007], [121.39661213300008, 16.64523446800007], [121.3971688790001, 16.64987794800004], [121.39026450500012, 16.69443652700005], [121.37803094900005, 16.722181686000056], [121.38941715600004, 16.727348128000074], [121.38037066400011, 16.736556165000025], [121.37057490500001, 16.75200994000005], [121.36613663100002, 16.753821986000048], [121.36317579100012, 16.752735407000046], [121.3588821190001, 16.753681501000074], [121.35368989100004, 16.757178165000028], [121.35073532800004, 16.75482642000003], [121.34893702200009, 16.747466975000066], [121.34321809700009, 16.745868922000057], [121.33933283500005, 16.74758722100006], [121.33865075400001, 16.75348573900004], [121.33381496900006, 16.75193643800003], [121.33142686100007, 16.737500328000067], [121.32927583800006, 16.73422054200006], [121.32638383100004, 16.733089630000052], [121.31434472400008, 16.71791163300003], [121.31541259900007, 16.701307632000066], [121.31376456600003, 16.696882911000046], [121.31214757400005, 16.697778868000057], [121.30436554300002, 16.693060208000077], [121.29365355700008, 16.694119219000072], [121.28837351600009, 16.688370604000056], [121.28823650000004, 16.686236734000033], [121.29188348000002, 16.683741860000055], [121.29404244500006, 16.679246117000048], [121.29137240400007, 16.673553481000056], [121.29482832500003, 16.663304078000067], [121.29182229600008, 16.65921234700005], [121.28616128200008, 16.656926525000074], [121.29018223500009, 16.65085186600004], [121.29210423600011, 16.651230829000042], [121.29465222100009, 16.649397923000038], [121.29744843100002, 16.65028494300003], [121.29703651500006, 16.64758501400007], [121.29879670800005, 16.646010643000068], [121.2992848450001, 16.64266125300003], [121.30304198700003, 16.64356745400005], [121.30534482700011, 16.642277814000067], [121.30378559400003, 16.639017120000062], [121.30816387200002, 16.63397337300006], [121.30753375600011, 16.631044365000037], [121.30982003000008, 16.624899304000053], [121.319432978, 16.619927381000025], [121.31405389200006, 16.60671037900005], [121.3167928470001, 16.600841717000037], [121.31876072300008, 16.584349705000022], [121.33074081500001, 16.54134948600006]]]}, "properties": {"name": "Diadi", "level": "municipality", "psgc": null, "parent_name": "Nueva Vizcaya", "province": "Nueva Vizcaya", "district": null}}, {"type": "Feature", "geometry": {"type": "Polygon", "coordinates": [[[121.34075960900009, 16.02196998100004], [121.36543708700003, 16.066626002000078], [121.35063233500011, 16.08875359700005], [121.34733566500006, 16.088445242000034], [121.34699629700003, 16.090827743000034], [121.33959771900004, 16.079012976000058], [121.33944428500001, 16.081160574000023], [121.33759390800003, 16.080661383000063], [121.33801464100009, 16.08305215000007], [121.33412161900003, 16.084020813000052], [121.33004155200001, 16.093953123000063], [121.32167984900002, 16.094338203000063], [121.32221226900003, 16.09575457400007], [121.31957864500009, 16.100301788000024], [121.32037721200004, 16.101725577000025], [121.31824516200004, 16.103633600000023], [121.31376190800006, 16.103822251000054], [121.31016108000006, 16.114138549000074], [121.3014081120001, 16.117928832000075], [121.30192621100002, 16.11919210800005], [121.30383399900006, 16.11895419500007], [121.30447043000004, 16.121840417000044], [121.299556875, 16.125551811000037], [121.29931867800008, 16.127656315000024], [121.29763804100003, 16.126824474000045], [121.29780319600002, 16.128949764000026], [121.29436819200009, 16.131882976000043], [121.2945684010001, 16.134821827000053], [121.29212170900007, 16.134508866000033], [121.29104325300011, 16.135831850000045], [121.29071932800002, 16.13441490100007], [121.28935733800006, 16.134699643000033], [121.28964305600005, 16.137084980000054], [121.28712870100003, 16.136750848000077], [121.2844832080001, 16.14018216200003], [121.28462499900002, 16.144840660000057], [121.2858793580001, 16.145210269000074], [121.28551771200011, 16.147964469000044], [121.28692644500006, 16.149512747000074], [121.28587908200006, 16.149241709000023], [121.2850929440001, 16.151655636000044], [121.28310498200005, 16.151274922000027], [121.28359984000008, 16.157253586000024], [121.27740099100004, 16.161854126000037], [121.28687355400007, 16.16680192800004], [121.3070017770001, 16.156876356000055], [121.32651811800008, 16.157835947000024], [121.33554269800004, 16.173060719000034], [121.31394964800006, 16.17928840600007], [121.30075904500006, 16.20114096900005], [121.29989098200008, 16.209559719000026], [121.29738218000011, 16.23670707100007], [121.27466945000003, 16.267447548000064], [121.25381234000008, 16.279909237000027], [121.23642888900008, 16.271743787000048], [121.20399027500002, 16.310373087000073], [121.17867264100005, 16.321142058000078], [121.16974058700009, 16.33230919600004], [121.13069497300012, 16.33401125000006], [121.1243864700001, 16.341653362000045], [121.10870014800003, 16.338082013000076], [121.10207828500006, 16.338830346000066], [121.09917783700007, 16.333479644000022], [121.09959920900008, 16.330958082000052], [121.07401596200009, 16.32489453000005], [121.07089938600006, 16.325719845000037], [121.07065457100009, 16.323945396000056], [121.0805790070001, 16.30700252200006], [121.0903609390001, 16.304067426000074], [121.10103754300007, 16.294931947000066], [121.11561228800008, 16.290196184000024], [121.1202152510001, 16.29067636800005], [121.15414655900008, 16.278829463000022], [121.17794894800011, 16.237535336000064], [121.2023800290001, 16.20008229900003], [121.21087675100011, 16.18251274200003], [121.21707283500007, 16.18218829800003], [121.21822206700006, 16.185067882000055], [121.22305955900003, 16.186281484000062], [121.23117819400011, 16.180243327000028], [121.22911451900006, 16.17739490200006], [121.23075130900008, 16.174977124000065], [121.23037177800006, 16.170112811000024], [121.23383581100006, 16.17257358300003], [121.234237516, 16.170209879000026], [121.23687748500004, 16.169757505000064], [121.23516728300001, 16.167241957000044], [121.23786916900008, 16.16550528500005], [121.237143564, 16.163222911000048], [121.24107783900001, 16.16391458100003], [121.24362939000002, 16.160389085000077], [121.2436396380001, 16.153379358000052], [121.24240205000001, 16.15200165500005], [121.25826901900007, 16.132539930000064], [121.28547905800008, 16.090124281000044], [121.29569712800003, 16.02824997400006], [121.34075960900009, 16.02196998100004]]]}, "properties": {"name": "Dupax Del Norte", "level": "municipality", "psgc": null, "parent_name": "Nueva Vizcaya", "province": "Nueva Vizcaya", "district": null}}, {"type": "Feature", "geometry": {"type": "Polygon", "coordinates": [[[121.29569712800003, 16.02824997400006], [121.28547905800008, 16.090124281000044], [121.25826901900007, 16.132539930000064], [121.24240205000001, 16.15200165500005], [121.2436396380001, 16.153379358000052], [121.24362939000002, 16.160389085000077], [121.24107783900001, 16.16391458100003], [121.237143564, 16.163222911000048], [121.23786916900008, 16.16550528500005], [121.23516728300001, 16.167241957000044], [121.23687748500004, 16.169757505000064], [121.234237516, 16.170209879000026], [121.23383581100006, 16.17257358300003], [121.23037177800006, 16.170112811000024], [121.23075130900008, 16.174977124000065], [121.22911451900006, 16.17739490200006], [121.23117819400011, 16.180243327000028], [121.22305955900003, 16.186281484000062], [121.21822206700006, 16.185067882000055], [121.21707283500007, 16.18218829800003], [121.21087675100011, 16.18251274200003], [121.2023800290001, 16.20008229900003], [121.17794894800011, 16.237535336000064], [121.15414655900008, 16.278829463000022], [121.1202152510001, 16.29067636800005], [121.11561228800008, 16.290196184000024], [121.10103754300007, 16.294931947000066], [121.0903609390001, 16.304067426000074], [121.0805790070001, 16.30700252200006], [121.07065457100009, 16.323945396000056], [121.07089938600006, 16.325719845000037], [121.07199008300006, 16.33036222100003], [121.05243099600011, 16.336462004000055], [121.05529531600007, 16.328829747000043], [121.05901087200004, 16.318549499000028], [121.05982868800004, 16.310448175000033], [121.07486656600008, 16.291482134000034], [121.08284191700011, 16.28387082200004], [121.09250060000011, 16.267840901000056], [121.0997591250001, 16.259507038000038], [121.10553906200005, 16.23826913000005], [121.10489974300003, 16.22782137200005], [121.10286015600002, 16.225301883000043], [121.10262020500011, 16.21990297800005], [121.09554164100007, 16.20718555800005], [121.0978211790001, 16.196867652000037], [121.11257818500007, 16.15499614600003], [121.12032985000008, 16.138846642000033], [121.12224200300011, 16.115339995000056], [121.13451531900012, 16.106296174000022], [121.14185030100009, 16.104218253000056], [121.15619023800002, 16.096400637000045], [121.17424918400002, 16.090108902000054], [121.18248110400009, 16.079479501000037], [121.18504504700002, 16.07174795900005], [121.19210574800002, 15.997633897000071], [121.18967127600001, 15.977104733000033], [121.18785990100002, 15.948386911000057], [121.1924981950001, 15.942888391000054], [121.19399818500005, 15.922087606000048], [121.22285791500008, 15.872750951000057], [121.24957648000009, 15.99702312900007], [121.23741815300002, 16.017971190000026], [121.26517004700008, 16.030457456000022], [121.29569712800003, 16.02824997400006]]]}, "properties": {"name": "Dupax Del Sur", "level": "municipality", "psgc": null, "parent_name": "Nueva Vizcaya", "province": "Nueva Vizcaya", "district": null}}, {"type": "Feature", "geometry": {"type": "Polygon", "coordinates": [[[121.520757752, 16.339014960000043], [121.47877953800003, 16.350285926000026], [121.48150201400006, 16.357183331000044], [121.43716017000008, 16.383300146000067], [121.44860449300006, 16.42811832900003], [121.42291650800007, 16.428137504000063], [121.40003235000006, 16.434969730000034], [121.37686570300002, 16.451005424000073], [121.34172063800008, 16.431035817000065], [121.32277230500006, 16.40571202600006], [121.28844037600004, 16.39982915300004], [121.26020456700007, 16.423810883000044], [121.2239116080001, 16.42687794400007], [121.22212838900009, 16.417760630000032], [121.18784400600009, 16.405816319000053], [121.18673319200002, 16.393478422000044], [121.18109262300004, 16.39265420600003], [121.17685323400008, 16.38794561700007], [121.16974058700009, 16.33230919600004], [121.17867264100005, 16.321142058000078], [121.20399027500002, 16.310373087000073], [121.23642888900008, 16.271743787000048], [121.25381234000008, 16.279909237000027], [121.27466945000003, 16.267447548000064], [121.29738218000011, 16.23670707100007], [121.29989098200008, 16.209559719000026], [121.32918279100011, 16.200524123000037], [121.34825628400006, 16.196709424000062], [121.38376232500002, 16.201110999000036], [121.4101432010001, 16.221784153000044], [121.41985524200004, 16.231628588000035], [121.432033595, 16.254100451000056], [121.43811692400004, 16.25979982700005], [121.44370747800008, 16.26220938800003], [121.4459685060001, 16.264881996000042], [121.45100416800005, 16.264346443000022], [121.45368998700008, 16.266388929000072], [121.45764799100004, 16.266509120000023], [121.46681068100008, 16.270629730000053], [121.472016585, 16.278176337000048], [121.47093498200002, 16.281227200000046], [121.47673908700006, 16.283631867000054], [121.48071900200011, 16.28747204900003], [121.47994756900005, 16.29007652000007], [121.48319515300011, 16.29348514900005], [121.49249199500002, 16.29880253600004], [121.4948758160001, 16.301749236000035], [121.49598258900005, 16.310331203000032], [121.50003406400003, 16.31419442200007], [121.50639002100002, 16.316034303000038], [121.50990650300002, 16.321016833000044], [121.51472631100012, 16.324598336000065], [121.51307404700003, 16.329815103000044], [121.51888230300005, 16.334835833000056], [121.520757752, 16.339014960000043]]]}, "properties": {"name": "Kasibu", "level": "municipality", "psgc": null, "parent_name": "Nueva Vizcaya", "province": "Nueva Vizcaya", "district": null}}, {"type": "Feature", "geometry": {"type": "Polygon", "coordinates": [[[120.98396101600008, 16.569654786000058], [120.97311089400011, 16.56944960800007], [120.96566817200005, 16.573327359000075], [120.94753998600004, 16.57919712100005], [120.9399374620001, 16.585082947000046], [120.92950614800009, 16.600053544000048], [120.90440899500004, 16.595359904000077], [120.89210972500007, 16.558460226000022], [120.88320633500007, 16.50539150700007], [120.889427, 16.436073], [120.87814482400006, 16.421579058000077], [120.8711584460001, 16.384243957000024], [120.86392001700005, 16.374813353000036], [120.86034722400007, 16.353388911000025], [120.84552298100004, 16.319500078000033], [120.82832254100003, 16.31969874500004], [120.82317702600005, 16.31852931000003], [120.81592652800009, 16.31314990800007], [120.81311988300001, 16.303560539000046], [120.80005260900009, 16.304845744000033], [120.78636563100008, 16.255991836000078], [120.80828311000005, 16.255101317000026], [120.87706298400008, 16.231806279000068], [120.91760763600007, 16.228925753000055], [120.93669706500009, 16.25216437200004], [120.92702769800007, 16.284634652000022], [120.94716564400005, 16.293558414000074], [120.95226906000005, 16.294587316000047], [120.96677657400005, 16.315389469000024], [120.97474442000009, 16.310177843000076], [120.99448757700009, 16.324278477000064], [120.9968332300001, 16.332796897000037], [120.99737113300012, 16.348059301000035], [120.99926188800009, 16.350081019000072], [120.99319999000011, 16.38908493200006], [121.01321413100004, 16.437029254000038], [121.02679088700006, 16.452296748000037], [121.03127688000006, 16.451598760000024], [121.0315352450001, 16.478346043000045], [121.01954597800011, 16.48521824100004], [121.01258876500003, 16.483589377000044], [121.01013539100006, 16.48561309100006], [121.00351052000008, 16.48612193100007], [120.99303123300001, 16.497338241000023], [120.99213142100007, 16.522645709000074], [120.98396101600008, 16.569654786000058]]]}, "properties": {"name": "Kayapa", "level": "municipality", "psgc": null, "parent_name": "Nueva Vizcaya", "province": "Nueva Vizcaya", "district": null}}, {"type": "Feature", "geometry": {"type": "Polygon", "coordinates": [[[121.251053425, 16.539266130000044], [121.23386330100004, 16.522704039000075], [121.2231253550001, 16.50754011400005], [121.2188378410001, 16.504151421000074], [121.20892449400003, 16.501944550000076], [121.20125384000005, 16.495759579000037], [121.19567546200005, 16.488541619000046], [121.19292619100008, 16.486917050000045], [121.2322888010001, 16.45359225800007], [121.2348447170001, 16.44236892500004], [121.2239116080001, 16.42687794400007], [121.26020456700007, 16.423810883000044], [121.28844037600004, 16.39982915300004], [121.32277230500006, 16.40571202600006], [121.34172063800008, 16.431035817000065], [121.37686570300002, 16.451005424000073], [121.3577187190001, 16.498419118000072], [121.3633466230001, 16.507124376000036], [121.38468610900009, 16.506486988000063], [121.38564717600002, 16.51560742600003], [121.36183776000007, 16.545607073000042], [121.33486162100007, 16.54353210900007], [121.33074081500001, 16.54134948600006], [121.32649426100011, 16.54084200400007], [121.3243993640001, 16.54315338600003], [121.32244562900007, 16.542230576000065], [121.32039012500002, 16.545094020000022], [121.31827452000005, 16.54390568100007], [121.31584972300004, 16.54587196500006], [121.31562001900011, 16.542112657000075], [121.31313398400005, 16.543799972000045], [121.31131926400008, 16.54208441800006], [121.310852812, 16.54463131800003], [121.30902746700008, 16.542708060000052], [121.30428466600006, 16.54531143400004], [121.30242282800009, 16.543821593000075], [121.30218656500006, 16.546096393000028], [121.30024451500003, 16.54717798400003], [121.28800527500005, 16.53836152200006], [121.281962786, 16.528650377000076], [121.251053425, 16.539266130000044]]]}, "properties": {"name": "Quezon", "level": "municipality", "psgc": null, "parent_name": "Nueva Vizcaya", "province": "Nueva Vizcaya", "district": null}}, {"type": "Feature", "geometry": {"type": "Polygon", "coordinates": [[[120.91760763600007, 16.228925753000055], [120.87706298400008, 16.231806279000068], [120.80828311000005, 16.255101317000026], [120.78636563100008, 16.255991836000078], [120.76896590800004, 16.198033657000053], [120.80119503800006, 16.187660433000076], [120.84150888600004, 16.168612326000073], [120.8578886040001, 16.13026056500007], [120.87044651800011, 16.118870179000055], [120.92521313600002, 16.132778591000033], [120.94003228000008, 16.133600949000027], [120.95888078900009, 16.132038289000036], [120.98789352400001, 16.125824962000024], [120.99308113400002, 16.13366633000004], [120.9987737030001, 16.13651125800004], [121.03710740100007, 16.13830442400007], [121.04773934000002, 16.137989391000076], [121.055959701, 16.134926483000072], [121.06330842200009, 16.13206864700004], [121.07495017300005, 16.123685274000024], [121.07445959900008, 16.127412495000044], [121.07305615400003, 16.127074366000045], [121.07154797600003, 16.131568431000062], [121.06965055300009, 16.130915724000033], [121.06829229900006, 16.13471942500007], [121.06305620900002, 16.137358774000063], [121.06374579800001, 16.141192942000032], [121.06197907, 16.14847340500006], [121.04886476400009, 16.16014629800003], [121.0508293370001, 16.164310200000045], [121.04909399200005, 16.166784609000047], [121.04988548000006, 16.173362960000077], [121.05576197000005, 16.18073412600006], [121.0486064700001, 16.179939276000027], [121.02922320700009, 16.16655634600005], [120.99799294400009, 16.181415290000075], [120.98295336600006, 16.19733954900005], [120.95861212700004, 16.208073649000028], [120.9512301640001, 16.20693942500003], [120.94951254700004, 16.209772131000022], [120.95078226400005, 16.225046802000065], [120.91760763600007, 16.228925753000055]]]}, "properties": {"name": "Santa Fe", "level": "municipality", "psgc": null, "parent_name": "Nueva Vizcaya", "province": "Nueva Vizcaya", "district": null}}, {"type": "Feature", "geometry": {"type": "Polygon", "coordinates": [[[121.12165396900002, 16.552472375000036], [121.1290264810001, 16.543768331000024], [121.1294613660001, 16.53673925100003], [121.132791698, 16.531031932000076], [121.14968081900008, 16.52489440100004], [121.15281132900009, 16.522823195000058], [121.15073718400004, 16.52014637800005], [121.17620822200001, 16.50890866700007], [121.18179971300003, 16.50805293800005], [121.19044243500002, 16.504279551000025], [121.19567546200005, 16.488541619000046], [121.20125384000005, 16.495759579000037], [121.20892449400003, 16.501944550000076], [121.2188378410001, 16.504151421000074], [121.2231253550001, 16.50754011400005], [121.23386330100004, 16.522704039000075], [121.251053425, 16.539266130000044], [121.25477924900008, 16.542215614000042], [121.24768044300004, 16.546993059000044], [121.2411918360001, 16.54745277400002], [121.23679315800007, 16.54984552700006], [121.23477248300003, 16.547856354000032], [121.2239735070001, 16.54853253700003], [121.22145555800012, 16.555185150000057], [121.22166968700003, 16.57258709100006], [121.2146887770001, 16.58426343000002], [121.19857440700002, 16.57846850800007], [121.1945010720001, 16.575769], [121.19356646300002, 16.572419610000054], [121.19142375800004, 16.572750849000045], [121.19058530900008, 16.570235500000024], [121.17527393900002, 16.57507749000007], [121.17242432700004, 16.57150629800003], [121.17261604100008, 16.574152621000053], [121.1713081150001, 16.574806584000044], [121.17023656200001, 16.57323864800003], [121.1678885980001, 16.573585328000036], [121.16777979000005, 16.571416002000035], [121.16345118400011, 16.571580182000048], [121.16029915900003, 16.569219795000038], [121.15381354100009, 16.57075949400007], [121.15217942700008, 16.56840636900006], [121.14981177700008, 16.56914716800003], [121.14938895900002, 16.56754436800003], [121.14522048100002, 16.56752391400005], [121.14424463300008, 16.57033227100004], [121.14216958800012, 16.56749736200004], [121.14048882700001, 16.569379083000058], [121.13727345900008, 16.567168518000074], [121.12734722900007, 16.568301204000022], [121.12551422500007, 16.567320761000076], [121.12204727400001, 16.569329951000043], [121.12192938400005, 16.592330377000053], [121.111555167, 16.594535004000022], [121.10806148800009, 16.594452027000045], [121.09423273200002, 16.585511902000064], [121.09476312700008, 16.562176953000062], [121.1139025980001, 16.55736265200005], [121.12165396900002, 16.552472375000036]]]}, "properties": {"name": "Solano", "level": "municipality", "psgc": null, "parent_name": "Nueva Vizcaya", "province": "Nueva Vizcaya", "district": null}}, {"type": "Feature", "geometry": {"type": "Polygon", "coordinates": [[[121.111555167, 16.594535004000022], [121.12192938400005, 16.592330377000053], [121.12204727400001, 16.569329951000043], [121.12551422500007, 16.567320761000076], [121.12734722900007, 16.568301204000022], [121.13727345900008, 16.567168518000074], [121.14048882700001, 16.569379083000058], [121.14216958800012, 16.56749736200004], [121.14424463300008, 16.57033227100004], [121.14522048100002, 16.56752391400005], [121.14938895900002, 16.56754436800003], [121.14981177700008, 16.56914716800003], [121.15217942700008, 16.56840636900006], [121.15381354100009, 16.57075949400007], [121.16029915900003, 16.569219795000038], [121.16345118400011, 16.571580182000048], [121.16777979000005, 16.571416002000035], [121.1678885980001, 16.573585328000036], [121.17023656200001, 16.57323864800003], [121.1713081150001, 16.574806584000044], [121.17261604100008, 16.574152621000053], [121.17242432700004, 16.57150629800003], [121.17527393900002, 16.57507749000007], [121.19058530900008, 16.570235500000024], [121.19142375800004, 16.572750849000045], [121.19356646300002, 16.572419610000054], [121.1945010720001, 16.575769], [121.19857440700002, 16.57846850800007], [121.19953745600003, 16.58036271800006], [121.19576945200004, 16.585710625000047], [121.19855501300003, 16.585367048000023], [121.19756936400006, 16.588024863000044], [121.20059350800011, 16.590311411000073], [121.20294644000012, 16.588880474000064], [121.20480529600002, 16.590447057000063], [121.20717167900011, 16.594850243000053], [121.207836788, 16.600531991000025], [121.20257140100011, 16.601633486000026], [121.20082595800011, 16.60761110900006], [121.193749668, 16.614900324000075], [121.19393907100005, 16.620541021000065], [121.18522387100006, 16.62192129300007], [121.18473209600006, 16.629494779000026], [121.17944382100006, 16.634296714000072], [121.17642691200001, 16.63519724400004], [121.17669574000001, 16.64026983900004], [121.1736839570001, 16.64460975800006], [121.17142293100005, 16.64422356400007], [121.16990730400005, 16.645897642000023], [121.16530926000007, 16.64441092900006], [121.1643813180001, 16.64223175500007], [121.1631951820001, 16.64301448300006], [121.16220551600009, 16.63904075000005], [121.16058286600003, 16.63868909200005], [121.152656578, 16.64209366800003], [121.1354977630001, 16.64474705200007], [121.13232954300008, 16.642482554000026], [121.12661635900008, 16.64165154500006], [121.12262751800006, 16.63830673600006], [121.10563417500009, 16.63056137700005], [121.111555167, 16.594535004000022]]]}, "properties": {"name": "Villaverde", "level": "municipality", "psgc": null, "parent_name": "Nueva Vizcaya", "province": "Nueva Vizcaya", "district": null}}, {"type": "Feature", "geometry": {"type": "Polygon", "coordinates": [[[121.68380586300009, 16.47574939900005], [121.6662347460001, 16.488944342000025], [121.66521889800003, 16.491839411000058], [121.66378245200008, 16.491155595000066], [121.66099118700004, 16.493536595000023], [121.65903144000004, 16.49300911200004], [121.64313825600004, 16.523100139000064], [121.63801825100006, 16.525068834000024], [121.63520337300008, 16.522721869000065], [121.63119705500003, 16.530774654000027], [121.62547554000002, 16.549078374000032], [121.62301467600003, 16.548898364000024], [121.61395958500009, 16.547788998000044], [121.61055783000006, 16.54310879600007], [121.60896622000007, 16.53889302600004], [121.61392488500007, 16.532243908000055], [121.61330351400011, 16.53053028000005], [121.59174578400007, 16.524579043000074], [121.59334057700005, 16.51710194100002], [121.58624051100003, 16.504543673000057], [121.58308060000002, 16.505069689000038], [121.58145109000009, 16.507177821000028], [121.57786638700009, 16.504752737000047], [121.56920635800009, 16.50726764600006], [121.5721199080001, 16.494016964000025], [121.56007130700004, 16.495079530000055], [121.54740588900006, 16.490311854000026], [121.5420165050001, 16.468407241000023], [121.55427378700006, 16.463100620000034], [121.56059108300008, 16.448943039000028], [121.56410485600009, 16.44967431400005], [121.56496066200009, 16.448348286000055], [121.56369106000011, 16.443975214000034], [121.56174433800004, 16.442367052000066], [121.55712675000007, 16.44558337600006], [121.55420196500006, 16.445677421000028], [121.54940640400002, 16.44163457700006], [121.54265206700006, 16.439072427000042], [121.53731313000003, 16.429294859000038], [121.5355200140001, 16.428561312000056], [121.52971524800012, 16.43149735800006], [121.52462932300011, 16.43004423600007], [121.52279946600004, 16.42800582900003], [121.5238633990001, 16.426334852000025], [121.53584392300002, 16.42375410300002], [121.53744966600004, 16.417728370000077], [121.53687668900011, 16.41067558000003], [121.54140288400004, 16.407176160000063], [121.54050723300008, 16.40577606200003], [121.53648195100004, 16.40557016500003], [121.52998590800007, 16.39851820000007], [121.52993443300011, 16.395234146000064], [121.5323640150001, 16.393731100000025], [121.53309494900009, 16.390776481000046], [121.52829226900008, 16.384046781000052], [121.52592103600011, 16.383893390000026], [121.52612286500005, 16.375554091000026], [121.52207218, 16.37009236800003], [121.52550997700007, 16.36257825200005], [121.5216789970001, 16.355355098000075], [121.52306336400011, 16.34798948400004], [121.520757752, 16.339014960000043], [121.51888230300005, 16.334835833000056], [121.51307404700003, 16.329815103000044], [121.51472631100012, 16.324598336000065], [121.50990650300002, 16.321016833000044], [121.50639002100002, 16.316034303000038], [121.50003406400003, 16.31419442200007], [121.49598258900005, 16.310331203000032], [121.4948758160001, 16.301749236000035], [121.49249199500002, 16.29880253600004], [121.48319515300011, 16.29348514900005], [121.47994756900005, 16.29007652000007], [121.48071900200011, 16.28747204900003], [121.47673908700006, 16.283631867000054], [121.47093498200002, 16.281227200000046], [121.472016585, 16.278176337000048], [121.46681068100008, 16.270629730000053], [121.45764799100004, 16.266509120000023], [121.45368998700008, 16.266388929000072], [121.45100416800005, 16.264346443000022], [121.4459685060001, 16.264881996000042], [121.44370747800008, 16.26220938800003], [121.43811692400004, 16.25979982700005], [121.432033595, 16.254100451000056], [121.41985524200004, 16.231628588000035], [121.4101432010001, 16.221784153000044], [121.42154296500007, 16.21681472800003], [121.42432188900011, 16.219187705000024], [121.42959305300008, 16.213634521000074], [121.43279301500002, 16.213488893000033], [121.44316746100003, 16.220322701000043], [121.44765259100006, 16.221260501000074], [121.48382806500001, 16.250868161000028], [121.48511223800006, 16.25618651900004], [121.4900097630001, 16.26110969700005], [121.49290789100007, 16.267364232000034], [121.49325233400009, 16.278289576000077], [121.49910407900006, 16.287791596000034], [121.50614580600006, 16.30376288900004], [121.51065925700004, 16.309081958000036], [121.51135969100005, 16.314461188000053], [121.52233869000008, 16.320920186000023], [121.52314370500005, 16.32260589400005], [121.52938525000002, 16.344073206000076], [121.52945723200003, 16.34687548900007], [121.52798204700002, 16.34829176200003], [121.56417131, 16.34752750000007], [121.56897783000011, 16.35014534000004], [121.57788916400011, 16.35853879800004], [121.61784815400006, 16.374630567000054], [121.65551234100008, 16.393557285000043], [121.6634248680001, 16.39846506500004], [121.66332915900011, 16.404087106000077], [121.67459863800002, 16.414297633000047], [121.68416588100001, 16.41593887600004], [121.68837611200001, 16.419695836000074], [121.68686802000002, 16.422874824000075], [121.68975263400011, 16.422845804000076], [121.68989193200002, 16.425109384000052], [121.69141839800011, 16.424732121000034], [121.7018694520001, 16.445344540000065], [121.69022134400007, 16.459001794000073], [121.69108260900009, 16.461195907000047], [121.68380586300009, 16.47574939900005]]]}, "properties": {"name": "Aglipay", "level": "municipality", "psgc": null, "parent_name": "Quirino", "province": "Quirino", "district": null}}, {"type": "Feature", "geometry": {"type": "Polygon", "coordinates": [[[121.56920635800009, 16.50726764600006], [121.55349041900001, 16.51153204900004], [121.55634332200009, 16.522274952000032], [121.55010270900004, 16.521625974000074], [121.55018027900007, 16.531146410000076], [121.54477205800004, 16.526800526000045], [121.53451757900007, 16.527451545000076], [121.5284534000001, 16.526007442000036], [121.52447245300004, 16.536686058000043], [121.5257992820001, 16.541431886000055], [121.50579026800006, 16.54942565400006], [121.50188037700002, 16.549585896000053], [121.51127100200006, 16.539604675000078], [121.50204943000006, 16.52716079000004], [121.493303319, 16.522146760000055], [121.48285252800008, 16.51201014800006], [121.4542844230001, 16.46984470800004], [121.43739611600006, 16.456200566000064], [121.43214309000007, 16.444982262000053], [121.43613828800005, 16.440184221000038], [121.42291650800007, 16.428137504000063], [121.44860449300006, 16.42811832900003], [121.43716017000008, 16.383300146000067], [121.48150201400006, 16.357183331000044], [121.47877953800003, 16.350285926000026], [121.520757752, 16.339014960000043], [121.52306336400011, 16.34798948400004], [121.5216789970001, 16.355355098000075], [121.52550997700007, 16.36257825200005], [121.52207218, 16.37009236800003], [121.52612286500005, 16.375554091000026], [121.52592103600011, 16.383893390000026], [121.52829226900008, 16.384046781000052], [121.53309494900009, 16.390776481000046], [121.5323640150001, 16.393731100000025], [121.52993443300011, 16.395234146000064], [121.52998590800007, 16.39851820000007], [121.53648195100004, 16.40557016500003], [121.54050723300008, 16.40577606200003], [121.54140288400004, 16.407176160000063], [121.53687668900011, 16.41067558000003], [121.53744966600004, 16.417728370000077], [121.53584392300002, 16.42375410300002], [121.5238633990001, 16.426334852000025], [121.52279946600004, 16.42800582900003], [121.52462932300011, 16.43004423600007], [121.52971524800012, 16.43149735800006], [121.5355200140001, 16.428561312000056], [121.53731313000003, 16.429294859000038], [121.54265206700006, 16.439072427000042], [121.54940640400002, 16.44163457700006], [121.55420196500006, 16.445677421000028], [121.55712675000007, 16.44558337600006], [121.56174433800004, 16.442367052000066], [121.56369106000011, 16.443975214000034], [121.56496066200009, 16.448348286000055], [121.56410485600009, 16.44967431400005], [121.56059108300008, 16.448943039000028], [121.55427378700006, 16.463100620000034], [121.5420165050001, 16.468407241000023], [121.54740588900006, 16.490311854000026], [121.56007130700004, 16.495079530000055], [121.5721199080001, 16.494016964000025], [121.56920635800009, 16.50726764600006]]]}, "properties": {"name": "Cabarroguis", "level": "municipality", "psgc": null, "parent_name": "Quirino", "province": "Quirino", "district": null}}, {"type": "Feature", "geometry": {"type": "Polygon", "coordinates": [[[121.55018027900007, 16.531146410000076], [121.550413864, 16.535319596000022], [121.55402591300003, 16.542179572000066], [121.53345480300004, 16.547785911000062], [121.55201303900003, 16.569721292000054], [121.55272830600006, 16.571406059000026], [121.55042076400002, 16.574106724000046], [121.55712107600004, 16.576354965000064], [121.56753495300006, 16.598270988000024], [121.575892812, 16.597860096000034], [121.57858267100005, 16.598471049000068], [121.57384646800006, 16.606030798000063], [121.57048577800003, 16.610435594000023], [121.56701087600004, 16.610498691000032], [121.56749450100006, 16.613628085000073], [121.55481491400008, 16.62891236200005], [121.53527233800003, 16.63260553500004], [121.5232009120001, 16.637130467000077], [121.52148660700004, 16.63424570500007], [121.52278118700008, 16.632328168000072], [121.52062412400005, 16.631733116000078], [121.5088155630001, 16.636439754000037], [121.50217951400009, 16.635458957000026], [121.50205375300004, 16.634093936000056], [121.49962784000002, 16.634241367000072], [121.49844839100001, 16.632445387000075], [121.49596941800007, 16.63793083400003], [121.4925712910001, 16.63711491300006], [121.48460389500008, 16.638999684000055], [121.4830679580001, 16.642962467000075], [121.46601437900006, 16.641396523000026], [121.44575299200005, 16.634300799000073], [121.43647493700007, 16.623433001000024], [121.424899804, 16.61928342500005], [121.41740695600004, 16.620691883000063], [121.41383162800003, 16.618890659000044], [121.41098123600011, 16.613736247000077], [121.40832501300008, 16.613597952000077], [121.39985675100002, 16.607053096000072], [121.39264336400004, 16.541548798000065], [121.38564717600002, 16.51560742600003], [121.38468610900009, 16.506486988000063], [121.3633466230001, 16.507124376000036], [121.3577187190001, 16.498419118000072], [121.37686570300002, 16.451005424000073], [121.40003235000006, 16.434969730000034], [121.42291650800007, 16.428137504000063], [121.43613828800005, 16.440184221000038], [121.43214309000007, 16.444982262000053], [121.43739611600006, 16.456200566000064], [121.4542844230001, 16.46984470800004], [121.48285252800008, 16.51201014800006], [121.493303319, 16.522146760000055], [121.50204943000006, 16.52716079000004], [121.51127100200006, 16.539604675000078], [121.50188037700002, 16.549585896000053], [121.50579026800006, 16.54942565400006], [121.5257992820001, 16.541431886000055], [121.52447245300004, 16.536686058000043], [121.5284534000001, 16.526007442000036], [121.53451757900007, 16.527451545000076], [121.54477205800004, 16.526800526000045], [121.55018027900007, 16.531146410000076]]]}, "properties": {"name": "Diffun", "level": "municipality", "psgc": null, "parent_name": "Quirino", "province": "Quirino", "district": null}}, {"type": "Feature", "geometry": {"type": "Polygon", "coordinates": [[[121.49910407900006, 16.287791596000034], [121.59386003100008, 16.280821127000024], [121.60143814800006, 16.281218076000073], [121.60788915800003, 16.28469078300003], [121.61535210900001, 16.285672112000043], [121.61843463100001, 16.284235973000023], [121.63663818100008, 16.282711368000037], [121.63559349500008, 16.27472490100007], [121.63865731700002, 16.273064978000036], [121.646715233, 16.273577440000054], [121.64712627200004, 16.27192174100003], [121.65236480400006, 16.268503985000052], [121.65289678600004, 16.265970320000065], [121.66180805700003, 16.262738558000024], [121.66812241800005, 16.270372869000028], [121.68510396600004, 16.265221378000035], [121.6917296150001, 16.261329613000044], [121.70086563200005, 16.25063113400006], [121.70489434900003, 16.251080458000047], [121.70876725900007, 16.249157705000073], [121.71103518400002, 16.25292795100006], [121.71624996900005, 16.25435804400007], [121.71742004600003, 16.255975927000065], [121.72937158000002, 16.252801770000076], [121.73467482100011, 16.25472463400007], [121.73583269000005, 16.25244856000006], [121.73428774000001, 16.251268390000064], [121.74343065800008, 16.244614003000038], [121.81960476300003, 16.22622517800005], [121.84589590900009, 16.249155589000054], [121.86282605800011, 16.271396107000044], [121.89353425500008, 16.301854026000058], [121.90289792400006, 16.314322068000024], [121.9412106850001, 16.36589176900003], [121.96723491500006, 16.40023248400007], [122.024890346, 16.465353099000026], [122.05880819100003, 16.50925477800007], [122.0177337130001, 16.517024527000046], [121.963870541, 16.484835325000063], [121.88729434000004, 16.44918003300006], [121.80059177500004, 16.417749977000028], [121.79632309200008, 16.41476179400007], [121.79286491500011, 16.40878079500004], [121.74500357300008, 16.393169809000028], [121.74555747300008, 16.395818899000062], [121.74353453200001, 16.401068914000064], [121.73977162000006, 16.401935888000025], [121.73585852600002, 16.406203659000028], [121.73400277200005, 16.405350247000058], [121.73038909500008, 16.409043109000038], [121.72461886600001, 16.415500345000055], [121.71641132900004, 16.430010378000077], [121.7018694520001, 16.445344540000065], [121.69141839800011, 16.424732121000034], [121.68989193200002, 16.425109384000052], [121.68975263400011, 16.422845804000076], [121.68686802000002, 16.422874824000075], [121.68837611200001, 16.419695836000074], [121.68416588100001, 16.41593887600004], [121.67459863800002, 16.414297633000047], [121.66332915900011, 16.404087106000077], [121.6634248680001, 16.39846506500004], [121.65551234100008, 16.393557285000043], [121.61784815400006, 16.374630567000054], [121.57788916400011, 16.35853879800004], [121.56897783000011, 16.35014534000004], [121.56417131, 16.34752750000007], [121.52798204700002, 16.34829176200003], [121.52945723200003, 16.34687548900007], [121.52938525000002, 16.344073206000076], [121.52314370500005, 16.32260589400005], [121.52233869000008, 16.320920186000023], [121.51135969100005, 16.314461188000053], [121.51065925700004, 16.309081958000036], [121.50614580600006, 16.30376288900004], [121.49910407900006, 16.287791596000034]]]}, "properties": {"name": "Maddela", "level": "municipality", "psgc": null, "parent_name": "Quirino", "province": "Quirino", "district": null}}, {"type": "Feature", "geometry": {"type": "Polygon", "coordinates": [[[121.4101432010001, 16.221784153000044], [121.38376232500002, 16.201110999000036], [121.34825628400006, 16.196709424000062], [121.32918279100011, 16.200524123000037], [121.29989098200008, 16.209559719000026], [121.30075904500006, 16.20114096900005], [121.31394964800006, 16.17928840600007], [121.33554269800004, 16.173060719000034], [121.32651811800008, 16.157835947000024], [121.3070017770001, 16.156876356000055], [121.28687355400007, 16.16680192800004], [121.27740099100004, 16.161854126000037], [121.28359984000008, 16.157253586000024], [121.28310498200005, 16.151274922000027], [121.2850929440001, 16.151655636000044], [121.28587908200006, 16.149241709000023], [121.28692644500006, 16.149512747000074], [121.28551771200011, 16.147964469000044], [121.2858793580001, 16.145210269000074], [121.28462499900002, 16.144840660000057], [121.2844832080001, 16.14018216200003], [121.28712870100003, 16.136750848000077], [121.28964305600005, 16.137084980000054], [121.28935733800006, 16.134699643000033], [121.29071932800002, 16.13441490100007], [121.29104325300011, 16.135831850000045], [121.29212170900007, 16.134508866000033], [121.2945684010001, 16.134821827000053], [121.29436819200009, 16.131882976000043], [121.29780319600002, 16.128949764000026], [121.29763804100003, 16.126824474000045], [121.29931867800008, 16.127656315000024], [121.299556875, 16.125551811000037], [121.30447043000004, 16.121840417000044], [121.30383399900006, 16.11895419500007], [121.30192621100002, 16.11919210800005], [121.3014081120001, 16.117928832000075], [121.31016108000006, 16.114138549000074], [121.31376190800006, 16.103822251000054], [121.31824516200004, 16.103633600000023], [121.32037721200004, 16.101725577000025], [121.31957864500009, 16.100301788000024], [121.32221226900003, 16.09575457400007], [121.32167984900002, 16.094338203000063], [121.33004155200001, 16.093953123000063], [121.33412161900003, 16.084020813000052], [121.33801464100009, 16.08305215000007], [121.33759390800003, 16.080661383000063], [121.33944428500001, 16.081160574000023], [121.33959771900004, 16.079012976000058], [121.34699629700003, 16.090827743000034], [121.34733566500006, 16.088445242000034], [121.35063233500011, 16.08875359700005], [121.36543708700003, 16.066626002000078], [121.34075960900009, 16.02196998100004], [121.37090042000011, 15.997911264000038], [121.44036342000004, 15.936710192000078], [121.44317203500009, 15.937676597000063], [121.44589005000012, 15.934052578000035], [121.44976386400003, 15.935494464000044], [121.45498507800005, 15.931006051000054], [121.45809948700003, 15.931372452000062], [121.4586828890001, 15.928803778000031], [121.46354426900007, 15.926616156000023], [121.4745488740001, 15.929847778000067], [121.5012958310001, 15.950180545000023], [121.50374662600007, 15.948955148000039], [121.51093562500012, 15.949690386000043], [121.51154832400005, 15.95340742600007], [121.51551044200005, 15.958268169000064], [121.5156738290001, 15.961862669000027], [121.51894155500008, 15.96169928200004], [121.51984018000007, 15.964640236000037], [121.52490515700003, 15.968847435000043], [121.5288264290001, 15.969868599000051], [121.57062539300011, 16.01126710500006], [121.62897873000009, 16.063865467000028], [121.68546404300002, 16.11272907400007], [121.69269706600005, 16.116691781000043], [121.72325119700008, 16.144655707000027], [121.76492361800001, 16.173819910000077], [121.78125155300006, 16.19321946900004], [121.81960476300003, 16.22622517800005], [121.74343065800008, 16.244614003000038], [121.73428774000001, 16.251268390000064], [121.73583269000005, 16.25244856000006], [121.73467482100011, 16.25472463400007], [121.72937158000002, 16.252801770000076], [121.71742004600003, 16.255975927000065], [121.71624996900005, 16.25435804400007], [121.71103518400002, 16.25292795100006], [121.70876725900007, 16.249157705000073], [121.70489434900003, 16.251080458000047], [121.70086563200005, 16.25063113400006], [121.6917296150001, 16.261329613000044], [121.68510396600004, 16.265221378000035], [121.66812241800005, 16.270372869000028], [121.66180805700003, 16.262738558000024], [121.65289678600004, 16.265970320000065], [121.65236480400006, 16.268503985000052], [121.64712627200004, 16.27192174100003], [121.646715233, 16.273577440000054], [121.63865731700002, 16.273064978000036], [121.63559349500008, 16.27472490100007], [121.63663818100008, 16.282711368000037], [121.61843463100001, 16.284235973000023], [121.61535210900001, 16.285672112000043], [121.60788915800003, 16.28469078300003], [121.60143814800006, 16.281218076000073], [121.59386003100008, 16.280821127000024], [121.49910407900006, 16.287791596000034], [121.49325233400009, 16.278289576000077], [121.49290789100007, 16.267364232000034], [121.4900097630001, 16.26110969700005], [121.48511223800006, 16.25618651900004], [121.48382806500001, 16.250868161000028], [121.44765259100006, 16.221260501000074], [121.44316746100003, 16.220322701000043], [121.43279301500002, 16.213488893000033], [121.42959305300008, 16.213634521000074], [121.42432188900011, 16.219187705000024], [121.42154296500007, 16.21681472800003], [121.4101432010001, 16.221784153000044]]]}, "properties": {"name": "Nagtipunan", "level": "municipality", "psgc": null, "parent_name": "Quirino", "province": "Quirino", "district": null}}, {"type": "Feature", "geometry": {"type": "Polygon", "coordinates": [[[121.62301467600003, 16.548898364000024], [121.60070759400003, 16.570263699000066], [121.60077096000009, 16.57351514800007], [121.59952867000004, 16.57575489800007], [121.58379264000007, 16.575755187000027], [121.57603639600006, 16.594076955000048], [121.575892812, 16.597860096000034], [121.56753495300006, 16.598270988000024], [121.55712107600004, 16.576354965000064], [121.55042076400002, 16.574106724000046], [121.55272830600006, 16.571406059000026], [121.55201303900003, 16.569721292000054], [121.53345480300004, 16.547785911000062], [121.55402591300003, 16.542179572000066], [121.550413864, 16.535319596000022], [121.55018027900007, 16.531146410000076], [121.55010270900004, 16.521625974000074], [121.55634332200009, 16.522274952000032], [121.55349041900001, 16.51153204900004], [121.56920635800009, 16.50726764600006], [121.57786638700009, 16.504752737000047], [121.58145109000009, 16.507177821000028], [121.58308060000002, 16.505069689000038], [121.58624051100003, 16.504543673000057], [121.59334057700005, 16.51710194100002], [121.59174578400007, 16.524579043000074], [121.61330351400011, 16.53053028000005], [121.61392488500007, 16.532243908000055], [121.60896622000007, 16.53889302600004], [121.61055783000006, 16.54310879600007], [121.61395958500009, 16.547788998000044], [121.62301467600003, 16.548898364000024]]]}, "properties": {"name": "Saguday", "level": "municipality", "psgc": null, "parent_name": "Quirino", "province": "Quirino", "district": null}}, {"type": "Feature", "geometry": {"type": "MultiPolygon", "coordinates": [[[[122.38491254100006, 9.862399086000039], [122.38307981500009, 9.861871443000041], [122.38388722400009, 9.859509648000028], [122.38702490100002, 9.86130969800007], [122.38570730200001, 9.860667523000075], [122.38665653300006, 9.861362710000037], [122.38491254100006, 9.862399086000039]]], [[[122.37561498200012, 9.88054537100004], [122.37517524300006, 9.878539236000051], [122.3782236400001, 9.879165310000076], [122.376076785, 9.878171191000035], [122.37788069700002, 9.87648615300003], [122.37768179900002, 9.87340731300003], [122.37613601700002, 9.869625778000056], [122.37337283600004, 9.868354337000028], [122.37752179800009, 9.86593627600007], [122.37949328800005, 9.867842956000061], [122.37898679700004, 9.870502507000026], [122.37754739700006, 9.871022217000075], [122.37911743200004, 9.87111909600003], [122.37997738900003, 9.87684140500005], [122.37923551000006, 9.880339998000068], [122.37561498200012, 9.88054537100004]]], [[[122.70070159800002, 9.856271492000076], [122.70487467700002, 9.917684402000077], [122.71076158200003, 9.939628292000066], [122.71250428000008, 9.951777309000022], [122.71215841900005, 9.975606258000028], [122.70154847900005, 9.996594045000052], [122.69174212100006, 9.99004579800004], [122.66800583500003, 9.979520816000047], [122.64972001800004, 9.975518670000042], [122.61658511300004, 9.975271687000031], [122.58207316000005, 9.981318566000027], [122.57926082900008, 9.97931724700004], [122.5785009970001, 9.979911980000054], [122.58044308400008, 9.981364506000034], [122.5747722110001, 9.979836204000037], [122.56547007300003, 9.979900384000075], [122.52291007600002, 9.98565334400007], [122.51610633700011, 9.984485573000029], [122.50804284600008, 9.986625727000046], [122.49947173200007, 9.985421564000035], [122.49608941400004, 9.982551555000043], [122.49076437800011, 9.980730761000075], [122.49167621000004, 9.979161956000041], [122.48981218100005, 9.981080779000024], [122.47672978100002, 9.981852435000064], [122.47681232700006, 9.982793279000077], [122.46791810600007, 9.98152740300003], [122.4682526680001, 9.980105335000076], [122.46613989600007, 9.978435672000046], [122.46337179000011, 9.980456374000028], [122.46120976500004, 9.97828802600003], [122.4508442770001, 9.976342267000064], [122.44993128700003, 9.975184015000025], [122.45159812300005, 9.973722247000069], [122.45088745900011, 9.964737266000043], [122.44928669500007, 9.962076613000022], [122.45041520600012, 9.959277959000076], [122.44803440700002, 9.956576349000045], [122.44321361300001, 9.957555593000052], [122.44224818500004, 9.959664498000052], [122.43954285400002, 9.958099573000027], [122.44594103000009, 9.951716462000036], [122.44726057600008, 9.946751671000072], [122.4452473120001, 9.942686975000072], [122.44550572000003, 9.937876618000075], [122.4431860840001, 9.936856788000057], [122.44366248400001, 9.928175347000035], [122.44055253200008, 9.914941084000077], [122.43609143300012, 9.911371195000072], [122.43560177100005, 9.903903040000046], [122.43486599700009, 9.904627122000022], [122.43310681100002, 9.90262610700006], [122.43109408700002, 9.897834310000064], [122.42243156900008, 9.892167873000062], [122.41775571100004, 9.893208461000029], [122.41874754300011, 9.890650352000023], [122.41584407700009, 9.883851759000038], [122.41259755800002, 9.880338345000041], [122.409513134, 9.88091276800003], [122.41119158900005, 9.875731443000063], [122.40941789400006, 9.875154273000021], [122.40866624500006, 9.871050550000064], [122.40182651400005, 9.864570290000074], [122.3994097210001, 9.854943347000074], [122.3924372240001, 9.853221094000048], [122.38706474000003, 9.846660117000056], [122.38135650200002, 9.845499632000042], [122.3805180820001, 9.84153131000005], [122.37604983400001, 9.836126592000028], [122.38608841700011, 9.835822499000074], [122.38813682700004, 9.832171346000052], [122.48438121200002, 9.832649094000033], [122.55771163800011, 9.831367822000061], [122.58386153100003, 9.831098238000038], [122.59153943500007, 9.844553432000055], [122.60761594400003, 9.844730757000036], [122.61324708600011, 9.86033167000005], [122.62283644900003, 9.867085599000063], [122.67042220400003, 9.866829616000075], [122.67573063700002, 9.858734423000044], [122.70070159800002, 9.856271492000076]]]]}, "properties": {"name": "Cauayan City", "level": "municipality", "psgc": null, "parent_name": "Isabela", "province": "Isabela", "district": null}}, {"type": "Feature", "geometry": {"type": "Polygon", "coordinates": [[[121.06839382900012, 16.44682279600005], [121.0760806940001, 16.440925437000033], [121.10874362700008, 16.432781197000054], [121.14102828900002, 16.436196969000036], [121.18043867800009, 16.433465841000043], [121.2239116080001, 16.42687794400007], [121.2348447170001, 16.44236892500004], [121.2322888010001, 16.45359225800007], [121.19292619100008, 16.486917050000045], [121.19567546200005, 16.488541619000046], [121.19044243500002, 16.504279551000025], [121.18179971300003, 16.50805293800005], [121.17620822200001, 16.50890866700007], [121.15073718400004, 16.52014637800005], [121.15281132900009, 16.522823195000058], [121.14968081900008, 16.52489440100004], [121.132791698, 16.531031932000076], [121.1294613660001, 16.53673925100003], [121.1290264810001, 16.543768331000024], [121.12165396900002, 16.552472375000036], [121.11569657500002, 16.550685154000064], [121.09566999300012, 16.537099315000034], [121.09523099400008, 16.51032389900007], [121.07201009900007, 16.48373352400006], [121.07055288300012, 16.45434932300003], [121.06839382900012, 16.44682279600005]]]}, "properties": {"name": "Bayombong", "level": "municipality", "psgc": null, "parent_name": "Nueva Vizcaya", "province": "Nueva Vizcaya", "district": null}}, {"type": "Feature", "geometry": {"type": "Polygon", "coordinates": [[[121.46315965800011, 18.11228163900006], [121.46567299300011, 18.10467871900005], [121.4649593910001, 18.08573718100007], [121.46035909600005, 18.04941033700004], [121.427838, 18.035335404000023], [121.44908399500002, 18.003593075000026], [121.47223753600008, 17.997621197000058], [121.48603668200008, 18.000809987000025], [121.52259746700008, 18.015721660000054], [121.56701708100002, 18.012197651000065], [121.56691194700011, 18.013397419000057], [121.57132140200008, 18.01479508600005], [121.57045559000005, 18.01639683800005], [121.57672035700011, 18.02020641000007], [121.57608955100011, 18.016786453000066], [121.57738224600007, 18.017433131000075], [121.57772660300009, 18.01623649100003], [121.58081720300004, 18.018044364000048], [121.58061058900012, 18.015237857000045], [121.58346874900008, 18.015246466000065], [121.58219462900001, 18.01831124000006], [121.58536271000003, 18.020420424000065], [121.58740713200007, 18.017384882000044], [121.5890514670001, 18.019299739000076], [121.59737485900007, 18.01576848900004], [121.60021121900002, 18.01702583200006], [121.60258674500005, 18.014063788000044], [121.59826982200002, 18.009125336000068], [121.6043741950001, 18.008283618000064], [121.62000477900006, 18.03180185700006], [121.63603336300002, 18.050688813000022], [121.6455853870001, 18.08086452400005], [121.64735830000006, 18.092949281000074], [121.65321976900009, 18.10514258300003], [121.60500245600008, 18.104627024000024], [121.54765794600007, 18.10662861700007], [121.52528863700002, 18.11242708800006], [121.5041047420001, 18.111962710000057], [121.49031716900004, 18.109477602000027], [121.46315965800011, 18.11228163900006]]]}, "properties": {"name": "Lasam", "level": "municipality", "psgc": null, "parent_name": "Cagayan", "province": "Cagayan", "district": null}}, {"type": "Feature", "geometry": {"type": "Polygon", "coordinates": [[[121.78468236600008, 17.03023090000005], [121.78983832600011, 17.025749907000034], [121.79260540100006, 17.026469380000037], [121.79387011100005, 17.03010538500007], [121.80261518100008, 17.028684016000057], [121.81158232500002, 17.032428598000024], [121.8154488560001, 17.029256445000044], [121.8188323070001, 17.029538125000045], [121.82271875000004, 17.03461538600004], [121.82045818600011, 17.039330552000024], [121.82263141300007, 17.04207156600006], [121.83004078800002, 17.039294341000073], [121.83456805500009, 17.039490495000052], [121.83881197900007, 17.036417088000064], [121.84325951400001, 17.03640404600003], [121.85039175100007, 17.037890872000048], [121.8525544360001, 17.043532011000025], [121.85844075500006, 17.04382150200007], [121.86046719300009, 17.04579969200006], [121.87653363200002, 17.04547866100006], [121.88377053400006, 17.049882197000045], [121.89037350600006, 17.051020641000036], [121.893631378, 17.05781435600005], [121.892694892, 17.059039323000036], [121.8848415760001, 17.06734564900006], [121.87519138200003, 17.073271479000027], [121.8770162290001, 17.07478176500007], [121.87218013400002, 17.076964238000073], [121.87264112100002, 17.082834795000053], [121.86489594700004, 17.083709214000066], [121.86323124100011, 17.081121885000073], [121.86193707900009, 17.082311669000035], [121.86081063300003, 17.08097792500007], [121.8599968530001, 17.082335232000048], [121.8578079560001, 17.081542686000034], [121.85902316300007, 17.08317796500006], [121.85828574800007, 17.08518434000007], [121.86005240500003, 17.08631555900007], [121.85826480000003, 17.087740057000076], [121.85806928000011, 17.091517771000042], [121.85621184600006, 17.09387098600007], [121.85348854100005, 17.093368222000038], [121.85216878500012, 17.095225656000025], [121.85011583200003, 17.093081925000035], [121.84815373000004, 17.09517891400003], [121.83045960800007, 17.089484089000052], [121.82671076600002, 17.090546261000043], [121.81690413100011, 17.097248403000037], [121.80733530700002, 17.100049096000077], [121.77807775300005, 17.116176419000055], [121.77203681100002, 17.12372257100003], [121.77058027500004, 17.123466242000063], [121.76857613200002, 17.12591644300005], [121.76732966500003, 17.123976337000045], [121.76115566900012, 17.122648322000032], [121.75698702200009, 17.11960225300004], [121.75552639400007, 17.120923839000056], [121.75785670100004, 17.123265325000034], [121.75471227600008, 17.125032911000062], [121.7494329750001, 17.114047842000048], [121.73889297900007, 17.115064287000052], [121.73440585300011, 17.111783167000056], [121.73449057500011, 17.107884639000076], [121.7290180650001, 17.108091820000027], [121.72224925300009, 17.10554778000005], [121.72593273000007, 17.10250256100005], [121.72180155300009, 17.09772510700003], [121.72350603400002, 17.090387364000037], [121.73070106500006, 17.086160646000053], [121.73754465700006, 17.08790042000004], [121.74446693000004, 17.08149116000004], [121.75896919700006, 17.076043508000055], [121.76441902900001, 17.070381346000033], [121.77426324500004, 17.063864283000044], [121.78468236600008, 17.03023090000005]]]}, "properties": {"name": "Gamu", "level": "municipality", "psgc": null, "parent_name": "Isabela", "province": "Isabela", "district": null}}, {"type": "Feature", "geometry": {"type": "Polygon", "coordinates": [[[121.97944716800009, 17.01351897400002], [121.98220318900007, 17.013612398000078], [121.98580311, 17.01716020400005], [121.990537431, 17.015923778000058], [122.0048707090001, 17.01717945200005], [122.01927727100008, 17.030284006000045], [122.0367964730001, 17.041319524000073], [122.07884170700004, 17.056123601000024], [122.28167502300005, 17.114106459000027], [122.31866384900002, 17.128059870000072], [122.30211837600007, 17.141084765000073], [122.26193488600006, 17.147310376000064], [122.25287945200012, 17.171646856000052], [122.22175139600006, 17.184664043000055], [122.20516050000003, 17.20860725400007], [122.20044575300005, 17.22824677500006], [122.19250292200002, 17.248568989000034], [122.18906922100007, 17.262376372000062], [122.18731898500005, 17.286879672000055], [122.178914157, 17.293736403000025], [122.13204115700012, 17.27053501000006], [122.10135925000009, 17.262351168000066], [122.02324077700007, 17.24022343200005], [121.95007386900011, 17.238413687000048], [121.93818260900002, 17.24037139400002], [121.90603593500009, 17.237652704000027], [121.89970079500006, 17.235239318000026], [121.88776282600008, 17.233903285000054], [121.87783901600005, 17.225873817000036], [121.86991846500007, 17.223091768000074], [121.8645374140001, 17.211211846000026], [121.86029988500002, 17.211103191000063], [121.85432388100003, 17.208169517000044], [121.84432765800011, 17.195022309000024], [121.83932954600004, 17.190784780000058], [121.8354179800001, 17.19100208900005], [121.82753784300007, 17.19531459800004], [121.82430251500011, 17.201508304000072], [121.8238240710001, 17.210372266000036], [121.82968148700002, 17.225601546000064], [121.830332311, 17.231524044000025], [121.824482869, 17.23137765000007], [121.81224172300006, 17.236862726000027], [121.80690309200008, 17.22991633500004], [121.80062797000005, 17.226313951000066], [121.7973742040001, 17.22643015700004], [121.79667696800004, 17.224222244000032], [121.79345126100009, 17.22204387000005], [121.79075046500009, 17.212369237000075], [121.7864508450001, 17.209812706000037], [121.79152295900008, 17.205111099000078], [121.79254224800002, 17.20222311300006], [121.79593987900012, 17.201939977000052], [121.79831822000006, 17.19973151800002], [121.7953736070001, 17.194861580000065], [121.79656277800007, 17.192766375000076], [121.80267851300005, 17.196786904000078], [121.80477371800009, 17.196277260000045], [121.8030182760001, 17.18925549000005], [121.80692555100006, 17.189312117000043], [121.8080580940001, 17.186933776000046], [121.80596288900006, 17.183422891000077], [121.80250863100002, 17.181893957000057], [121.80199898700005, 17.178779462000023], [121.80879424800003, 17.175608341000043], [121.80733664600007, 17.171910006000076], [121.81275815000004, 17.175325205000036], [121.81206667300012, 17.17180753400004], [121.81855015000008, 17.169477366000024], [121.817902881, 17.167147198000066], [121.81439891000002, 17.164773484000023], [121.80961788200011, 17.168535301000077], [121.81245314300008, 17.16115991600003], [121.810192346, 17.16173438100003], [121.80959935100009, 17.164013708000027], [121.80580992800003, 17.165056005000054], [121.80426238900009, 17.163290995000068], [121.80461448000005, 17.161882630000036], [121.80800567500012, 17.160974605000035], [121.8073200230001, 17.15337684700006], [121.8087469190001, 17.150152433000073], [121.80739414800007, 17.147039205000056], [121.8104750330001, 17.140044283000066], [121.80774854200001, 17.139099100000067], [121.80102319700006, 17.145606326000063], [121.79285206700001, 17.142980514000044], [121.79102606200001, 17.14678780500003], [121.78691814800004, 17.145697209000048], [121.78362818200003, 17.142516302000047], [121.7850641340001, 17.134245945000032], [121.78290753100009, 17.133132054000043], [121.77983930900007, 17.134289094000053], [121.78067609700008, 17.130518383000037], [121.77816573300004, 17.13342131400003], [121.77394047000007, 17.133101062000037], [121.77296070800003, 17.137171072000058], [121.77141789600012, 17.137856767000073], [121.76867512000001, 17.136142531000075], [121.76593234300003, 17.131771231000073], [121.76644661300008, 17.127914201000067], [121.76857613200002, 17.12591644300005], [121.77058027500004, 17.123466242000063], [121.77203681100002, 17.12372257100003], [121.77807775300005, 17.116176419000055], [121.80733530700002, 17.100049096000077], [121.81690413100011, 17.097248403000037], [121.82671076600002, 17.090546261000043], [121.83045960800007, 17.089484089000052], [121.84815373000004, 17.09517891400003], [121.85011583200003, 17.093081925000035], [121.85216878500012, 17.095225656000025], [121.85348854100005, 17.093368222000038], [121.85621184600006, 17.09387098600007], [121.85806928000011, 17.091517771000042], [121.85826480000003, 17.087740057000076], [121.86005240500003, 17.08631555900007], [121.85828574800007, 17.08518434000007], [121.85902316300007, 17.08317796500006], [121.8578079560001, 17.081542686000034], [121.8599968530001, 17.082335232000048], [121.86081063300003, 17.08097792500007], [121.86193707900009, 17.082311669000035], [121.86323124100011, 17.081121885000073], [121.86489594700004, 17.083709214000066], [121.87264112100002, 17.082834795000053], [121.87218013400002, 17.076964238000073], [121.8770162290001, 17.07478176500007], [121.87519138200003, 17.073271479000027], [121.8848415760001, 17.06734564900006], [121.892694892, 17.059039323000036], [121.893631378, 17.05781435600005], [121.89037350600006, 17.051020641000036], [121.89594455400004, 17.04725105800003], [121.89675852100004, 17.044884171000035], [121.90377949100002, 17.04155806600005], [121.91043435800009, 17.04223395100007], [121.91283805600006, 17.037966381000047], [121.92806990200006, 17.031514452000067], [121.93404739800008, 17.032033538000064], [121.94847292700001, 17.036620640000024], [121.96159013300007, 17.03506436200007], [121.96315544700008, 17.030541276000065], [121.96583662400008, 17.029056667000077], [121.97450481900012, 17.01726921900007], [121.97944716800009, 17.01351897400002]]]}, "properties": {"name": "Ilagan City", "level": "municipality", "psgc": null, "parent_name": "Isabela", "province": "Isabela", "district": null}}, {"type": "Feature", "geometry": {"type": "Polygon", "coordinates": [[[121.73013371200011, 17.023884234000036], [121.73094708500003, 17.009921747000078], [121.72929878700006, 17.00466960600005], [121.73420688600004, 16.986318237000035], [121.73850311000001, 16.984913170000027], [121.73996779400011, 16.982245258000034], [121.75236091700003, 16.980528138000068], [121.75679959500007, 16.981737026000076], [121.77206846700005, 16.974225201000024], [121.77618197200002, 16.973672600000043], [121.78702120000003, 16.973787301000073], [121.78736530200001, 16.975393112000063], [121.79137983100009, 16.975565164000045], [121.79244133200007, 16.973931505000053], [121.79429852300007, 16.97414349400003], [121.80117445400003, 16.977387901000043], [121.80955635200007, 16.978225379000037], [121.81508781200012, 16.97677919800003], [121.82925922700008, 16.968964338000035], [121.83291376300008, 16.97129429100005], [121.83051508400001, 16.98648212200004], [121.8315438840001, 16.99438766700007], [121.82356544100003, 16.99425687300004], [121.82242865800004, 16.99975127700003], [121.81578411600003, 16.997136683000065], [121.80994069200005, 17.005583220000062], [121.80801651800004, 17.01371922000004], [121.79260540100006, 17.026469380000037], [121.78983832600011, 17.025749907000034], [121.78468236600008, 17.03023090000005], [121.78078860900007, 17.027991013000076], [121.7702689670001, 17.031058219000045], [121.76680543300006, 17.028702346000046], [121.761233994, 17.036537590000023], [121.75560903600001, 17.037266313000032], [121.75223327900005, 17.03528676600007], [121.75241339100012, 17.032393684000056], [121.74961231000009, 17.031818221000037], [121.74780469400002, 17.027451308000025], [121.74374799800012, 17.02820298900002], [121.73807465100003, 17.025014352000028], [121.73180128600006, 17.024567125000033], [121.73013371200011, 17.023884234000036]]]}, "properties": {"name": "Reina Mercedes", "level": "municipality", "psgc": null, "parent_name": "Isabela", "province": "Isabela", "district": null}}, {"type": "Feature", "geometry": {"type": "Polygon", "coordinates": [[[122.09036114800006, 17.421534218000033], [121.98615278600005, 17.399697890000027], [121.91371006000008, 17.412758660000065], [121.9092074880001, 17.418261805000043], [121.88802872000008, 17.408923135000066], [121.8688263460001, 17.389676682000072], [121.86635849100003, 17.392434810000054], [121.85694630000012, 17.395504003000042], [121.83769136300009, 17.408536973000025], [121.83449282200002, 17.41504067300002], [121.82210283900008, 17.424826857000028], [121.81796780800005, 17.429871595000066], [121.815269854, 17.436044809000066], [121.80705528200008, 17.436918212000023], [121.80073808300006, 17.431145969000056], [121.7991938890001, 17.42553410900007], [121.7935573740001, 17.423786247000066], [121.79021627000009, 17.425005578000025], [121.78651789700007, 17.430546457000048], [121.7826338860001, 17.428841587000022], [121.7801699040001, 17.430826486000058], [121.78082465400007, 17.438980678000064], [121.77964315400004, 17.440422325000043], [121.77736998600005, 17.44105889700006], [121.77006095900003, 17.436897198000054], [121.76968776800004, 17.45652082600003], [121.75972066500003, 17.45474788100006], [121.73240794600008, 17.441142652000053], [121.7249642920001, 17.439749876000064], [121.72357876, 17.437267465000048], [121.72473337000008, 17.436459237000065], [121.725945711, 17.43761384800007], [121.72611890300004, 17.435044840000046], [121.72066337000001, 17.435160301000053], [121.72049017800009, 17.433284060000062], [121.71540989400012, 17.432360372000062], [121.71532329800004, 17.429156329000023], [121.71265333100007, 17.427214105000076], [121.71386537900003, 17.425735406000058], [121.71026480600005, 17.423350415000073], [121.71010803000001, 17.42117810600007], [121.70777157200007, 17.421782090000022], [121.7076509310001, 17.42387319000005], [121.70551961800004, 17.42310913400007], [121.7033883040001, 17.425964290000024], [121.70041250800011, 17.423511269000073], [121.69791210800008, 17.424014261000025], [121.69891928800007, 17.42879836700007], [121.69715672200005, 17.430208419000053], [121.69353087400009, 17.429956624000056], [121.69071076900002, 17.42753939200003], [121.68899856300004, 17.429251598000064], [121.6849698420001, 17.42753939200003], [121.68580175800003, 17.424189701000046], [121.67842494100012, 17.426051509000047], [121.671871, 17.43295614500005], [121.67081799800008, 17.43267017000005], [121.67146696000009, 17.42789645000005], [121.67010095, 17.426444546000027], [121.66532494500007, 17.425473639000074], [121.66243295900006, 17.426915574000077], [121.65819094200003, 17.42442475300004], [121.65786296100009, 17.426744617000054], [121.65328400100009, 17.431483368000045], [121.62909621500012, 17.418319980000035], [121.6258280080001, 17.406977378000022], [121.62755823500004, 17.397941746000072], [121.63217217500005, 17.39313555800004], [121.66158604100008, 17.371796087000064], [121.67476757300005, 17.375778742000023], [121.67786026200008, 17.37811973500004], [121.68325098900004, 17.377196224000045], [121.69214246800004, 17.38091174500005], [121.73544039800004, 17.393015645000048], [121.74010867600009, 17.395476014000053], [121.75419226000008, 17.39741635100006], [121.75556839, 17.402403372000038], [121.75360047700008, 17.406426230000022], [121.75523343100008, 17.409541827000055], [121.75447726200002, 17.412661025000034], [121.76658791000011, 17.41437501100006], [121.77155415100003, 17.419232753000074], [121.79338057300004, 17.409815945000048], [121.80283317400006, 17.395250756000053], [121.805514635, 17.388419003000024], [121.80490530400004, 17.38472988600006], [121.8016890560001, 17.381843133000075], [121.79400026600001, 17.378914560000055], [121.78432859800012, 17.37800250400005], [121.77113778000012, 17.37419064900007], [121.77464402300006, 17.36922529000003], [121.7866437780001, 17.36639640800007], [121.81011327100009, 17.357234602000062], [121.81434846900004, 17.357960840000032], [121.81463845700011, 17.354601304000028], [121.82194593600002, 17.35053673500005], [121.84145072800004, 17.347969256000056], [121.96703977800007, 17.34554724900005], [121.96895634500004, 17.340345137000043], [121.97415845700004, 17.33924995500007], [121.98811029500007, 17.324947120000047], [121.99002518500004, 17.32533009800005], [121.99524069900008, 17.336238207000065], [121.9971741060001, 17.336947095000028], [122.00087622600006, 17.331585404000066], [122.01223790400002, 17.330819448000057], [122.02561140500006, 17.33498290600005], [122.05525169400005, 17.34117640000005], [122.09197026000004, 17.35533295500005], [122.08573036900009, 17.394617811000046], [122.08659864000003, 17.413430353000024], [122.09036114800006, 17.421534218000033]]]}, "properties": {"name": "Cabagan", "level": "municipality", "psgc": null, "parent_name": "Isabela", "province": "Isabela", "district": null}}, {"type": "Feature", "geometry": {"type": "Polygon", "coordinates": [[[121.76968776800004, 17.45652082600003], [121.77532261400006, 17.459498877000044], [121.78062928000008, 17.46556544400005], [121.78517297300004, 17.47489469800007], [121.79239923700004, 17.501081043000056], [121.79271832300003, 17.50915504900007], [121.79013633400007, 17.51921268500007], [121.7786286170001, 17.51868379800004], [121.75512754700003, 17.509929960000022], [121.70381581100003, 17.50181446600004], [121.67058345500004, 17.499331217000076], [121.64723067800003, 17.50048373000004], [121.64236724000011, 17.468640479000044], [121.63792704800005, 17.45354382900007], [121.62793480900007, 17.431389672000023], [121.62909621500012, 17.418319980000035], [121.65328400100009, 17.431483368000045], [121.65786296100009, 17.426744617000054], [121.65819094200003, 17.42442475300004], [121.66243295900006, 17.426915574000077], [121.66532494500007, 17.425473639000074], [121.67010095, 17.426444546000027], [121.67146696000009, 17.42789645000005], [121.67081799800008, 17.43267017000005], [121.671871, 17.43295614500005], [121.67842494100012, 17.426051509000047], [121.68580175800003, 17.424189701000046], [121.6849698420001, 17.42753939200003], [121.68899856300004, 17.429251598000064], [121.69071076900002, 17.42753939200003], [121.69353087400009, 17.429956624000056], [121.69715672200005, 17.430208419000053], [121.69891928800007, 17.42879836700007], [121.69791210800008, 17.424014261000025], [121.70041250800011, 17.423511269000073], [121.7033883040001, 17.425964290000024], [121.70551961800004, 17.42310913400007], [121.7076509310001, 17.42387319000005], [121.70777157200007, 17.421782090000022], [121.71010803000001, 17.42117810600007], [121.71026480600005, 17.423350415000073], [121.71386537900003, 17.425735406000058], [121.71265333100007, 17.427214105000076], [121.71532329800004, 17.429156329000023], [121.71540989400012, 17.432360372000062], [121.72049017800009, 17.433284060000062], [121.72066337000001, 17.435160301000053], [121.72611890300004, 17.435044840000046], [121.725945711, 17.43761384800007], [121.72473337000008, 17.436459237000065], [121.72357876, 17.437267465000048], [121.7249642920001, 17.439749876000064], [121.73240794600008, 17.441142652000053], [121.75972066500003, 17.45474788100006], [121.76968776800004, 17.45652082600003]]]}, "properties": {"name": "Santa Maria", "level": "municipality", "psgc": null, "parent_name": "Isabela", "province": "Isabela", "district": null}}, {"type": "Feature", "geometry": {"type": "Polygon", "coordinates": [[[121.77113778000012, 17.37419064900007], [121.76373691700007, 17.37131843700007], [121.75564583800008, 17.36151909800003], [121.75486927600002, 17.35807434000003], [121.75615584500008, 17.352635973000076], [121.76093856600005, 17.342794499000036], [121.76650606100009, 17.338941479000027], [121.77810255000009, 17.33485745300004], [121.78726543500011, 17.32252588700004], [121.79164599100011, 17.305492797000056], [121.79101974900004, 17.291292292000037], [121.79209548000006, 17.285388804000036], [121.79502110200008, 17.277432668000074], [121.80180618400004, 17.26642283500007], [121.8065007780001, 17.26371288000007], [121.81224172300006, 17.236862726000027], [121.824482869, 17.23137765000007], [121.830332311, 17.231524044000025], [121.82968148700002, 17.225601546000064], [121.8238240710001, 17.210372266000036], [121.82430251500011, 17.201508304000072], [121.82753784300007, 17.19531459800004], [121.8354179800001, 17.19100208900005], [121.83932954600004, 17.190784780000058], [121.84432765800011, 17.195022309000024], [121.85432388100003, 17.208169517000044], [121.86029988500002, 17.211103191000063], [121.8645374140001, 17.211211846000026], [121.86991846500007, 17.223091768000074], [121.87783901600005, 17.225873817000036], [121.88776282600008, 17.233903285000054], [121.89970079500006, 17.235239318000026], [121.90603593500009, 17.237652704000027], [121.93818260900002, 17.24037139400002], [121.95007386900011, 17.238413687000048], [122.02324077700007, 17.24022343200005], [122.10135925000009, 17.262351168000066], [122.09696629400003, 17.299230038000076], [122.093672179, 17.31345462400003], [122.09197026000004, 17.35533295500005], [122.05525169400005, 17.34117640000005], [122.02561140500006, 17.33498290600005], [122.01223790400002, 17.330819448000057], [122.00087622600006, 17.331585404000066], [121.9971741060001, 17.336947095000028], [121.99524069900008, 17.336238207000065], [121.99002518500004, 17.32533009800005], [121.98811029500007, 17.324947120000047], [121.97415845700004, 17.33924995500007], [121.96895634500004, 17.340345137000043], [121.96703977800007, 17.34554724900005], [121.84145072800004, 17.347969256000056], [121.82194593600002, 17.35053673500005], [121.81463845700011, 17.354601304000028], [121.81434846900004, 17.357960840000032], [121.81011327100009, 17.357234602000062], [121.7866437780001, 17.36639640800007], [121.77464402300006, 17.36922529000003], [121.77113778000012, 17.37419064900007]]]}, "properties": {"name": "Tumauini", "level": "municipality", "psgc": null, "parent_name": "Isabela", "province": "Isabela", "district": null}}, {"type": "Feature", "geometry": {"type": "Polygon", "coordinates": [[[121.97944716800009, 17.01351897400002], [121.97450481900012, 17.01726921900007], [121.96583662400008, 17.029056667000077], [121.96315544700008, 17.030541276000065], [121.96159013300007, 17.03506436200007], [121.94847292700001, 17.036620640000024], [121.93404739800008, 17.032033538000064], [121.92806990200006, 17.031514452000067], [121.93108126300001, 17.01374411000006], [121.92875182900002, 17.006683011000064], [121.92965730800006, 17.004130235000048], [121.92648121400009, 16.99740437500003], [121.92162279100012, 16.99487464400005], [121.92036886900007, 16.986556964000044], [121.92471579700009, 16.98158307500006], [121.93063978400005, 16.97975815500007], [121.93658557100002, 16.98080861400007], [121.94487865300005, 16.985442929000044], [121.95214534600007, 16.97844438100003], [121.945397049, 16.956531489000042], [121.93946257300001, 16.95811205600006], [121.9261161280001, 16.95856578200005], [121.921859691, 16.955898981000075], [121.91681468600007, 16.955405704000043], [121.91251707100002, 16.958377635000033], [121.90813176000006, 16.957996304000062], [121.9095550720001, 16.949482448000026], [121.91333703400005, 16.94490969800006], [121.91228402000002, 16.94294582400005], [121.91888397900004, 16.938185065000027], [121.926233722, 16.93891946800005], [121.92664988600006, 16.92683869600006], [121.92953385700002, 16.923300890000064], [121.92147156800002, 16.916601232000062], [121.92331897500003, 16.90392885600005], [121.91969037700005, 16.898724885000036], [121.92004074400006, 16.880830633000073], [121.93049550300009, 16.87681269600006], [121.94878783900003, 16.856663902000037], [121.95318944200005, 16.839336956000068], [121.95659579900007, 16.83686216500007], [121.95866370800002, 16.816106494000053], [121.97015208700009, 16.808600753000064], [121.9797827430001, 16.807959292000078], [121.97053413900005, 16.79464880200004], [121.97403075300008, 16.78023006600006], [121.98427160200004, 16.77617637700007], [121.9987724, 16.78628955100004], [122.0078202310001, 16.788896501000067], [122.02722446300004, 16.80113344700004], [122.02548313700004, 16.804367339000066], [122.02737367000009, 16.812601796000024], [122.03510798700006, 16.82226668000004], [122.03257933000009, 16.83084767300005], [122.02184138900009, 16.841354375000037], [122.01942659500003, 16.84892099500007], [122.0039807500001, 16.86744703000005], [121.9941022160001, 16.86866585000007], [121.98939712000004, 16.88703677700005], [121.99660083600008, 16.89883996900005], [121.99524830500002, 16.904766863000077], [121.99316235700007, 16.949138852000033], [121.98606919400004, 16.955105926000044], [121.98564507000003, 16.962471648000076], [121.9835260320001, 16.968091705000063], [121.97397884000009, 16.97251090000003], [121.97246771800008, 16.978729748000035], [121.97396511800002, 16.98488130900006], [121.98143737900011, 16.987855059000026], [121.97944716800009, 17.01351897400002]]]}, "properties": {"name": "Benito Soliven", "level": "municipality", "psgc": null, "parent_name": "Isabela", "province": "Isabela", "district": null}}, {"type": "Feature", "geometry": {"type": "Polygon", "coordinates": [[[121.92806990200006, 17.031514452000067], [121.91283805600006, 17.037966381000047], [121.91043435800009, 17.04223395100007], [121.90377949100002, 17.04155806600005], [121.89675852100004, 17.044884171000035], [121.89594455400004, 17.04725105800003], [121.89037350600006, 17.051020641000036], [121.88377053400006, 17.049882197000045], [121.87653363200002, 17.04547866100006], [121.86046719300009, 17.04579969200006], [121.85844075500006, 17.04382150200007], [121.8525544360001, 17.043532011000025], [121.85039175100007, 17.037890872000048], [121.84325951400001, 17.03640404600003], [121.83881197900007, 17.036417088000064], [121.83456805500009, 17.039490495000052], [121.83004078800002, 17.039294341000073], [121.82263141300007, 17.04207156600006], [121.82045818600011, 17.039330552000024], [121.82271875000004, 17.03461538600004], [121.8188323070001, 17.029538125000045], [121.8154488560001, 17.029256445000044], [121.81158232500002, 17.032428598000024], [121.80261518100008, 17.028684016000057], [121.79387011100005, 17.03010538500007], [121.79260540100006, 17.026469380000037], [121.80801651800004, 17.01371922000004], [121.80994069200005, 17.005583220000062], [121.81578411600003, 16.997136683000065], [121.82242865800004, 16.99975127700003], [121.82356544100003, 16.99425687300004], [121.8315438840001, 16.99438766700007], [121.83051508400001, 16.98648212200004], [121.83291376300008, 16.97129429100005], [121.83572336200007, 16.95691445600005], [121.83788602100003, 16.952996373000076], [121.83650732100011, 16.950422799000023], [121.84000002800008, 16.946347975000037], [121.83537372300009, 16.94337611000003], [121.847556671, 16.934002810000038], [121.86088388400003, 16.93060064900004], [121.862228963, 16.931801162000056], [121.86119427400001, 16.91678829600005], [121.86429817300007, 16.90840776700003], [121.87102082000001, 16.906965074000027], [121.87485706100006, 16.90761978100005], [121.8745695, 16.904840024000066], [121.87847922000003, 16.903860284000075], [121.88017409400004, 16.902106411000034], [121.88047981500006, 16.89871130000006], [121.88322655600007, 16.897242869000024], [121.89307460500004, 16.898170037000057], [121.89358483900003, 16.891847003000066], [121.89573756800007, 16.888883586000077], [121.90001033100009, 16.887810831000024], [121.90289381700006, 16.882395253000027], [121.91453474900004, 16.877115441000058], [121.92004074400006, 16.880830633000073], [121.91969037700005, 16.898724885000036], [121.92331897500003, 16.90392885600005], [121.92147156800002, 16.916601232000062], [121.92953385700002, 16.923300890000064], [121.92664988600006, 16.92683869600006], [121.926233722, 16.93891946800005], [121.91888397900004, 16.938185065000027], [121.91228402000002, 16.94294582400005], [121.91333703400005, 16.94490969800006], [121.9095550720001, 16.949482448000026], [121.90813176000006, 16.957996304000062], [121.91251707100002, 16.958377635000033], [121.91681468600007, 16.955405704000043], [121.921859691, 16.955898981000075], [121.9261161280001, 16.95856578200005], [121.93946257300001, 16.95811205600006], [121.945397049, 16.956531489000042], [121.95214534600007, 16.97844438100003], [121.94487865300005, 16.985442929000044], [121.93658557100002, 16.98080861400007], [121.93063978400005, 16.97975815500007], [121.92471579700009, 16.98158307500006], [121.92036886900007, 16.986556964000044], [121.92162279100012, 16.99487464400005], [121.92648121400009, 16.99740437500003], [121.92965730800006, 17.004130235000048], [121.92875182900002, 17.006683011000064], [121.93108126300001, 17.01374411000006], [121.92806990200006, 17.031514452000067]]]}, "properties": {"name": "Naguilian", "level": "municipality", "psgc": null, "parent_name": "Isabela", "province": "Isabela", "district": null}}, {"type": "Feature", "geometry": {"type": "Polygon", "coordinates": [[[121.44856250400005, 16.82532377700005], [121.45379756400007, 16.80740823700006], [121.45072501400011, 16.796355108000057], [121.45541015000003, 16.79494956700006], [121.4593906660001, 16.791109302000052], [121.46033899100007, 16.77349755800003], [121.45884202900004, 16.769326096000043], [121.46879897800011, 16.769168317000037], [121.47514402500008, 16.766920506000076], [121.48400129400011, 16.751878273000045], [121.48447718700004, 16.74646296900005], [121.4920878050001, 16.73157959100007], [121.49307299100008, 16.729198346000032], [121.50405215800004, 16.731110109000042], [121.507970752, 16.739527829000053], [121.51144279500011, 16.742892745000063], [121.52523673500002, 16.736017065000055], [121.53154241300001, 16.73825026800006], [121.55434104900007, 16.73990460300007], [121.55701569000007, 16.746880358000055], [121.5565806080001, 16.75640910900006], [121.56165127300005, 16.75748892000007], [121.57890092500008, 16.75639622400007], [121.5817059740001, 16.758815844000026], [121.57884033100004, 16.763503926000055], [121.58076468100012, 16.766348617000062], [121.58059652000009, 16.77856593200005], [121.57729030300004, 16.77921277300004], [121.58355906800011, 16.792501911000045], [121.59103487300001, 16.795076229000074], [121.59446879600011, 16.798435502000075], [121.591557426, 16.806423108000047], [121.59773094200011, 16.81729841300006], [121.59742542700008, 16.82287405200003], [121.5944580580001, 16.824374772000056], [121.58055630900003, 16.822591028000033], [121.55380411200008, 16.82456512500005], [121.54607195000006, 16.822061834000067], [121.5397382640001, 16.822149266000054], [121.53820584700009, 16.827338315000077], [121.53081262400008, 16.828371469000047], [121.52615559000003, 16.83560695600005], [121.5213223400001, 16.83893476700007], [121.50234861600006, 16.834543403000055], [121.48873380600003, 16.834475329000043], [121.47913536400006, 16.83597295800007], [121.47614010600012, 16.835019921000026], [121.47341714400011, 16.831616218000022], [121.45826265700009, 16.826283526000054], [121.44856250400005, 16.82532377700005]]]}, "properties": {"name": "Ramon", "level": "municipality", "psgc": null, "parent_name": "Isabela", "province": "Isabela", "district": null}}, {"type": "Feature", "geometry": {"type": "Polygon", "coordinates": [[[121.61020844300003, 16.941648240000063], [121.60622365200004, 16.938065953000034], [121.60564819300009, 16.934114238000063], [121.62335891300006, 16.905441216000042], [121.64090470200006, 16.897893638000028], [121.64412934500001, 16.898979611000073], [121.64639145500007, 16.897888212000055], [121.65003756500005, 16.902074941000024], [121.65854399600005, 16.896291508000047], [121.67157076700005, 16.89609893900007], [121.6711038840001, 16.901021058000026], [121.67776387200001, 16.900105066000037], [121.69084888900011, 16.90358576400007], [121.69307692500001, 16.908538449000048], [121.69795895900006, 16.913391121000075], [121.6978530020001, 16.919062780000047], [121.70536805600011, 16.92690125300004], [121.70403365600009, 16.93054537000006], [121.6971917730001, 16.93598685300003], [121.69582562200003, 16.946098300000074], [121.69428003900009, 16.94652762800007], [121.69360537900002, 16.949115867000046], [121.69695051200006, 16.956042482000043], [121.69832635000012, 16.96475101900006], [121.69505112000002, 16.978388083000027], [121.67221454500009, 16.98257764400006], [121.6673409980001, 16.97972082800004], [121.66736844200011, 16.976389683000036], [121.65312439900003, 16.96696720500006], [121.65252634300009, 16.959660649000057], [121.64760701000012, 16.957773858000053], [121.6442075650001, 16.951803452000036], [121.63509918900002, 16.952364869000064], [121.62232381700005, 16.946921044000078], [121.61589827300008, 16.947137663000035], [121.61384524000005, 16.942583953000053], [121.61020844300003, 16.941648240000063]]]}, "properties": {"name": "Cabatuan", "level": "municipality", "psgc": null, "parent_name": "Isabela", "province": "Isabela", "district": null}}, {"type": "Feature", "geometry": {"type": "Polygon", "coordinates": [[[121.5213223400001, 16.83893476700007], [121.52615559000003, 16.83560695600005], [121.53081262400008, 16.828371469000047], [121.53820584700009, 16.827338315000077], [121.5397382640001, 16.822149266000054], [121.54607195000006, 16.822061834000067], [121.55380411200008, 16.82456512500005], [121.58055630900003, 16.822591028000033], [121.5944580580001, 16.824374772000056], [121.59742542700008, 16.82287405200003], [121.602381293, 16.82513697400003], [121.60929185900011, 16.832047540000076], [121.61519394200002, 16.834592643000065], [121.62263117700002, 16.843124932000023], [121.62648264200004, 16.845103410000036], [121.62772929500011, 16.850490318000027], [121.63084407600002, 16.85448610800006], [121.633098947, 16.85498584000004], [121.63859347400012, 16.868597281000064], [121.64271436900003, 16.870470415000057], [121.64864672200008, 16.877516485000058], [121.65854399600005, 16.896291508000047], [121.65003756500005, 16.902074941000024], [121.64639145500007, 16.897888212000055], [121.64412934500001, 16.898979611000073], [121.64090470200006, 16.897893638000028], [121.62335891300006, 16.905441216000042], [121.60564819300009, 16.934114238000063], [121.60622365200004, 16.938065953000034], [121.61020844300003, 16.941648240000063], [121.60344642300004, 16.940056217000063], [121.60021057400002, 16.936709590000078], [121.58601727200005, 16.93392398900005], [121.58351120500004, 16.935349603000077], [121.585769389, 16.942067074000022], [121.58286911100004, 16.94194770000007], [121.57548664600006, 16.947060042000032], [121.57300291500007, 16.95308691100007], [121.57077659700008, 16.952352975000053], [121.56966164300002, 16.94863102000005], [121.56820633300003, 16.947958104000065], [121.56822243500005, 16.909511535000036], [121.56406577900009, 16.90760597600007], [121.56371756900012, 16.902181512000027], [121.55842433100008, 16.899086606000026], [121.556826752, 16.891442592000033], [121.54887157900009, 16.873689200000058], [121.54196371500007, 16.87764094700003], [121.53797873300005, 16.87782090500002], [121.5319746030001, 16.86339329900005], [121.53182811500005, 16.851337643000022], [121.52749863400004, 16.84790849600006], [121.5213223400001, 16.83893476700007]]]}, "properties": {"name": "San Mateo", "level": "municipality", "psgc": null, "parent_name": "Isabela", "province": "Isabela", "district": null}}, {"type": "Feature", "geometry": {"type": "Polygon", "coordinates": [[[121.78300232200002, 16.704935155000044], [121.7992838460001, 16.696692296000037], [121.81272150000007, 16.69610142600004], [121.81862369800001, 16.693538629000045], [121.8304280960001, 16.692063079000036], [121.83784530500009, 16.688593446000027], [121.84030367500009, 16.68874938500005], [121.84300390400006, 16.691832163000072], [121.86082240300004, 16.683611041000063], [121.8630886950001, 16.681992835000074], [121.86553720100005, 16.676495334000037], [121.86502241800008, 16.670729981000022], [121.86571044100003, 16.66691107500003], [121.86826438300011, 16.663656437000043], [121.86928459100011, 16.653209977000074], [121.87818218500001, 16.652694015000066], [121.88718614400011, 16.655071822000025], [121.8923496430001, 16.658838282000033], [121.91712081300011, 16.65946843300003], [121.93351440800006, 16.655054773000074], [121.93717144100003, 16.656063609000057], [121.95016021300012, 16.655180877000078], [121.98030682300009, 16.60873714300004], [122.01543875300001, 16.568200300000058], [122.04857117800009, 16.534737880000023], [122.0603025580001, 16.540239563000057], [122.0577555320001, 16.550682368000025], [122.058332844, 16.567584099000044], [122.06278628900009, 16.575135592000038], [122.0668524780001, 16.577265501000056], [122.08115832200008, 16.577840727000023], [122.08447263000005, 16.581138062000036], [122.08931333200007, 16.582880714000055], [122.09299226400003, 16.58597876300007], [122.09550942900012, 16.601081751000038], [122.09725208200007, 16.603986172000077], [122.10596534400008, 16.612312178000025], [122.1150429710001, 16.614192269000057], [122.1175748490001, 16.61674986400004], [122.11356929200008, 16.617177123000033], [122.10924329200009, 16.620328160000042], [122.10729500800005, 16.628929069000037], [122.10429810100004, 16.631377247000046], [122.10294738200002, 16.635133933000077], [122.09973942500005, 16.636146972000063], [122.09876859600001, 16.644926643000076], [122.09480086000008, 16.645602003000022], [122.08788328000003, 16.656646340000066], [122.0835223900001, 16.660205691000044], [122.08252980800012, 16.664771571000074], [122.07597876300008, 16.668245609000053], [122.0710158500001, 16.67827069300006], [122.07200843300006, 16.684126930000048], [122.06942771800004, 16.68551654600003], [122.0656559040001, 16.68452396300006], [122.0629759310001, 16.68650912800007], [122.05950189300006, 16.69693124500003], [122.05612711200001, 16.700901575000046], [122.05096568300007, 16.700703059000034], [122.04352546000007, 16.704154748000065], [122.03498510400004, 16.70536819600005], [122.03399252100007, 16.706956329000036], [122.0250106960001, 16.707463345000065], [122.01827735000006, 16.70997044300003], [122.00767086500002, 16.711132253000073], [121.99858775000007, 16.71034241700005], [121.99319162200004, 16.721562250000034], [121.95974028300009, 16.729203163000022], [121.959918259, 16.741925731000038], [121.9426249490001, 16.74362200400003], [121.9407290470001, 16.746345398000074], [121.9434529020001, 16.75491669300004], [121.94749563800008, 16.758270173000028], [121.94945381000002, 16.76263754400003], [121.94877059600003, 16.76850283500005], [121.94680852800002, 16.76936089900005], [121.94520157500006, 16.77297390700005], [121.94500081500007, 16.78045221700006], [121.93559312500008, 16.799190959000043], [121.92671262800002, 16.787379602000044], [121.91933607700003, 16.781349137000063], [121.91217489900009, 16.777633940000044], [121.893405142, 16.772906954000064], [121.88560723700004, 16.760307285000067], [121.86905820100003, 16.763092766000057], [121.8662727200001, 16.764157803000046], [121.86563842300006, 16.767376374000037], [121.86391582400006, 16.768405185000063], [121.85829780900008, 16.765785160000064], [121.85301572000003, 16.75884474000003], [121.84533559200008, 16.754326637000077], [121.84415914800002, 16.755656529000078], [121.84117611400006, 16.755063360000065], [121.84062299700008, 16.75357938800005], [121.84264659500002, 16.751474846000065], [121.84087931900001, 16.750247196000032], [121.79059462200007, 16.745643630000075], [121.78345759400008, 16.738725489000046], [121.78628334600012, 16.713030953000043], [121.78300232200002, 16.704935155000044]]]}, "properties": {"name": "San Guillermo", "level": "municipality", "psgc": null, "parent_name": "Isabela", "province": "Isabela", "district": null}}, {"type": "Feature", "geometry": {"type": "Polygon", "coordinates": [[[121.7018694520001, 16.445344540000065], [121.71641132900004, 16.430010378000077], [121.72461886600001, 16.415500345000055], [121.73038909500008, 16.409043109000038], [121.73400277200005, 16.405350247000058], [121.73585852600002, 16.406203659000028], [121.73977162000006, 16.401935888000025], [121.74353453200001, 16.401068914000064], [121.74555747300008, 16.395818899000062], [121.74500357300008, 16.393169809000028], [121.79286491500011, 16.40878079500004], [121.79632309200008, 16.41476179400007], [121.80059177500004, 16.417749977000028], [121.88729434000004, 16.44918003300006], [121.8642418170001, 16.464024623000057], [121.84238109800003, 16.468417083000077], [121.83282109000004, 16.468042076000074], [121.83373377600003, 16.47491671100005], [121.83047969000006, 16.48434971300003], [121.83405633000007, 16.488090259000046], [121.84275558400009, 16.492901363000044], [121.8428857880001, 16.515510051000035], [121.8405972160001, 16.512940866000065], [121.83121924000011, 16.51346771900006], [121.82036607600003, 16.511254938000036], [121.8185747770001, 16.507356229000038], [121.81509755000002, 16.507356229000038], [121.81404384500001, 16.511044197000047], [121.81056661800005, 16.51188716100006], [121.80350679600008, 16.517272440000056], [121.79965971500008, 16.517779747000077], [121.78595298100004, 16.515004925000028], [121.7727105570001, 16.516183873000045], [121.76554590600006, 16.51140009200003], [121.7605612750001, 16.51593729900003], [121.75270788700004, 16.52714468800002], [121.738087016, 16.53805107100004], [121.7270703590001, 16.537742063000053], [121.72669256000006, 16.534694054000056], [121.73174822600004, 16.519251431000043], [121.7289330860001, 16.515380717000028], [121.722438957, 16.515740098000038], [121.71670199800008, 16.52064383800007], [121.70995001400001, 16.52224578700003], [121.70185499100012, 16.51834708000007], [121.69880293100005, 16.509896617000038], [121.69225016500002, 16.498606892000055], [121.68809978200011, 16.47619336400004], [121.68380586300009, 16.47574939900005], [121.69108260900009, 16.461195907000047], [121.69022134400007, 16.459001794000073], [121.7018694520001, 16.445344540000065]]]}, "properties": {"name": "San Agustin", "level": "municipality", "psgc": null, "parent_name": "Isabela", "province": "Isabela", "district": null}}, {"type": "Feature", "geometry": {"type": "Polygon", "coordinates": [[[121.56966164300002, 16.94863102000005], [121.57077659700008, 16.952352975000053], [121.57300291500007, 16.95308691100007], [121.57548664600006, 16.947060042000032], [121.58286911100004, 16.94194770000007], [121.585769389, 16.942067074000022], [121.58351120500004, 16.935349603000077], [121.58601727200005, 16.93392398900005], [121.60021057400002, 16.936709590000078], [121.60344642300004, 16.940056217000063], [121.61020844300003, 16.941648240000063], [121.61384524000005, 16.942583953000053], [121.61589827300008, 16.947137663000035], [121.62232381700005, 16.946921044000078], [121.63509918900002, 16.952364869000064], [121.6442075650001, 16.951803452000036], [121.64760701000012, 16.957773858000053], [121.65252634300009, 16.959660649000057], [121.65312439900003, 16.96696720500006], [121.66736844200011, 16.976389683000036], [121.6673409980001, 16.97972082800004], [121.67221454500009, 16.98257764400006], [121.69505112000002, 16.978388083000027], [121.70071990100007, 17.004490975000067], [121.70311280200008, 17.007956557000057], [121.71004396500007, 17.00985437500003], [121.73013371200011, 17.023884234000036], [121.73180128600006, 17.024567125000033], [121.73193556800004, 17.037002297000072], [121.72947367400002, 17.039042152000036], [121.7248817310001, 17.034928903000036], [121.69961800600004, 17.02606105600006], [121.697780168, 17.025620649000075], [121.69129919800002, 17.030585320000057], [121.679943782, 17.02381147400007], [121.6553462810001, 17.009416196000075], [121.6396360110001, 17.00800652500004], [121.63395701800005, 17.00585632800005], [121.61310775000004, 16.991251608000027], [121.57222196700002, 16.969886461000044], [121.57146579200003, 16.966180688000065], [121.56464249200008, 16.961138404000053], [121.56202705200008, 16.953168713000025], [121.56244337800001, 16.951428382000074], [121.56436846400004, 16.953141625000058], [121.5649000840001, 16.95091275300007], [121.56966164300002, 16.94863102000005]]]}, "properties": {"name": "Aurora", "level": "municipality", "psgc": null, "parent_name": "Isabela", "province": "Isabela", "district": null}}, {"type": "Feature", "geometry": {"type": "Polygon", "coordinates": [[[121.69593991500005, 17.23118052600006], [121.67370132500002, 17.23915910900007], [121.65752431500005, 17.23990410300007], [121.62170886500007, 17.250293407000072], [121.61845029000006, 17.247177025000042], [121.61827847400002, 17.248758915000053], [121.61587305400008, 17.24826124200007], [121.61608041700003, 17.250678512000036], [121.61472366600003, 17.250151215000074], [121.61485531700009, 17.246343886000034], [121.60924884200006, 17.247043262000034], [121.6091513880001, 17.243649567000034], [121.60646866000002, 17.24331669700007], [121.60561762900011, 17.244995881000023], [121.60441886600006, 17.243129105000037], [121.60036654100008, 17.245658138000067], [121.59871182100005, 17.24447617900006], [121.58816205100004, 17.246208282000055], [121.57021468900007, 17.24636972600007], [121.5657307350001, 17.24267042100007], [121.54434120000008, 17.238029932000074], [121.54769608700008, 17.214578156000073], [121.55042941500005, 17.210118516000023], [121.54899082100007, 17.206162384000038], [121.55042941500005, 17.201990463000072], [121.54913468000007, 17.19652380800005], [121.55539256200007, 17.187029092000046], [121.56243884100002, 17.185352245000047], [121.5643394980001, 17.182365498000024], [121.56678320000003, 17.184944961000042], [121.57203263300005, 17.183044304000077], [121.57565293200003, 17.179107229000067], [121.57397854400006, 17.175532184000076], [121.5762864840001, 17.17421982600007], [121.58228882300011, 17.175555288000055], [121.586920684, 17.17313642700003], [121.59134668400009, 17.174423055000034], [121.59407433600006, 17.171798334000073], [121.59330235900006, 17.175092102000065], [121.59628733600005, 17.17622433500003], [121.603722274, 17.170656846000043], [121.60336463200008, 17.179023], [121.60497580100002, 17.180065521000074], [121.60895633400003, 17.17447382000006], [121.61047272700011, 17.175326791000032], [121.61551207600007, 17.17411347500007], [121.61650502700002, 17.170363529000042], [121.62150400300004, 17.173825863000047], [121.62131226200006, 17.170086900000058], [121.6227503240001, 17.168505031000052], [121.62835876800011, 17.174496958000077], [121.62816702700002, 17.171812575000047], [121.63251260600009, 17.170747109000047], [121.6312545720001, 17.17383501200004], [121.6326841560001, 17.174864313000057], [121.6354861430001, 17.17292007800006], [121.63640107700007, 17.174749947000066], [121.63488571700009, 17.176322490000075], [121.6362581190001, 17.17672277400004], [121.64011799800005, 17.174521213000048], [121.639746306, 17.173205995000046], [121.63765911200005, 17.17417811300004], [121.63677276900012, 17.173234587000024], [121.64003222300005, 17.170546967000064], [121.64160476600011, 17.171576268000024], [121.64169054100012, 17.173892196000054], [121.64314871800002, 17.173205995000046], [121.64249110900005, 17.17060415000003], [121.644749853, 17.16960344100005], [121.64426379400004, 17.16711596300007], [121.64815226500002, 17.168659915000035], [121.65209791900008, 17.166429763000053], [121.66525673800004, 17.168555635000075], [121.67390342500005, 17.180617724000058], [121.6849523410001, 17.183217469000056], [121.70180015500011, 17.196196674000078], [121.69931399300003, 17.203122411000038], [121.69593991500005, 17.23118052600006]]]}, "properties": {"name": "Mallig", "level": "municipality", "psgc": null, "parent_name": "Isabela", "province": "Isabela", "district": null}}, {"type": "Feature", "geometry": {"type": "Polygon", "coordinates": [[[121.62909621500012, 17.418319980000035], [121.60608069200009, 17.42143218600006], [121.59347822600012, 17.39691670600007], [121.58219454800007, 17.353559068000038], [121.55993127700003, 17.35048310800005], [121.54836106200003, 17.32394977100006], [121.5387001150001, 17.317268562000038], [121.53321700200001, 17.296518934000062], [121.53017478800007, 17.274919214000022], [121.53451524700006, 17.26951245300006], [121.53708962400003, 17.266305630000033], [121.54497556000001, 17.26489446200003], [121.54278393400011, 17.247162222000043], [121.54434120000008, 17.238029932000074], [121.5657307350001, 17.24267042100007], [121.57021468900007, 17.24636972600007], [121.58816205100004, 17.246208282000055], [121.59871182100005, 17.24447617900006], [121.60036654100008, 17.245658138000067], [121.60441886600006, 17.243129105000037], [121.60561762900011, 17.244995881000023], [121.60646866000002, 17.24331669700007], [121.6091513880001, 17.243649567000034], [121.60924884200006, 17.247043262000034], [121.61485531700009, 17.246343886000034], [121.61472366600003, 17.250151215000074], [121.61608041700003, 17.250678512000036], [121.61587305400008, 17.24826124200007], [121.61827847400002, 17.248758915000053], [121.61845029000006, 17.247177025000042], [121.62170886500007, 17.250293407000072], [121.65752431500005, 17.23990410300007], [121.67370132500002, 17.23915910900007], [121.69593991500005, 17.23118052600006], [121.69700541400005, 17.237751097000057], [121.68794868000009, 17.268295374000047], [121.68830384600005, 17.272379783000076], [121.68475218600008, 17.276286609000067], [121.68262119000008, 17.281614099000024], [121.67729370000006, 17.30026031500006], [121.66628355400007, 17.32689776600006], [121.66504047300009, 17.33453383500006], [121.66403494000008, 17.34427617700004], [121.66162299700011, 17.35129273800004], [121.66158604100008, 17.371796087000064], [121.63217217500005, 17.39313555800004], [121.62755823500004, 17.397941746000072], [121.6258280080001, 17.406977378000022], [121.62909621500012, 17.418319980000035]]]}, "properties": {"name": "Quezon", "level": "municipality", "psgc": null, "parent_name": "Isabela", "province": "Isabela", "district": null}}, {"type": "Feature", "geometry": {"type": "Polygon", "coordinates": [[[121.72180155300009, 17.09772510700003], [121.72593273000007, 17.10250256100005], [121.72224925300009, 17.10554778000005], [121.7290180650001, 17.108091820000027], [121.73449057500011, 17.107884639000076], [121.73440585300011, 17.111783167000056], [121.73889297900007, 17.115064287000052], [121.7494329750001, 17.114047842000048], [121.75471227600008, 17.125032911000062], [121.75785670100004, 17.123265325000034], [121.75552639400007, 17.120923839000056], [121.75698702200009, 17.11960225300004], [121.76115566900012, 17.122648322000032], [121.76732966500003, 17.123976337000045], [121.76857613200002, 17.12591644300005], [121.76644661300008, 17.127914201000067], [121.76593234300003, 17.131771231000073], [121.76867512000001, 17.136142531000075], [121.77141789600012, 17.137856767000073], [121.77296070800003, 17.137171072000058], [121.77394047000007, 17.133101062000037], [121.77816573300004, 17.13342131400003], [121.78067609700008, 17.130518383000037], [121.77983930900007, 17.134289094000053], [121.78290753100009, 17.133132054000043], [121.7850641340001, 17.134245945000032], [121.78362818200003, 17.142516302000047], [121.78691814800004, 17.145697209000048], [121.79102606200001, 17.14678780500003], [121.79285206700001, 17.142980514000044], [121.80102319700006, 17.145606326000063], [121.80774854200001, 17.139099100000067], [121.8104750330001, 17.140044283000066], [121.80739414800007, 17.147039205000056], [121.8087469190001, 17.150152433000073], [121.8073200230001, 17.15337684700006], [121.80800567500012, 17.160974605000035], [121.80461448000005, 17.161882630000036], [121.80426238900009, 17.163290995000068], [121.80580992800003, 17.165056005000054], [121.80959935100009, 17.164013708000027], [121.810192346, 17.16173438100003], [121.81245314300008, 17.16115991600003], [121.80961788200011, 17.168535301000077], [121.81439891000002, 17.164773484000023], [121.817902881, 17.167147198000066], [121.81855015000008, 17.169477366000024], [121.81206667300012, 17.17180753400004], [121.81275815000004, 17.175325205000036], [121.80733664600007, 17.171910006000076], [121.80879424800003, 17.175608341000043], [121.80199898700005, 17.178779462000023], [121.80250863100002, 17.181893957000057], [121.80596288900006, 17.183422891000077], [121.8080580940001, 17.186933776000046], [121.80692555100006, 17.189312117000043], [121.8030182760001, 17.18925549000005], [121.80477371800009, 17.196277260000045], [121.80267851300005, 17.196786904000078], [121.79656277800007, 17.192766375000076], [121.7953736070001, 17.194861580000065], [121.79831822000006, 17.19973151800002], [121.79593987900012, 17.201939977000052], [121.79254224800002, 17.20222311300006], [121.78811351800005, 17.19800108800007], [121.78421020000008, 17.198738192000064], [121.78295960100002, 17.201218889000074], [121.77885927500006, 17.198194899000043], [121.774051643, 17.204335137000044], [121.76916200500011, 17.205001440000046], [121.76634303100002, 17.20066534500006], [121.77085338900008, 17.20029631600005], [121.77314668000008, 17.19737686800005], [121.76709694300007, 17.198141604000057], [121.76802825400011, 17.192303872000025], [121.75904303900006, 17.198904150000033], [121.74787331200002, 17.19733721700004], [121.7202447950001, 17.19848143300004], [121.70180015500011, 17.196196674000078], [121.6849523410001, 17.183217469000056], [121.67390342500005, 17.180617724000058], [121.66525673800004, 17.168555635000075], [121.66629820900005, 17.167745602000025], [121.6653724570001, 17.16334828400005], [121.6678025540001, 17.16210430500007], [121.67060873800006, 17.157330901000023], [121.6691333220001, 17.153830404000075], [121.660315104, 17.15431961200005], [121.65858738600002, 17.12559114900006], [121.65665095600002, 17.119566700000064], [121.6537406430001, 17.11724036100003], [121.65638481400003, 17.11479765000007], [121.67218604200002, 17.116586464000022], [121.68054251700005, 17.109231909000073], [121.68592843300007, 17.10772549400002], [121.6845109510001, 17.115935078000064], [121.6856921860001, 17.117765992000045], [121.69862671100009, 17.118415671000037], [121.70730878900008, 17.117175375000045], [121.71084288800012, 17.10786078700005], [121.72180155300009, 17.09772510700003]]]}, "properties": {"name": "Quirino", "level": "municipality", "psgc": null, "parent_name": "Isabela", "province": "Isabela", "district": null}}, {"type": "Feature", "geometry": {"type": "Polygon", "coordinates": [[[121.57222196700002, 16.969886461000044], [121.61310775000004, 16.991251608000027], [121.63395701800005, 17.00585632800005], [121.6396360110001, 17.00800652500004], [121.6553462810001, 17.009416196000075], [121.679943782, 17.02381147400007], [121.67695449900009, 17.025528165000026], [121.67384142600008, 17.037461612000072], [121.67186981300006, 17.040159608000067], [121.67353011900002, 17.04285760500005], [121.67135096800007, 17.068592343000034], [121.67353011900002, 17.07481849000004], [121.67301127300004, 17.077516486000036], [121.67723847700006, 17.083081813000035], [121.67665823100003, 17.08763673900006], [121.67926933500007, 17.091466358000048], [121.67263727800002, 17.093105828000034], [121.66819181200003, 17.091775433000066], [121.66675325500012, 17.094100920000074], [121.64883004, 17.092662162000067], [121.64762127600011, 17.091151207000053], [121.64369279400012, 17.092863623000028], [121.63895558900003, 17.087040958000046], [121.61445298300009, 17.082867863000047], [121.61293746400008, 17.078167120000046], [121.61445361200003, 17.07069153300006], [121.61122485800001, 17.068217264000054], [121.61193496200008, 17.06630885900006], [121.60892811500003, 17.062580813000068], [121.60257046400011, 17.06369035000006], [121.60147202100006, 17.06134922600006], [121.59792150100009, 17.061227177000035], [121.59532518200001, 17.057365985000047], [121.58992558900002, 17.053783382000063], [121.58742060500003, 17.055120239000075], [121.58473391200005, 17.053926153000077], [121.57343395500004, 17.056985893000046], [121.570315305, 17.056518095000058], [121.57149082100011, 17.04094346000005], [121.56974889600008, 17.02265323900002], [121.56743606500004, 17.017275815000062], [121.56412176700007, 17.015030522000075], [121.56211416100007, 17.01527019400004], [121.55875504700009, 17.01219056700006], [121.56071687200006, 17.00945781000007], [121.56253966100007, 16.967386641000076], [121.57222196700002, 16.969886461000044]]]}, "properties": {"name": "San Manuel", "level": "municipality", "psgc": null, "parent_name": "Isabela", "province": "Isabela", "district": null}}, {"type": "Feature", "geometry": {"type": "Polygon", "coordinates": [[[121.570315305, 17.056518095000058], [121.57343395500004, 17.056985893000046], [121.58473391200005, 17.053926153000077], [121.58742060500003, 17.055120239000075], [121.58992558900002, 17.053783382000063], [121.59532518200001, 17.057365985000047], [121.59792150100009, 17.061227177000035], [121.60147202100006, 17.06134922600006], [121.60257046400011, 17.06369035000006], [121.60892811500003, 17.062580813000068], [121.61193496200008, 17.06630885900006], [121.61122485800001, 17.068217264000054], [121.61445361200003, 17.07069153300006], [121.61293746400008, 17.078167120000046], [121.61445298300009, 17.082867863000047], [121.63895558900003, 17.087040958000046], [121.64369279400012, 17.092863623000028], [121.64762127600011, 17.091151207000053], [121.64883004, 17.092662162000067], [121.66675325500012, 17.094100920000074], [121.66819181200003, 17.091775433000066], [121.67263727800002, 17.093105828000034], [121.67926933500007, 17.091466358000048], [121.67967550700007, 17.093381168000064], [121.68328343000007, 17.093005015000074], [121.68428063600004, 17.09599395400005], [121.6855324710001, 17.09601899000006], [121.68312894700011, 17.099882989000037], [121.68509850200007, 17.101310081000065], [121.682945345, 17.10269544500005], [121.68592843300007, 17.10772549400002], [121.68054251700005, 17.109231909000073], [121.67218604200002, 17.116586464000022], [121.65638481400003, 17.11479765000007], [121.6537406430001, 17.11724036100003], [121.65665095600002, 17.119566700000064], [121.65858738600002, 17.12559114900006], [121.660315104, 17.15431961200005], [121.6691333220001, 17.153830404000075], [121.67060873800006, 17.157330901000023], [121.6678025540001, 17.16210430500007], [121.6653724570001, 17.16334828400005], [121.66629820900005, 17.167745602000025], [121.66525673800004, 17.168555635000075], [121.65209791900008, 17.166429763000053], [121.64815226500002, 17.168659915000035], [121.64426379400004, 17.16711596300007], [121.644749853, 17.16960344100005], [121.64249110900005, 17.17060415000003], [121.64314871800002, 17.173205995000046], [121.64169054100012, 17.173892196000054], [121.64160476600011, 17.171576268000024], [121.64003222300005, 17.170546967000064], [121.63677276900012, 17.173234587000024], [121.63765911200005, 17.17417811300004], [121.639746306, 17.173205995000046], [121.64011799800005, 17.174521213000048], [121.6362581190001, 17.17672277400004], [121.63488571700009, 17.176322490000075], [121.63640107700007, 17.174749947000066], [121.6354861430001, 17.17292007800006], [121.6326841560001, 17.174864313000057], [121.6312545720001, 17.17383501200004], [121.63251260600009, 17.170747109000047], [121.62816702700002, 17.171812575000047], [121.62835876800011, 17.174496958000077], [121.6227503240001, 17.168505031000052], [121.62131226200006, 17.170086900000058], [121.62150400300004, 17.173825863000047], [121.61650502700002, 17.170363529000042], [121.61551207600007, 17.17411347500007], [121.61047272700011, 17.175326791000032], [121.60895633400003, 17.17447382000006], [121.60497580100002, 17.180065521000074], [121.60336463200008, 17.179023], [121.603722274, 17.170656846000043], [121.59628733600005, 17.17622433500003], [121.59330235900006, 17.175092102000065], [121.59407433600006, 17.171798334000073], [121.59134668400009, 17.174423055000034], [121.586920684, 17.17313642700003], [121.58228882300011, 17.175555288000055], [121.5762864840001, 17.17421982600007], [121.57397854400006, 17.175532184000076], [121.57565293200003, 17.179107229000067], [121.57203263300005, 17.183044304000077], [121.56678320000003, 17.184944961000042], [121.5643394980001, 17.182365498000024], [121.56243884100002, 17.185352245000047], [121.56135275200006, 17.181143647000056], [121.56266511000001, 17.15295057000003], [121.56029487300009, 17.149470072000042], [121.55990226900008, 17.14452834900004], [121.56334011600006, 17.14262085100006], [121.563173301, 17.13792101000007], [121.56694659200002, 17.135397021000074], [121.56821946600007, 17.130746136000027], [121.56560436300003, 17.12079569100007], [121.56702055400001, 17.10782628800007], [121.56604146900008, 17.085724945000038], [121.56750018100001, 17.07905657500004], [121.56891191300008, 17.072423208000032], [121.568600048, 17.06096217100003], [121.570315305, 17.056518095000058]]]}, "properties": {"name": "Roxas", "level": "municipality", "psgc": null, "parent_name": "Isabela", "province": "Isabela", "district": null}}, {"type": "Feature", "geometry": {"type": "Polygon", "coordinates": [[[121.84146958400004, 18.16895248000003], [121.92002417900005, 18.174469672000043], [121.97662028700006, 18.18237731200003], [121.972186, 18.213751733000038], [121.97485723600005, 18.21706664100003], [121.97633768000003, 18.226850445000025], [121.96872419300007, 18.237990727000067], [121.96477634200005, 18.238457985000025], [121.96186790100012, 18.24173832500003], [121.95479228500005, 18.243626427000038], [121.94959523500006, 18.239201783000055], [121.9487370060001, 18.241786004000062], [121.94265312000005, 18.242529802000035], [121.94067919500003, 18.24604853900007], [121.93675995100011, 18.244227187000035], [121.93734163900001, 18.250568542000053], [121.9323925220001, 18.25420170900003], [121.93268056900001, 18.256581581000034], [121.93058532400005, 18.259082], [121.92807902000004, 18.259294227000055], [121.92761379800004, 18.26095041600007], [121.92999573300006, 18.263667311000063], [121.92837676200008, 18.265825939000024], [121.9244130730001, 18.266868036000062], [121.91843962700011, 18.265397935000067], [121.91477368100004, 18.26735186600007], [121.90618490700001, 18.267275306000045], [121.90326417000006, 18.265711595000028], [121.90135701600002, 18.266360943000052], [121.89765419000003, 18.266464620000022], [121.8926645790001, 18.270707601000026], [121.88243103800005, 18.27072097300004], [121.877558958, 18.27305551200004], [121.87327558700008, 18.27210139600004], [121.86823762000006, 18.26875146200007], [121.87242786000002, 18.261560975000066], [121.86993869500009, 18.258252535000054], [121.86823580500004, 18.25958630200006], [121.86547775000008, 18.250812771000028], [121.84835369600012, 18.24784801000004], [121.83871923100003, 18.237142883000047], [121.83822889800001, 18.23398035100007], [121.84079205600005, 18.230382064000025], [121.83845836900002, 18.22693524700003], [121.83963904000007, 18.223204554000063], [121.83904474600001, 18.20869306000003], [121.841981153, 18.201830779000034], [121.84137855000006, 18.197801738000067], [121.84301202600011, 18.196250779000025], [121.84210389400005, 18.19371076400006], [121.84342551700001, 18.19128911000007], [121.84197570900005, 18.185991560000048], [121.84103854700004, 18.186221853000063], [121.84146958400004, 18.16895248000003]]]}, "properties": {"name": "Santa Teresita", "level": "municipality", "psgc": null, "parent_name": "Cagayan", "province": "Cagayan", "district": null}}, {"type": "Feature", "geometry": {"type": "Polygon", "coordinates": [[[121.78851574600003, 17.52549255400004], [121.82031676800011, 17.53140441100004], [121.8234569330001, 17.542684270000052], [121.82160575700004, 17.551014561000045], [121.80615225100007, 17.580492872000036], [121.769013803, 17.61607894900004], [121.77614040600008, 17.621512178000046], [121.77458424000008, 17.62823503000004], [121.76959577700006, 17.629989140000077], [121.76322816000004, 17.63793592600007], [121.76006522300008, 17.63894685500003], [121.75992207000002, 17.646762479000074], [121.76133904500011, 17.646050960000025], [121.76712096900008, 17.65584271700004], [121.77413171300009, 17.66218841500006], [121.77376980500003, 17.66967534500003], [121.77996591100009, 17.683502481000062], [121.76424572100007, 17.684040175000064], [121.75739832800002, 17.685815426000033], [121.74419208400002, 17.68533054200003], [121.7398766660001, 17.688297594000062], [121.7323903140001, 17.682821466000064], [121.71328321800002, 17.673687725000036], [121.70664093300002, 17.667524163000053], [121.7052047630001, 17.652205018000075], [121.70305163000012, 17.644705920000035], [121.68551682300006, 17.609436214000027], [121.68126577300006, 17.588051436000057], [121.68240904200002, 17.574101529000075], [121.68545637500006, 17.569178914000076], [121.69092594800009, 17.567303632000062], [121.69741129800002, 17.570663512000067], [121.70108372600009, 17.574335940000026], [121.71671493000008, 17.601404218000027], [121.72156129500001, 17.603770560000044], [121.72828956800004, 17.603220926000063], [121.73331698000004, 17.598722993000024], [121.74411184400003, 17.57863778500007], [121.75505467000005, 17.570999980000067], [121.76633021200007, 17.56563568300004], [121.77517922400011, 17.557764990000067], [121.7841661120001, 17.538853450000033], [121.78851574600003, 17.52549255400004]]]}, "properties": {"name": "Tuguegarao", "level": "municipality", "psgc": null, "parent_name": "Cagayan", "province": "Cagayan", "district": null}}, {"type": "Feature", "geometry": {"type": "Polygon", "coordinates": [[[121.97944716800009, 17.01351897400002], [121.98220318900007, 17.013612398000078], [121.98580311, 17.01716020400005], [121.990537431, 17.015923778000058], [122.0048707090001, 17.01717945200005], [122.01927727100008, 17.030284006000045], [122.0367964730001, 17.041319524000073], [122.07884170700004, 17.056123601000024], [122.28167502300005, 17.114106459000027], [122.31866384900002, 17.128059870000072], [122.30211837600007, 17.141084765000073], [122.26193488600006, 17.147310376000064], [122.25287945200012, 17.171646856000052], [122.22175139600006, 17.184664043000055], [122.20516050000003, 17.20860725400007], [122.20044575300005, 17.22824677500006], [122.19250292200002, 17.248568989000034], [122.18906922100007, 17.262376372000062], [122.18731898500005, 17.286879672000055], [122.178914157, 17.293736403000025], [122.13204115700012, 17.27053501000006], [122.10135925000009, 17.262351168000066], [122.02324077700007, 17.24022343200005], [121.95007386900011, 17.238413687000048], [121.93818260900002, 17.24037139400002], [121.90603593500009, 17.237652704000027], [121.89970079500006, 17.235239318000026], [121.88776282600008, 17.233903285000054], [121.87783901600005, 17.225873817000036], [121.86991846500007, 17.223091768000074], [121.8645374140001, 17.211211846000026], [121.86029988500002, 17.211103191000063], [121.85432388100003, 17.208169517000044], [121.84432765800011, 17.195022309000024], [121.83932954600004, 17.190784780000058], [121.8354179800001, 17.19100208900005], [121.82753784300007, 17.19531459800004], [121.82430251500011, 17.201508304000072], [121.8238240710001, 17.210372266000036], [121.82968148700002, 17.225601546000064], [121.830332311, 17.231524044000025], [121.824482869, 17.23137765000007], [121.81224172300006, 17.236862726000027], [121.80690309200008, 17.22991633500004], [121.80062797000005, 17.226313951000066], [121.7973742040001, 17.22643015700004], [121.79667696800004, 17.224222244000032], [121.79345126100009, 17.22204387000005], [121.79075046500009, 17.212369237000075], [121.7864508450001, 17.209812706000037], [121.79152295900008, 17.205111099000078], [121.79254224800002, 17.20222311300006], [121.79593987900012, 17.201939977000052], [121.79831822000006, 17.19973151800002], [121.7953736070001, 17.194861580000065], [121.79656277800007, 17.192766375000076], [121.80267851300005, 17.196786904000078], [121.80477371800009, 17.196277260000045], [121.8030182760001, 17.18925549000005], [121.80692555100006, 17.189312117000043], [121.8080580940001, 17.186933776000046], [121.80596288900006, 17.183422891000077], [121.80250863100002, 17.181893957000057], [121.80199898700005, 17.178779462000023], [121.80879424800003, 17.175608341000043], [121.80733664600007, 17.171910006000076], [121.81275815000004, 17.175325205000036], [121.81206667300012, 17.17180753400004], [121.81855015000008, 17.169477366000024], [121.817902881, 17.167147198000066], [121.81439891000002, 17.164773484000023], [121.80961788200011, 17.168535301000077], [121.81245314300008, 17.16115991600003], [121.810192346, 17.16173438100003], [121.80959935100009, 17.164013708000027], [121.80580992800003, 17.165056005000054], [121.80426238900009, 17.163290995000068], [121.80461448000005, 17.161882630000036], [121.80800567500012, 17.160974605000035], [121.8073200230001, 17.15337684700006], [121.8087469190001, 17.150152433000073], [121.80739414800007, 17.147039205000056], [121.8104750330001, 17.140044283000066], [121.80774854200001, 17.139099100000067], [121.80102319700006, 17.145606326000063], [121.79285206700001, 17.142980514000044], [121.79102606200001, 17.14678780500003], [121.78691814800004, 17.145697209000048], [121.78362818200003, 17.142516302000047], [121.7850641340001, 17.134245945000032], [121.78290753100009, 17.133132054000043], [121.77983930900007, 17.134289094000053], [121.78067609700008, 17.130518383000037], [121.77816573300004, 17.13342131400003], [121.77394047000007, 17.133101062000037], [121.77296070800003, 17.137171072000058], [121.77141789600012, 17.137856767000073], [121.76867512000001, 17.136142531000075], [121.76593234300003, 17.131771231000073], [121.76644661300008, 17.127914201000067], [121.76857613200002, 17.12591644300005], [121.77058027500004, 17.123466242000063], [121.77203681100002, 17.12372257100003], [121.77807775300005, 17.116176419000055], [121.80733530700002, 17.100049096000077], [121.81690413100011, 17.097248403000037], [121.82671076600002, 17.090546261000043], [121.83045960800007, 17.089484089000052], [121.84815373000004, 17.09517891400003], [121.85011583200003, 17.093081925000035], [121.85216878500012, 17.095225656000025], [121.85348854100005, 17.093368222000038], [121.85621184600006, 17.09387098600007], [121.85806928000011, 17.091517771000042], [121.85826480000003, 17.087740057000076], [121.86005240500003, 17.08631555900007], [121.85828574800007, 17.08518434000007], [121.85902316300007, 17.08317796500006], [121.8578079560001, 17.081542686000034], [121.8599968530001, 17.082335232000048], [121.86081063300003, 17.08097792500007], [121.86193707900009, 17.082311669000035], [121.86323124100011, 17.081121885000073], [121.86489594700004, 17.083709214000066], [121.87264112100002, 17.082834795000053], [121.87218013400002, 17.076964238000073], [121.8770162290001, 17.07478176500007], [121.87519138200003, 17.073271479000027], [121.8848415760001, 17.06734564900006], [121.892694892, 17.059039323000036], [121.893631378, 17.05781435600005], [121.89037350600006, 17.051020641000036], [121.89594455400004, 17.04725105800003], [121.89675852100004, 17.044884171000035], [121.90377949100002, 17.04155806600005], [121.91043435800009, 17.04223395100007], [121.91283805600006, 17.037966381000047], [121.92806990200006, 17.031514452000067], [121.93404739800008, 17.032033538000064], [121.94847292700001, 17.036620640000024], [121.96159013300007, 17.03506436200007], [121.96315544700008, 17.030541276000065], [121.96583662400008, 17.029056667000077], [121.97450481900012, 17.01726921900007], [121.97944716800009, 17.01351897400002]]]}, "properties": {"name": "Ilagan", "level": "municipality", "psgc": null, "parent_name": "Isabela", "province": "Isabela", "district": null}}, {"type": "Feature", "geometry": {"type": "Polygon", "coordinates": [[[121.57890092500008, 16.75639622400007], [121.56165127300005, 16.75748892000007], [121.5565806080001, 16.75640910900006], [121.55701569000007, 16.746880358000055], [121.55434104900007, 16.73990460300007], [121.53154241300001, 16.73825026800006], [121.52523673500002, 16.736017065000055], [121.51144279500011, 16.742892745000063], [121.507970752, 16.739527829000053], [121.50405215800004, 16.731110109000042], [121.49307299100008, 16.729198346000032], [121.4920878050001, 16.73157959100007], [121.4880133580001, 16.731682302000024], [121.48528345300008, 16.72965117800004], [121.4888422570001, 16.720548637000036], [121.48671971100009, 16.717529612000078], [121.48603478300004, 16.70281257000005], [121.48897482500001, 16.694016498000053], [121.49672394600009, 16.696373875000063], [121.49886503700009, 16.69829701200007], [121.50587226300001, 16.698662281000054], [121.50988878100009, 16.697846669000057], [121.51159977800012, 16.69446633800004], [121.51820419800003, 16.694316232000062], [121.51891348200002, 16.69141094300005], [121.51572696300002, 16.685570599000073], [121.51720640700012, 16.680631445000074], [121.50517583100009, 16.653799363000076], [121.49596941800007, 16.63793083400003], [121.49844839100001, 16.632445387000075], [121.49962784000002, 16.634241367000072], [121.50205375300004, 16.634093936000056], [121.50217951400009, 16.635458957000026], [121.5088155630001, 16.636439754000037], [121.52062412400005, 16.631733116000078], [121.52278118700008, 16.632328168000072], [121.52148660700004, 16.63424570500007], [121.5232009120001, 16.637130467000077], [121.53527233800003, 16.63260553500004], [121.55481491400008, 16.62891236200005], [121.56749450100006, 16.613628085000073], [121.56701087600004, 16.610498691000032], [121.57048577800003, 16.610435594000023], [121.57384646800006, 16.606030798000063], [121.57858267100005, 16.598471049000068], [121.575892812, 16.597860096000034], [121.57603639600006, 16.594076955000048], [121.58379264000007, 16.575755187000027], [121.59952867000004, 16.57575489800007], [121.59880324500011, 16.57761380000005], [121.6012152830001, 16.577124138000045], [121.60219009700006, 16.579052485000034], [121.59814642100002, 16.58245013000004], [121.60025997900004, 16.584053244000074], [121.59933479900008, 16.586222632000045], [121.60276434700006, 16.587490767000077], [121.60436746100004, 16.591510516000028], [121.60353152400012, 16.593325658000026], [121.61088962600002, 16.595281019000026], [121.61100464900005, 16.598459825000077], [121.6101776590001, 16.599691756000027], [121.60861665000004, 16.598335849000023], [121.60561867700005, 16.601694665000025], [121.60336072000007, 16.607217345000038], [121.60549975100002, 16.611550066000063], [121.60341378800001, 16.616452783000057], [121.60217280000006, 16.617891704000044], [121.59739357, 16.61865222800003], [121.59440955000002, 16.623432654000055], [121.59517872200001, 16.627081530000055], [121.59405288700009, 16.628806096000062], [121.59718793900004, 16.63607563200003], [121.59715071800008, 16.64904443000006], [121.59949550700003, 16.65196238900006], [121.59850548500003, 16.657537776000026], [121.60022499700005, 16.662435780000067], [121.61055697200004, 16.668719183000064], [121.61091699700012, 16.684398282000075], [121.60947856700011, 16.696821423000074], [121.60236194000004, 16.712252026000044], [121.59541725400004, 16.716082220000033], [121.59010870300006, 16.737397529000077], [121.57890092500008, 16.75639622400007]]]}, "properties": {"name": "City of Santiago", "level": "municipality", "psgc": null, "parent_name": "Isabela", "province": "Isabela", "district": null}}, {"type": "Feature", "geometry": {"type": "MultiPolygon", "coordinates": [[[[122.30477199600011, 18.23291380200004], [122.308445118, 18.231569974000024], [122.3067965350001, 18.233843320000062], [122.30526853000003, 18.233086481000043], [122.30527433400005, 18.236940722000043], [122.30385099800003, 18.234917662000043], [122.30477199600011, 18.23291380200004]]], [[[122.32753657600006, 18.24593611800003], [122.32970358300008, 18.24702503800006], [122.32932959200002, 18.248056981000047], [122.32536259000005, 18.24731505400007], [122.32574357700003, 18.245821138000053], [122.32753657600006, 18.24593611800003]]], [[[122.31430312000009, 18.38734088600006], [122.31301656500011, 18.38640338600004], [122.31475242300007, 18.386200315000053], [122.31430312000009, 18.38734088600006]]], [[[122.31353569300006, 18.39027870900003], [122.31145733700009, 18.38943864500004], [122.31376944400006, 18.38870526100004], [122.31459483000003, 18.38969601100007], [122.31353569300006, 18.39027870900003]]], [[[122.3093144400001, 18.395740111000066], [122.30965468300008, 18.390736177000065], [122.31355497200002, 18.390591017000077], [122.3112463220001, 18.394991984000058], [122.3093144400001, 18.395740111000066]]], [[[122.13239840400001, 18.511812821000035], [122.13107202700007, 18.508013531000074], [122.13404231600009, 18.503222969000035], [122.1359953440001, 18.504626606000045], [122.13571437400003, 18.508483171000023], [122.13688716500008, 18.508962799000074], [122.13239840400001, 18.511812821000035]]], [[[122.30564472200001, 18.237876678000077], [122.30751178100002, 18.240524734000076], [122.31216554600007, 18.243019333000063], [122.31507023800009, 18.242755212000077], [122.32035253400011, 18.247193071000027], [122.32120824100002, 18.249215065000044], [122.31909398700009, 18.252721976000032], [122.3211810460001, 18.257859960000076], [122.32040762200006, 18.25881293300006], [122.32753586100011, 18.266873318000023], [122.33082427900001, 18.27550024800007], [122.3323059920001, 18.27631946100007], [122.33143515400002, 18.27981850200007], [122.33498194000003, 18.284399820000033], [122.33023678600011, 18.28554192000007], [122.32754211600002, 18.290578410000023], [122.3290702160001, 18.295217294000054], [122.33254439000007, 18.296918134000066], [122.33174490400006, 18.300134076000063], [122.33761494700002, 18.309548025000026], [122.32964986700006, 18.315962029000048], [122.33293962400012, 18.32267054500005], [122.33281353500001, 18.325902045000078], [122.33094718600012, 18.330350053000075], [122.3246137750001, 18.336168110000074], [122.32431559100007, 18.34033377700007], [122.32544589500003, 18.33875054400005], [122.32597051400012, 18.34070134600006], [122.32393236700011, 18.34427220500004], [122.32510948100003, 18.34634434900005], [122.32352029200001, 18.347434530000044], [122.32763052900009, 18.35036909100006], [122.32714196000006, 18.357016695000027], [122.32353486300008, 18.365737529000057], [122.3250007040001, 18.36466173200006], [122.32503053300002, 18.36691354000004], [122.32105241800002, 18.367026863000035], [122.321214327, 18.369040348000055], [122.32243602400001, 18.36821960000003], [122.32348069800003, 18.369344873000045], [122.31983827200008, 18.379913699000042], [122.31167239100012, 18.380158321000067], [122.31153488900009, 18.38556264300007], [122.3133949270001, 18.387942748000057], [122.309137587, 18.390024021000045], [122.30885429800003, 18.392521732000034], [122.30502797400004, 18.39365710800007], [122.3030382710001, 18.39607600200003], [122.30358400500006, 18.393703594000044], [122.3025026680001, 18.39431709400003], [122.29587936400003, 18.409842151000078], [122.29257894200009, 18.412087962000044], [122.276972827, 18.41631417800005], [122.27483857600009, 18.418483712000068], [122.27453944400008, 18.422935841000026], [122.27191220400005, 18.425192674000073], [122.26815123200004, 18.42595491800006], [122.26450719500008, 18.42950738600007], [122.26119365700004, 18.429128364000064], [122.26204574200005, 18.431953300000032], [122.26451419500006, 18.43365209600006], [122.2595855290001, 18.435029944000064], [122.25912695800002, 18.437373069000046], [122.25698525100006, 18.438611945000048], [122.25811117600006, 18.443149521000066], [122.25712381200003, 18.44617452500006], [122.255579624, 18.44583044500007], [122.25415958400004, 18.447656719000065], [122.25229413000011, 18.44663767700007], [122.2495637500001, 18.44890252700003], [122.24842521000005, 18.45288496300003], [122.25020415800009, 18.45966689200003], [122.2413666760001, 18.472375001000046], [122.24083900200003, 18.47860529600007], [122.24637605200007, 18.487154885000052], [122.24561065500006, 18.493716824000046], [122.23904993800011, 18.51194197500007], [122.2328927960001, 18.518810384000062], [122.226003579, 18.521017375000042], [122.22537788900001, 18.52285736300007], [122.21916221700008, 18.52267978900005], [122.2182722330001, 18.521118561000037], [122.21436276400004, 18.520741987000065], [122.21441451500004, 18.518176410000024], [122.2115512580001, 18.51510226000005], [122.208893525, 18.51607713800007], [122.20068086800006, 18.51417757200005], [122.19853987500005, 18.512348494000037], [122.1990877830001, 18.509981269000036], [122.19732777100012, 18.511868634000052], [122.1944372800001, 18.512179167000056], [122.19619768400003, 18.512940205000064], [122.1941080150001, 18.51769327100004], [122.19220229900009, 18.514876662000063], [122.19420037000009, 18.513036286000045], [122.19132366200006, 18.512383014000022], [122.190596292, 18.510514356000044], [122.18784323900002, 18.51603731700004], [122.19049680800003, 18.516631663000055], [122.19120964000001, 18.51561177600007], [122.19121654000003, 18.51772786400005], [122.18706626300002, 18.519915414000025], [122.18464260500002, 18.51695949200007], [122.18195508100007, 18.516617619000044], [122.18284318100007, 18.515376869000022], [122.18026663, 18.516126099000076], [122.17871342500007, 18.51420123300005], [122.17664990600008, 18.51454103900005], [122.17320620300006, 18.51977028500005], [122.16687579400002, 18.521697646000064], [122.15870381700006, 18.515828250000027], [122.16297105000001, 18.514529768000045], [122.162301092, 18.51238001400003], [122.16405523200001, 18.510618586000078], [122.16171618900012, 18.512087980000047], [122.16123122600004, 18.510172485000055], [122.15375921300006, 18.511598896000066], [122.15055831000006, 18.508204372000023], [122.14912381900001, 18.510588461000054], [122.14985901200009, 18.508261896000022], [122.14665067700003, 18.507007084000065], [122.14885958700006, 18.494202983000037], [122.14683328500007, 18.477241320000076], [122.13665490700009, 18.451860934000024], [122.12836967200008, 18.439964099000065], [122.12725627100008, 18.432059605000063], [122.12486318800006, 18.427315316000033], [122.12501257300005, 18.422926455000038], [122.13251196700003, 18.414081551000038], [122.13083118500003, 18.409189354000034], [122.12604849500008, 18.40578711300003], [122.1251612850001, 18.398352767000063], [122.12968075700007, 18.389473878000047], [122.12880823900002, 18.393878786000073], [122.13142213900005, 18.391542052000034], [122.13234581900008, 18.38791397600005], [122.13106595800002, 18.38669666900006], [122.13045372800002, 18.389605303000053], [122.12873580500002, 18.381970685000056], [122.11787789700008, 18.374524007000048], [122.1113695030001, 18.37562292100006], [122.10903882600007, 18.378253887000028], [122.1083846140001, 18.38008953600007], [122.1108018650001, 18.38152711300006], [122.11084559100004, 18.385432439000056], [122.11301080100009, 18.386950330000047], [122.11072070700004, 18.38551805700007], [122.10999167700004, 18.383315825000068], [122.10857609200002, 18.38360640600007], [122.1070755500001, 18.381741142000067], [122.10355122100009, 18.383711792000042], [122.10437569100009, 18.375075373000072], [122.11024958200005, 18.36816793400004], [122.15260571200008, 18.344881077000025], [122.30564472200001, 18.237876678000077]]], [[[122.15833069100006, 18.528167344000053], [122.1577339590001, 18.528996621000033], [122.15738830600003, 18.527169537000077], [122.15833069100006, 18.528167344000053]]], [[[122.13345586200012, 18.581714198000043], [122.1388463620001, 18.577462651000076], [122.13948207600004, 18.575342351000074], [122.13660221200007, 18.57366897000003], [122.13287118300002, 18.575105106000024], [122.12871217000009, 18.57372556400003], [122.12658173200009, 18.574804482000047], [122.1266056180001, 18.572327425000026], [122.12141200600001, 18.572996833000047], [122.12160930400012, 18.569200764000072], [122.11600311100005, 18.568797807000067], [122.11786975600012, 18.562719043000072], [122.1131226440001, 18.56228442300005], [122.11207816300009, 18.560301537000043], [122.1132342200001, 18.558322314000065], [122.11164057000008, 18.554998887000067], [122.11395433000007, 18.553316257000063], [122.11165182500008, 18.55217613800005], [122.1116452010001, 18.54811018500004], [122.11476054600007, 18.547492436000027], [122.11762570000008, 18.544562763000044], [122.1235197850001, 18.547709268000062], [122.1265026960001, 18.54655956000005], [122.12496151100004, 18.54121589700003], [122.12005251700009, 18.53974471600003], [122.11995673800004, 18.53790759800006], [122.11706227500008, 18.537812333000034], [122.11630067600004, 18.53646604900007], [122.12071277300004, 18.531668817000025], [122.11728549300005, 18.528760945000045], [122.11809371900006, 18.525802515000066], [122.11509512600003, 18.52382754100006], [122.1181102380001, 18.521446025000046], [122.11680824500002, 18.518563671000038], [122.11429407900005, 18.517783421000047], [122.11747862100003, 18.509891476000064], [122.11352682300003, 18.504416586000048], [122.11453773500011, 18.503500962000032], [122.11326859200005, 18.502215230000047], [122.115325331, 18.500811859000066], [122.11954406900009, 18.50683078900005], [122.12843688600003, 18.512139974000036], [122.1334235710001, 18.518662618000064], [122.14271343500002, 18.520455795000032], [122.14774888800002, 18.51424841200003], [122.15025669900001, 18.517054810000047], [122.1475437580001, 18.520506863000037], [122.15302455000005, 18.52262070100005], [122.15202034000004, 18.52577921900007], [122.14789820600004, 18.527098403000025], [122.14849880200006, 18.528784667000025], [122.1457255680001, 18.534014757000023], [122.14997563500003, 18.541884596000045], [122.15298666900003, 18.544486370000072], [122.15644693000002, 18.544961431000047], [122.1540008820001, 18.54728410000007], [122.15772453600005, 18.554891221000048], [122.15626196700009, 18.56721520900004], [122.15988616200002, 18.56907317400004], [122.1549967310001, 18.571455033000063], [122.15384840600007, 18.575846092000063], [122.15698081200003, 18.579808435000075], [122.15000019000001, 18.58034889000004], [122.14532595700007, 18.57747818100006], [122.1419784200001, 18.579685641000026], [122.14002481300008, 18.579048585000066], [122.13820339300003, 18.581283105000068], [122.13345586200012, 18.581714198000043]]], [[[122.13728673800006, 18.587349637000045], [122.13869988700003, 18.584984873000053], [122.13892383000007, 18.58646000500005], [122.13728673800006, 18.587349637000045]]], [[[122.14073656100004, 18.592709684000056], [122.14087331600001, 18.591084270000067], [122.13794090500005, 18.590578368000024], [122.13805880200005, 18.589298292000024], [122.14119000700009, 18.589875122000024], [122.14192602500009, 18.591325054000038], [122.14073656100004, 18.592709684000056]]]]}, "properties": {"name": "Sta. Ana", "level": "municipality", "psgc": null, "parent_name": "Cagayan", "province": "Cagayan", "district": null}}]}