{"type": "FeatureCollection", "features": [{"type": "Feature", "geometry": {"type": "MultiPolygon", "coordinates": [[[[121.80941423100012, 20.336653299000034], [121.80006748200003, 20.334199613000067], [121.80078496100009, 20.319909332000066], [121.79990252400012, 20.31559768900007], [121.79814524900007, 20.314279894000038], [121.79981681100003, 20.311563385000056], [121.79855419000012, 20.308395397000027], [121.80658754800004, 20.300858214000073], [121.80672786000002, 20.29904337100004], [121.81129235100002, 20.301169291000065], [121.8116952690001, 20.307728647000033], [121.81691921900006, 20.313783197000078], [121.81960547100005, 20.325700495000035], [121.81505828800005, 20.33323353700007], [121.80941423100012, 20.336653299000034]]], [[[121.78282914200008, 20.338509002000023], [121.78089545400007, 20.338392017000047], [121.7801667650001, 20.336515199000075], [121.7774068760001, 20.33675326100007], [121.77920597600007, 20.333519076000073], [121.785782089, 20.330090231000042], [121.78666514400004, 20.328157774000033], [121.78966128900004, 20.32878228800007], [121.7911489390001, 20.332596413000033], [121.78282914200008, 20.338509002000023]]], [[[121.84473327, 20.355984787000068], [121.84217602500007, 20.351699266000026], [121.84337191100008, 20.35042050100003], [121.84305721900012, 20.34510407600004], [121.83793309500004, 20.32462182000006], [121.84184789800008, 20.305171578000056], [121.84154243600005, 20.298834155000065], [121.84558496800003, 20.296386107000046], [121.84718245400006, 20.292780841000024], [121.84609890600007, 20.289785873000028], [121.84050524700001, 20.28722706600007], [121.84225305700011, 20.28489888400003], [121.84198050500004, 20.281647133000035], [121.84408594100012, 20.281409133000068], [121.84358318800003, 20.280216019000022], [121.84940339200011, 20.27245673400006], [121.84840054000006, 20.27127732200006], [121.8508671400001, 20.269997467000053], [121.85015289000012, 20.268535886000052], [121.85147369700007, 20.26899469700004], [121.85114813100006, 20.26733143200005], [121.85453839200011, 20.265490339000053], [121.85595684200007, 20.26197872000006], [121.86107236400005, 20.260324749000063], [121.86328818700008, 20.260741464000034], [121.86445320200005, 20.262775051000062], [121.86596702000008, 20.262242185000048], [121.8661338280001, 20.264023965000035], [121.86374126300007, 20.26543579300005], [121.86102096500008, 20.271629543000074], [121.86820670600002, 20.280012922000026], [121.8705173410001, 20.280426920000025], [121.86930790100007, 20.28099263300004], [121.87004931500007, 20.282709160000024], [121.87432149400001, 20.28458309800004], [121.88227108700005, 20.28533161300004], [121.88317750300007, 20.28435745200005], [121.88419988400005, 20.288186347000078], [121.8864097500001, 20.288023629000065], [121.88585441200007, 20.29250479700005], [121.88785216500003, 20.294689853000023], [121.88631527300004, 20.29597846100006], [121.88917533600011, 20.302463769000042], [121.88928427200005, 20.31316702500004], [121.88075824500004, 20.324117408000063], [121.87722209600008, 20.332263768000075], [121.87270176400011, 20.33519053300006], [121.87224871600006, 20.339697126000033], [121.86937953800009, 20.341374462000033], [121.86764243900006, 20.340004598000064], [121.86420545500005, 20.341112534000047], [121.86069741800009, 20.344984759000056], [121.85858929400001, 20.34488016100005], [121.85368908200007, 20.348526121000077], [121.85329480000007, 20.35078820900003], [121.85157445700008, 20.350430542000026], [121.84473327, 20.355984787000068]]], [[[122.00281302700012, 20.489435999000023], [121.9753625190001, 20.47142869000004], [121.9657763990001, 20.469140871000036], [121.9619703940001, 20.472205280000026], [121.96205641600011, 20.47024044500006], [121.95724084100004, 20.46961568300003], [121.95761590400002, 20.464776202000053], [121.9601709000001, 20.461227138000027], [121.95985105500006, 20.455648861000043], [121.96105286400007, 20.455274493000047], [121.95985163400007, 20.45378602100004], [121.96755250600006, 20.446675965000054], [121.96514660300011, 20.443200922000074], [121.96186302800004, 20.442366840000034], [121.96316402200011, 20.43896222500007], [121.95685927300008, 20.43067221000007], [121.94868125300002, 20.42715901200006], [121.94612069100003, 20.415940101000047], [121.93919653500006, 20.413265822000028], [121.93157002300006, 20.406337480000047], [121.92711477500006, 20.409391651000078], [121.92579830000011, 20.408382251000035], [121.92686170400009, 20.404976310000052], [121.92474637900011, 20.392972409000038], [121.91929722700002, 20.383201761000066], [121.920522505, 20.379833516000076], [121.91315429100007, 20.370890348000046], [121.9155326770001, 20.361383768000053], [121.91494288600006, 20.347475033000023], [121.91674886300007, 20.349430015000053], [121.92064259500012, 20.350128718000065], [121.94144154800006, 20.348738755000056], [121.94311982900001, 20.347113310000054], [121.94686467300005, 20.347050422000052], [121.9479369290001, 20.34854887700004], [121.95068714400009, 20.348633148000033], [121.950201407, 20.349801444000036], [121.95333770700006, 20.352088898000034], [121.95493382300003, 20.359207646000073], [121.95960208300005, 20.365543546000026], [121.9650492180001, 20.367325423000068], [121.97178541700009, 20.366555430000062], [121.97040354900003, 20.368933630000072], [121.97016832500003, 20.376680130000068], [121.97203852900009, 20.37831782300003], [121.97506466100003, 20.377838277000023], [121.98065763600005, 20.382541805000074], [121.97797160400012, 20.39020141900005], [121.980448077, 20.391995044000055], [121.97716544000002, 20.391980560000036], [121.97590915100011, 20.396294992000037], [121.96948923700006, 20.395410087000073], [121.96470916900012, 20.398960337000062], [121.96151968100003, 20.403916621000064], [121.96239566600002, 20.41258308700003], [121.96474360900004, 20.413443785000027], [121.96697403600001, 20.41200004800004], [121.96649334000006, 20.414413140000022], [121.96996773900003, 20.418695872000058], [121.97765592700011, 20.423747137000078], [121.98115725100001, 20.424191062000034], [121.98562641300009, 20.428009583000062], [121.98654177100002, 20.42969101400007], [121.98366380800007, 20.432355983000036], [121.98638923300007, 20.438121989000024], [122.00695790200007, 20.447477268000057], [122.01389547400004, 20.447962679000057], [122.02080862200012, 20.452846332000036], [122.02278716600006, 20.452791039000033], [122.029193684, 20.460287898000047], [122.03521826700012, 20.46452759300007], [122.0342541010001, 20.471625894000056], [122.02757173500004, 20.481267667000054], [122.02273698400006, 20.484072106000042], [122.01143803600007, 20.485954629000048], [122.00281302700012, 20.489435999000023]]], [[[121.94332865700005, 20.700232493000044], [121.9418487260001, 20.699247006000064], [121.94266430100004, 20.698168464000048], [121.94332865700005, 20.700232493000044]]], [[[121.93317627400006, 20.712346409000077], [121.9251460160001, 20.709288842000035], [121.92265022700008, 20.70615538100003], [121.9212180190001, 20.700228245000062], [121.92804857200008, 20.697994016000052], [121.93516998500002, 20.698292190000075], [121.93317627400006, 20.712346409000077]]], [[[121.86002349600005, 20.836194656000032], [121.849949906, 20.832540805000065], [121.84233664400006, 20.826469780000025], [121.83671041100001, 20.825213034000058], [121.83444189000011, 20.82076244800004], [121.83523220000006, 20.816552779000062], [121.8334135450001, 20.811940349000054], [121.83465631000001, 20.80536230100006], [121.82809203400006, 20.788713081000026], [121.82222243300009, 20.78514185100005], [121.82191043900002, 20.782358690000024], [121.81702201000007, 20.77778584300006], [121.81579344700003, 20.772755284000027], [121.81684767800004, 20.769223846000045], [121.81416342700004, 20.763156774000038], [121.81519332800008, 20.760229091000042], [121.81226659100003, 20.75892990600005], [121.81140998500007, 20.75578901700004], [121.80634872000007, 20.757290348000026], [121.80329394500006, 20.75481084300003], [121.80123879500002, 20.754983823000032], [121.80046145500012, 20.752753882000036], [121.7976938920001, 20.751386917000048], [121.79282840100007, 20.744424233000075], [121.79341589700005, 20.74150594200006], [121.79212051400009, 20.74161930300005], [121.78874160900011, 20.735726745000022], [121.78794488800008, 20.728248832000077], [121.78272710300007, 20.72158550100005], [121.78296919600007, 20.716547011000046], [121.78963391700006, 20.70795881600003], [121.78981504700005, 20.703454240000042], [121.79141080400007, 20.703235796000058], [121.79362018100005, 20.699117784000066], [121.79677968200008, 20.699175340000068], [121.79750446500009, 20.69635589300003], [121.800059067, 20.69505345400006], [121.79957186400009, 20.68873165100007], [121.810532856, 20.689605262000043], [121.8154114990001, 20.69405478400006], [121.82297063900012, 20.697644858000046], [121.82656134500007, 20.70362102200005], [121.82777290400008, 20.703167423000025], [121.8271045670001, 20.70457165700003], [121.82874036500004, 20.706964411000058], [121.83359927700008, 20.706269424000027], [121.83590598700005, 20.708452903000023], [121.83835621000003, 20.708148582000035], [121.84264587300004, 20.71060618000007], [121.84425388600005, 20.713888234000024], [121.846200801, 20.713566566000054], [121.85356629500006, 20.723000108000065], [121.85305423900002, 20.72599116600003], [121.85659779100001, 20.730787531000033], [121.85538524100002, 20.73170809800007], [121.85664280600008, 20.731727945000046], [121.85572140200009, 20.732809038000028], [121.8569917210001, 20.73277424400004], [121.85724281000012, 20.735912747000043], [121.85610314700011, 20.736141435000036], [121.8571876090001, 20.736656717000074], [121.85484736700005, 20.738299046000066], [121.8584216050001, 20.740247157000056], [121.85543410000002, 20.745752036000056], [121.85665217100006, 20.75136337400005], [121.86453399200002, 20.754216846000077], [121.86779777000004, 20.753883807000022], [121.8712966280001, 20.75571979600005], [121.8714277790001, 20.75720358600006], [121.8740670090001, 20.757024511000054], [121.87476576300003, 20.75997379200004], [121.87649312200006, 20.758629082000027], [121.87768909200008, 20.762606568000024], [121.87648633600008, 20.766683448000038], [121.87159851400008, 20.768262795000055], [121.87181914000007, 20.77053598300006], [121.87397220200012, 20.77166657500004], [121.87219444700008, 20.773644537000052], [121.87336554600006, 20.777204288000064], [121.86920607000002, 20.779732976000048], [121.86774201800006, 20.782640688000072], [121.87063812200006, 20.784916254000052], [121.87026501800005, 20.786817760000076], [121.87268247000009, 20.788844651000034], [121.8729529630001, 20.791763219000075], [121.8814912260001, 20.79523877400004], [121.87971379500004, 20.796516085000064], [121.87985648100005, 20.798357200000055], [121.882914206, 20.80001966100008], [121.88310765000006, 20.803874379000035], [121.88170545500009, 20.804995467000026], [121.88341141, 20.806637843000033], [121.88208599600011, 20.809697663000065], [121.88317951400006, 20.80968682400004], [121.88017197700003, 20.811987588000022], [121.88104960900012, 20.81420278400003], [121.87878848500009, 20.817383865000068], [121.88022255300007, 20.81994086000003], [121.87516742900004, 20.82320793300005], [121.875940764, 20.824691045000066], [121.87185159800003, 20.827167737000025], [121.87081455500004, 20.830190001000062], [121.86531890000003, 20.833649967000042], [121.86555306900004, 20.834932669000068], [121.8634591760001, 20.833220378000078], [121.86002349600005, 20.836194656000032]]], [[[121.90139605400009, 20.90902865000004], [121.89848914900006, 20.90516830400003], [121.89987926000003, 20.902828338000063], [121.89856120200011, 20.900771588000055], [121.9010018460001, 20.898819615000036], [121.9033948440001, 20.89885080700003], [121.90481404700006, 20.90059126600005], [121.90650677700012, 20.90031625000006], [121.9064490070001, 20.904412491000073], [121.9078453190001, 20.905164210000066], [121.90139605400009, 20.90902865000004]]], [[[121.92018209200012, 20.93557757600007], [121.9142202380001, 20.93343092200007], [121.91356943700009, 20.93020542100004], [121.9265957340001, 20.926092061000077], [121.9300135740001, 20.922163096000077], [121.93202777800002, 20.92179906000007], [121.9303341320001, 20.926201693000053], [121.92671866600006, 20.92696069400006], [121.92018209200012, 20.93557757600007]]], [[[121.93465625500005, 21.06959503300004], [121.92800343100009, 21.065834451000057], [121.92761921100009, 21.06197194300006], [121.93305616100008, 21.06135387200004], [121.93543371400006, 21.062492105000047], [121.9361149340001, 21.06824620200007], [121.93465625500005, 21.06959503300004]]], [[[121.94566696200002, 21.121755276000044], [121.9470012050001, 21.117544132000035], [121.94645547700009, 21.110459431000038], [121.9488878410001, 21.102982182000062], [121.95186774700005, 21.103995703000066], [121.95530868300011, 21.107960024000022], [121.95561915600001, 21.113598353000043], [121.95199979200004, 21.117450983000026], [121.95222034300002, 21.119063408000045], [121.94566696200002, 21.121755276000044]]]]}, "properties": {"name": "Batanes", "level": "province", "psgc": null, "parent_name": "Region II"}}, {"type": "Feature", "geometry": {"type": "MultiPolygon", "coordinates": [[[[122.32753657600006, 18.24593611800003], [122.32970358300008, 18.24702503800006], [122.32932959200002, 18.248056981000047], [122.32536259000005, 18.24731505400007], [122.32574357700003, 18.245821138000053], [122.32753657600006, 18.24593611800003]]], [[[122.31430312000009, 18.38734088600006], [122.31301656500011, 18.38640338600004], [122.31475242300007, 18.386200315000053], [122.31430312000009, 18.38734088600006]]], [[[122.31353569300006, 18.39027870900003], [122.31145733700009, 18.38943864500004], [122.31376944400006, 18.38870526100004], [122.31459483000003, 18.38969601100007], [122.31353569300006, 18.39027870900003]]], [[[122.3093144400001, 18.395740111000066], [122.30965468300008, 18.390736177000065], [122.31355497200002, 18.390591017000077], [122.3112463220001, 18.394991984000058], [122.3093144400001, 18.395740111000066]]], [[[122.13239840400001, 18.511812821000035], [122.13107202700007, 18.508013531000074], [122.13404231600009, 18.503222969000035], [122.1359953440001, 18.504626606000045], [122.13571437400003, 18.508483171000023], [122.13688716500008, 18.508962799000074], [122.13239840400001, 18.511812821000035]]], [[[122.15833069100006, 18.528167344000053], [122.1577339590001, 18.528996621000033], [122.15738830600003, 18.527169537000077], [122.15833069100006, 18.528167344000053]]], [[[122.13345586200012, 18.581714198000043], [122.1388463620001, 18.577462651000076], [122.13948207600004, 18.575342351000074], [122.13660221200007, 18.57366897000003], [122.13287118300002, 18.575105106000024], [122.12871217000009, 18.57372556400003], [122.12658173200009, 18.574804482000047], [122.1266056180001, 18.572327425000026], [122.12141200600001, 18.572996833000047], [122.12160930400012, 18.569200764000072], [122.11600311100005, 18.568797807000067], [122.11786975600012, 18.562719043000072], [122.1131226440001, 18.56228442300005], [122.11207816300009, 18.560301537000043], [122.1132342200001, 18.558322314000065], [122.11164057000008, 18.554998887000067], [122.11395433000007, 18.553316257000063], [122.11165182500008, 18.55217613800005], [122.1116452010001, 18.54811018500004], [122.11476054600007, 18.547492436000027], [122.11762570000008, 18.544562763000044], [122.1235197850001, 18.547709268000062], [122.1265026960001, 18.54655956000005], [122.12496151100004, 18.54121589700003], [122.12005251700009, 18.53974471600003], [122.11995673800004, 18.53790759800006], [122.11706227500008, 18.537812333000034], [122.11630067600004, 18.53646604900007], [122.12071277300004, 18.531668817000025], [122.11728549300005, 18.528760945000045], [122.11809371900006, 18.525802515000066], [122.11509512600003, 18.52382754100006], [122.1181102380001, 18.521446025000046], [122.11680824500002, 18.518563671000038], [122.11429407900005, 18.517783421000047], [122.11747862100003, 18.509891476000064], [122.11352682300003, 18.504416586000048], [122.11453773500011, 18.503500962000032], [122.11326859200005, 18.502215230000047], [122.115325331, 18.500811859000066], [122.11954406900009, 18.50683078900005], [122.12843688600003, 18.512139974000036], [122.1334235710001, 18.518662618000064], [122.14271343500002, 18.520455795000032], [122.14774888800002, 18.51424841200003], [122.15025669900001, 18.517054810000047], [122.1475437580001, 18.520506863000037], [122.15302455000005, 18.52262070100005], [122.15202034000004, 18.52577921900007], [122.14789820600004, 18.527098403000025], [122.14849880200006, 18.528784667000025], [122.1457255680001, 18.534014757000023], [122.14997563500003, 18.541884596000045], [122.15298666900003, 18.544486370000072], [122.15644693000002, 18.544961431000047], [122.1540008820001, 18.54728410000007], [122.15772453600005, 18.554891221000048], [122.15626196700009, 18.56721520900004], [122.15988616200002, 18.56907317400004], [122.1549967310001, 18.571455033000063], [122.15384840600007, 18.575846092000063], [122.15698081200003, 18.579808435000075], [122.15000019000001, 18.58034889000004], [122.14532595700007, 18.57747818100006], [122.1419784200001, 18.579685641000026], [122.14002481300008, 18.579048585000066], [122.13820339300003, 18.581283105000068], [122.13345586200012, 18.581714198000043]]], [[[122.13728673800006, 18.587349637000045], [122.13869988700003, 18.584984873000053], [122.13892383000007, 18.58646000500005], [122.13728673800006, 18.587349637000045]]], [[[122.14073656100004, 18.592709684000056], [122.14087331600001, 18.591084270000067], [122.13794090500005, 18.590578368000024], [122.13805880200005, 18.589298292000024], [122.14119000700009, 18.589875122000024], [122.14192602500009, 18.591325054000038], [122.14073656100004, 18.592709684000056]]], [[[121.43655489200012, 17.69322616000005], [121.4393278340001, 17.69023258900006], [121.43675604700002, 17.671347725000032], [121.44186998900011, 17.664542089000065], [121.44633298200006, 17.663998089000074], [121.44961295600001, 17.661005241000055], [121.45216195600005, 17.661194212000055], [121.457623968, 17.66307906000003], [121.45757936200005, 17.669447244000025], [121.46370834100003, 17.669227143000057], [121.46647706300007, 17.672358059000032], [121.47269773300002, 17.672020574000044], [121.47706405600002, 17.66879736800007], [121.47587026100007, 17.663122695000027], [121.47338809900009, 17.662269612000046], [121.4740407590001, 17.66097971000005], [121.47227292500008, 17.659905649000052], [121.48512366300008, 17.647321689000023], [121.47618784800011, 17.64545142000003], [121.484090594, 17.638499731000024], [121.48884152300002, 17.62598446100003], [121.48758995800006, 17.624506232000044], [121.48723603600001, 17.610048520000078], [121.49190766200002, 17.609354548000056], [121.49661415900005, 17.59104271800004], [121.51407593600004, 17.590183152000066], [121.52581727300003, 17.583678302000067], [121.53392325200002, 17.584324932000072], [121.54672301300002, 17.580621351000048], [121.57330452200006, 17.564788665000037], [121.57497229100011, 17.557070383000053], [121.5767341620001, 17.55549054100004], [121.59972009100011, 17.548195070000077], [121.60304284400002, 17.563412498000048], [121.60700935600005, 17.56123643500007], [121.61420260300008, 17.560316989000057], [121.63257510800008, 17.533221769000022], [121.62597293100009, 17.528587955000035], [121.62821918700001, 17.525553668000043], [121.63064219800003, 17.52564204500004], [121.63519759400003, 17.521625578000055], [121.63324585500004, 17.51925667300003], [121.63961454200012, 17.504361036000034], [121.64723067800003, 17.50048373000004], [121.67058345500004, 17.499331217000076], [121.70381581100003, 17.50181446600004], [121.75512754700003, 17.509929960000022], [121.7786286170001, 17.51868379800004], [121.79013633400007, 17.51921268500007], [121.78851574600003, 17.52549255400004], [121.82031676800011, 17.53140441100004], [121.84870563100003, 17.52951411300006], [121.89488360000007, 17.530313728000067], [122.04625641700011, 17.57031679800002], [122.11294895700007, 17.578423074000057], [122.13330466600007, 17.579526023000028], [122.14173072000006, 17.58103635200007], [122.15038542400009, 17.58536370400003], [122.17296890000011, 17.58454244400002], [122.16542416200002, 17.60354451300003], [122.16232943000011, 17.61885975000007], [122.1666216210001, 17.634186296000053], [122.1642258920001, 17.641195967000044], [122.16599935700003, 17.645354903000054], [122.16291577400011, 17.65690096800006], [122.16731102800009, 17.669220375000066], [122.16345600800003, 17.67013150100007], [122.16551251400006, 17.674629442000025], [122.16378736100012, 17.67440103000007], [122.16224728300006, 17.67644982400003], [122.15969840700006, 17.675197860000026], [122.16032502200005, 17.678911218000053], [122.15775179000002, 17.678820631000065], [122.15624554300007, 17.68111630100003], [122.1573887830001, 17.684980146000044], [122.16038971500006, 17.687369190000027], [122.16139608600008, 17.692955143000063], [122.16458925400002, 17.69378234000004], [122.1648157940001, 17.696117754000056], [122.16821259200003, 17.69684458000006], [122.16853843800004, 17.698783305000063], [122.16362761900007, 17.704812022000056], [122.15861020800003, 17.703584676000048], [122.15769475900004, 17.70705302600004], [122.16238905800003, 17.709989927000038], [122.15907630600009, 17.712497693000046], [122.15705895300005, 17.717128728000034], [122.15212508600007, 17.720509238000034], [122.15055171600011, 17.723747796000055], [122.15091563200008, 17.72787009700005], [122.14933145900011, 17.728160159000026], [122.15130663600007, 17.732082718000072], [122.14838648300008, 17.73499666400005], [122.14654847000008, 17.734684338000022], [122.14650765100009, 17.73684733600004], [122.14405099300006, 17.73825904800003], [122.1432042450001, 17.74275909100004], [122.14479400800008, 17.74947960700007], [122.14843102100008, 17.755539876000057], [122.14626687400005, 17.759582047000038], [122.14306901700002, 17.757006955000065], [122.14578091800001, 17.760364147000075], [122.14451991300007, 17.765898708000066], [122.14167772400003, 17.76746040100005], [122.14372992100004, 17.76878453100005], [122.14340666100009, 17.770766430000037], [122.14054764800005, 17.778160687000025], [122.13864743600004, 17.777809356000034], [122.13903119800011, 17.77921402800007], [122.13786613800005, 17.77941747500006], [122.14017260500009, 17.780859419000024], [122.13680427100007, 17.783212556000024], [122.13957858900005, 17.78486055700006], [122.13987322600008, 17.787411698000028], [122.1375870280001, 17.789166300000034], [122.137241162, 17.79636037800003], [122.14103700900012, 17.798830748000057], [122.13990921300001, 17.80297550000006], [122.14240343000006, 17.805264584000042], [122.14225456200006, 17.806996920000074], [122.14690488500003, 17.807625164000058], [122.14778374100001, 17.81009907300006], [122.1504659520001, 17.80920334700005], [122.15539870100008, 17.814013053000053], [122.15451005600005, 17.814375031000054], [122.15653897800007, 17.817012951000038], [122.15571315600005, 17.822660604000077], [122.15437634500006, 17.823617777000038], [122.15242465200004, 17.82234330400007], [122.14969540100003, 17.822774008000067], [122.14719245700007, 17.825450172000046], [122.14753080100002, 17.829027128000064], [122.15103972600002, 17.829358954000043], [122.15200379100008, 17.831064230000038], [122.14960026000006, 17.835271858000056], [122.15098143000012, 17.83664661100005], [122.15471063700011, 17.835727397000028], [122.15481882800009, 17.836766944000033], [122.15209257400011, 17.837224164000077], [122.15200951600002, 17.83911181800005], [122.15484552100008, 17.84034732400005], [122.15892042100006, 17.839766616000077], [122.15978906500004, 17.843580725000038], [122.16175121000003, 17.840394503000027], [122.16458908900006, 17.841468060000068], [122.16850726700011, 17.84777442500007], [122.16845629900001, 17.850535652000076], [122.16468169300003, 17.85446945800004], [122.16189281700008, 17.86246932800003], [122.16370771400011, 17.86596734500006], [122.16157370100007, 17.868747449000068], [122.1629441660001, 17.870263341000054], [122.1622060420001, 17.872350745000062], [122.16376661700008, 17.873459032000028], [122.16253202000007, 17.87455570900005], [122.16280407700003, 17.877629255000045], [122.16517143100009, 17.879416725000056], [122.16543449100004, 17.881902530000048], [122.16669556000011, 17.881692738000027], [122.16563083300002, 17.883515558000056], [122.16690411500008, 17.885418599000047], [122.17500073300005, 17.891407039000057], [122.17590231100007, 17.895003015000043], [122.17470118400001, 17.895084869000073], [122.17460899900004, 17.89697879700003], [122.1782215400001, 17.898713273000055], [122.1803755410001, 17.89708597400005], [122.18280486000003, 17.898907800000075], [122.1830905170001, 17.901110150000022], [122.18453811100005, 17.900289126000075], [122.18807063400004, 17.901393639000048], [122.18751439000005, 17.903924648000043], [122.18507098600003, 17.90557699900006], [122.18486859300003, 17.90855046200005], [122.18961345100001, 17.91129878000004], [122.18819990700001, 17.91567171500003], [122.1893072040001, 17.916111381000064], [122.1871288210001, 17.917119143000036], [122.19064936100006, 17.917885927000043], [122.1816918180001, 17.92034947700006], [122.18120468200004, 17.92243855600003], [122.18286000800003, 17.92492011300004], [122.17896161100009, 17.929368897000074], [122.18029191300002, 17.930150237000078], [122.17835928900001, 17.932937481000067], [122.17857823100007, 17.937121013000024], [122.18325027700007, 17.944481979000045], [122.18160573600005, 17.944341069000075], [122.17909630500003, 17.94770330600005], [122.17744344700009, 17.95936978900005], [122.17904151400012, 17.96162849600006], [122.17743021500007, 17.96315517000005], [122.17704735600012, 17.967998709000028], [122.17811311000003, 17.969923426000037], [122.18120480400012, 17.97099976800007], [122.181894811, 17.974209376000033], [122.18473460900009, 17.974739098000043], [122.17863173500007, 17.98704633500006], [122.18600642900003, 17.99111852900006], [122.18979542200009, 18.001890237000055], [122.18583396500003, 18.004781112000046], [122.18430155600004, 18.00985504500005], [122.1882731390001, 18.017724728000076], [122.18759975700004, 18.016935810000064], [122.18462979700007, 18.02452569700006], [122.179942621, 18.030913697000074], [122.17576257300004, 18.031362100000024], [122.17399943400005, 18.034765251000067], [122.17722354600005, 18.054280487000028], [122.18179352100003, 18.057239560000028], [122.18354717600005, 18.060145345000024], [122.18016146100001, 18.063546746000043], [122.1739204270001, 18.061648582000032], [122.17163930000004, 18.06414635300007], [122.16752043800011, 18.064472004000038], [122.1647726010001, 18.071423221000032], [122.16792989100009, 18.075181315000066], [122.16747201600003, 18.08653532200003], [122.17082005300006, 18.088819536000074], [122.18085716300004, 18.115530487000058], [122.18645631800007, 18.118818926000074], [122.19068965000008, 18.116224230000057], [122.19491862300004, 18.11742811000005], [122.19796648600004, 18.12157736200004], [122.19778680500008, 18.126842380000028], [122.19963982500008, 18.13004402400003], [122.20182764200001, 18.13227173300004], [122.2039106090001, 18.13132289300006], [122.2027334170001, 18.13301856100003], [122.20551572700003, 18.134748605000027], [122.20519627100009, 18.13802081600005], [122.20760338100001, 18.14074328600003], [122.20803800800002, 18.14392054800004], [122.21507480100001, 18.14565983700004], [122.2155001970001, 18.151476985000045], [122.22426717600001, 18.154931920000024], [122.22813778800003, 18.154984125000055], [122.22879605300011, 18.157987626000022], [122.23388128300007, 18.160026221000066], [122.23567042700006, 18.15885898700003], [122.23655664800003, 18.16145233000003], [122.23949917800007, 18.15982363200004], [122.24095017600007, 18.163117183000054], [122.24998765100008, 18.16259476600004], [122.2531861550001, 18.16764259100006], [122.25728361600011, 18.166763466000077], [122.26165113000002, 18.16843787700003], [122.26358441400009, 18.170413480000036], [122.26446160400008, 18.17497718100003], [122.2661026610001, 18.175431967000065], [122.26350583300007, 18.17847959900007], [122.26609010800007, 18.185983114000067], [122.28028172200004, 18.19682602200004], [122.28729110900008, 18.199992964000046], [122.29009198900008, 18.205678463000027], [122.28975165400004, 18.21001907300007], [122.29385542600005, 18.21263407200007], [122.29606630100011, 18.212219107000067], [122.29716518100008, 18.21575030100007], [122.30290430500008, 18.219388010000046], [122.29855104600006, 18.22863482500003], [122.30285217300002, 18.22932439400006], [122.30442131400002, 18.232862646000058], [122.30832944400004, 18.231419171000027], [122.3067965350001, 18.233843320000062], [122.3050711190001, 18.23375800100007], [122.30682227700004, 18.239943366000034], [122.31216554600007, 18.243019333000063], [122.31529268100007, 18.242888109000035], [122.32112966300008, 18.248513943000034], [122.31909398700009, 18.252721976000032], [122.3211810460001, 18.257859960000076], [122.32040762200006, 18.25881293300006], [122.32753586100011, 18.266873318000023], [122.33082427900001, 18.27550024800007], [122.3323059920001, 18.27631946100007], [122.33143515400002, 18.27981850200007], [122.33498194000003, 18.284399820000033], [122.3300930050001, 18.28571306200007], [122.329686132, 18.288546901000075], [122.32756071000006, 18.290489800000046], [122.32791676500005, 18.29286053000004], [122.3290702160001, 18.295217294000054], [122.33254439000007, 18.296918134000066], [122.33174490400006, 18.300134076000063], [122.33762092300003, 18.309250727000062], [122.33661322500006, 18.311352147000036], [122.33230277100006, 18.31278621000007], [122.32964986700006, 18.315962029000048], [122.33293962400012, 18.32267054500005], [122.33281353500001, 18.325902045000078], [122.33094718600012, 18.330350053000075], [122.3246137750001, 18.336168110000074], [122.32431559100007, 18.34033377700007], [122.32544589500003, 18.33875054400005], [122.32597051400012, 18.34070134600006], [122.32393236700011, 18.34427220500004], [122.32510948100003, 18.34634434900005], [122.32352029200001, 18.347434530000044], [122.32735956200008, 18.349257100000045], [122.32714196000006, 18.357016695000027], [122.32396163700002, 18.36362164700006], [122.32351714100002, 18.366133154000067], [122.32502287500006, 18.36468082300007], [122.32488179800009, 18.367339057000038], [122.32098476600004, 18.367223617000036], [122.321214327, 18.369040348000055], [122.32243602400001, 18.36821960000003], [122.32348069800003, 18.369344873000045], [122.32014786900004, 18.379537510000034], [122.31167239100012, 18.380158321000067], [122.31153488900009, 18.38556264300007], [122.3133949270001, 18.387942748000057], [122.309137587, 18.390024021000045], [122.30885429800003, 18.392521732000034], [122.30502797400004, 18.39365710800007], [122.3030382710001, 18.39607600200003], [122.30358400500006, 18.393703594000044], [122.3025026680001, 18.39431709400003], [122.29566287800003, 18.410047787000053], [122.29257894200009, 18.412087962000044], [122.276972827, 18.41631417800005], [122.27483857600009, 18.418483712000068], [122.27453944400008, 18.422935841000026], [122.27191220400005, 18.425192674000073], [122.26815123200004, 18.42595491800006], [122.26450719500008, 18.42950738600007], [122.26119365700004, 18.429128364000064], [122.26204574200005, 18.431953300000032], [122.26451419500006, 18.43365209600006], [122.2595855290001, 18.435029944000064], [122.25912695800002, 18.437373069000046], [122.25698525100006, 18.438611945000048], [122.25811117600006, 18.443149521000066], [122.25712381200003, 18.44617452500006], [122.255579624, 18.44583044500007], [122.25415958400004, 18.447656719000065], [122.25132989800011, 18.44709523000006], [122.24859035000009, 18.45070527400003], [122.24893643000007, 18.458378279000044], [122.25020415800009, 18.45966689200003], [122.24309343400012, 18.469049994000045], [122.24050270000009, 18.47643574400007], [122.2445973780001, 18.485904704000063], [122.24637605200007, 18.487154885000052], [122.2454618700001, 18.49452474800006], [122.23904993800011, 18.51194197500007], [122.23364950900009, 18.518218096000055], [122.22588700100005, 18.52108178800006], [122.22537788900001, 18.52285736300007], [122.21916221700008, 18.52267978900005], [122.2182722330001, 18.521118561000037], [122.21436276400004, 18.520741987000065], [122.21441451500004, 18.518176410000024], [122.2115512580001, 18.51510226000005], [122.208893525, 18.51607713800007], [122.20068086800006, 18.51417757200005], [122.19853987500005, 18.512348494000037], [122.1990877830001, 18.509981269000036], [122.19732777100012, 18.511868634000052], [122.1944372800001, 18.512179167000056], [122.19619768400003, 18.512940205000064], [122.1941080150001, 18.51769327100004], [122.19220229900009, 18.514876662000063], [122.19420037000009, 18.513036286000045], [122.19132366200006, 18.512383014000022], [122.190596292, 18.510514356000044], [122.18784323900002, 18.51603731700004], [122.19049680800003, 18.516631663000055], [122.19120964000001, 18.51561177600007], [122.19121654000003, 18.51772786400005], [122.18706626300002, 18.519915414000025], [122.18464260500002, 18.51695949200007], [122.18195508100007, 18.516617619000044], [122.18284318100007, 18.515376869000022], [122.18026663, 18.516126099000076], [122.17871342500007, 18.51420123300005], [122.17664990600008, 18.51454103900005], [122.17320620300006, 18.51977028500005], [122.16687579400002, 18.521697646000064], [122.15870381700006, 18.515828250000027], [122.16297105000001, 18.514529768000045], [122.162301092, 18.51238001400003], [122.16405523200001, 18.510618586000078], [122.16171618900012, 18.512087980000047], [122.16123122600004, 18.510172485000055], [122.15375921300006, 18.511598896000066], [122.15055831000006, 18.508204372000023], [122.14912381900001, 18.510588461000054], [122.14985901200009, 18.508261896000022], [122.14665067700003, 18.507007084000065], [122.14885958700006, 18.494202983000037], [122.14683328500007, 18.477241320000076], [122.13665490700009, 18.451860934000024], [122.12836967200008, 18.439964099000065], [122.12725627100008, 18.432059605000063], [122.12486318800006, 18.427315316000033], [122.12501257300005, 18.422926455000038], [122.13249372900009, 18.414217137000037], [122.1309666630001, 18.40939392100006], [122.12620596500005, 18.40600118900005], [122.12496937100002, 18.402027033000024], [122.12526848000005, 18.39799557200007], [122.12970303000009, 18.389450182000076], [122.12865620200012, 18.393824625000036], [122.13153625300004, 18.391347300000064], [122.13177461500004, 18.386734060000038], [122.13050479200001, 18.38963965100004], [122.12873580500002, 18.381970685000056], [122.11779426800001, 18.37451221400005], [122.11055190900004, 18.376011059000064], [122.10837947800007, 18.37996454300003], [122.1108018650001, 18.38152711300006], [122.11084559100004, 18.385432439000056], [122.11301080100009, 18.386950330000047], [122.11072070700004, 18.38551805700007], [122.10999167700004, 18.383315825000068], [122.10857609200002, 18.38360640600007], [122.1070755500001, 18.381741142000067], [122.10371040900009, 18.383722998000053], [122.10018873700005, 18.382354539000062], [122.09741411900006, 18.377341784000066], [122.09765752500005, 18.365169390000062], [122.09141656600002, 18.36023691300005], [122.08546637800009, 18.35777711700007], [122.08684844800007, 18.357511767000062], [122.08635666400005, 18.35593448700007], [122.08264086400004, 18.356596429000035], [122.08234778600001, 18.35242471300006], [122.07945716000006, 18.349314587000038], [122.0631508570001, 18.342769002000068], [122.06344523300004, 18.335355139000058], [122.06048201600004, 18.33217608500007], [122.05250256500005, 18.328902817000028], [122.05206541600012, 18.326695958000073], [122.05395157500004, 18.324490783000044], [122.05235251500005, 18.321043763000034], [122.03622867500007, 18.31276282600004], [122.03111297500004, 18.308519601000057], [122.02781465200007, 18.307837862000042], [122.02593321900008, 18.303185303000078], [122.02623336600004, 18.298710592000077], [122.01537553900005, 18.294122569000024], [122.01135317, 18.288012606000052], [122.00753858600001, 18.28640936900007], [121.98174939800003, 18.28239112500006], [121.978504444, 18.27892801200005], [121.96791752400009, 18.27724878500004], [121.96382561200005, 18.27381127600006], [121.94624853900007, 18.272182228000077], [121.94157868800005, 18.267697088000034], [121.93385582600001, 18.266702418000023], [121.90853256900004, 18.26970787500005], [121.905443665, 18.26873811200005], [121.90625794300001, 18.26717534200003], [121.9028313230001, 18.26572081100005], [121.90132449100008, 18.266050977000077], [121.901582071, 18.268505713000025], [121.90269526800012, 18.267678257000057], [121.90300984600003, 18.268664427000033], [121.900749603, 18.271596515000056], [121.86155944500001, 18.281502602000046], [121.82021881800006, 18.294972346000065], [121.76517163800008, 18.314568913000073], [121.72330122700009, 18.331298312000058], [121.64016766000009, 18.360120739000024], [121.6286635780001, 18.36284754600007], [121.63068804400007, 18.358032539000078], [121.62963716900003, 18.35405877100004], [121.6215175860001, 18.35134620900004], [121.6207878350001, 18.353820906000067], [121.6033436140001, 18.37415414000003], [121.58979876400008, 18.376880680000056], [121.52053180300004, 18.413001060000056], [121.49166767800011, 18.43075483800004], [121.45165708000002, 18.460159642000065], [121.44904861200007, 18.460530095000024], [121.44999572400002, 18.459568361000038], [121.44845884600011, 18.45864184800007], [121.44169275000002, 18.45918047500004], [121.44394198100008, 18.46112048200007], [121.44000288200004, 18.465031794000026], [121.35799696100003, 18.501523844000076], [121.35711400800005, 18.500751430000037], [121.36229452300006, 18.49854896100004], [121.36014472500005, 18.496813350000025], [121.3539874810001, 18.499226381000028], [121.35171676300001, 18.502481870000054], [121.34464875800006, 18.507033308000075], [121.33282402400005, 18.511077451000062], [121.3157863240001, 18.519974080000054], [121.28211902300006, 18.542028189000064], [121.2028885410001, 18.60505316600006], [121.19677468800012, 18.608827924000025], [121.16098231400008, 18.62232623400007], [121.14503145600008, 18.626468465000073], [121.13083710100011, 18.628402873000027], [121.09717997500002, 18.62691963800006], [121.09671876700008, 18.62348499500007], [121.09345779500006, 18.621891032000065], [121.0949965320001, 18.619887302000052], [121.09198119200005, 18.61627872200006], [121.09195086400007, 18.61381937500005], [121.0909616890001, 18.61465749100006], [121.07384337600001, 18.608447934000026], [121.06266293100009, 18.60726022600005], [121.05661662900002, 18.607847365000055], [121.05126719200007, 18.610177556000053], [121.04954063000002, 18.612906646000056], [121.05175017700003, 18.615152669000054], [121.05033800100011, 18.618209635000028], [121.04849229900003, 18.616836818000024], [121.04916428100012, 18.614488900000026], [121.04716621800003, 18.611327962000075], [121.03699176900011, 18.615515230000028], [121.035586738, 18.617464514000062], [121.03707008200001, 18.61930943300007], [121.03483574200004, 18.620340043000056], [121.02780429100005, 18.615912450000053], [121.02915557200004, 18.611546178000026], [121.02439898800003, 18.605792690000044], [121.01830512600009, 18.60441047200004], [121.01249962100007, 18.599713355000063], [121.00760145800007, 18.59934246200004], [121.00516599000002, 18.595782115000077], [121.001405051, 18.594708256000047], [120.99865501900001, 18.596315152000045], [120.99869046100002, 18.597945525000057], [120.99635579900007, 18.595741822000036], [120.9943939100001, 18.59671217600004], [120.9945993550001, 18.59813779800004], [120.99126428400007, 18.597192823000057], [120.98984238300011, 18.599394937000056], [120.98667477700008, 18.59500504400006], [120.98323389600012, 18.593404301000078], [120.97888220400012, 18.58529097400003], [120.97476321700003, 18.583673915000077], [120.97143995200008, 18.579972885000075], [120.97413311000003, 18.576991173000067], [120.97645367700011, 18.568958937000048], [120.9752544160001, 18.55729997900005], [120.96914518200003, 18.510116371000038], [120.95867309800008, 18.463202412000044], [121.002873797, 18.46610564300005], [121.0234730630001, 18.498688611000034], [121.0388081100001, 18.505030128000044], [121.04277930400008, 18.528185766000036], [121.06136538900012, 18.539197991000037], [121.0935009960001, 18.541745912000067], [121.0929344870001, 18.539144134000026], [121.09056585000008, 18.538185129000055], [121.09235553000008, 18.530459628000074], [121.0907866230001, 18.527309866000053], [121.08905418300003, 18.527137542000048], [121.08906431300011, 18.49539121400005], [121.11848091500008, 18.54311065400003], [121.15600338400009, 18.54377499800006], [121.16923104300008, 18.539120576000073], [121.16786370000011, 18.521977657000036], [121.22208115400008, 18.500580942000056], [121.22086083900001, 18.48304399400007], [121.22579675000009, 18.472817545000055], [121.22770208700001, 18.441720402000044], [121.22654139600002, 18.436471329000028], [121.24884436800005, 18.428879903000052], [121.28555701000005, 18.388537952000036], [121.3186229800001, 18.38715477900007], [121.36965570100006, 18.357264118000046], [121.40238274300009, 18.340896047000058], [121.40743751700006, 18.333343858000035], [121.41285786200001, 18.329370144000052], [121.41583439900012, 18.323572073000037], [121.46125680300008, 18.314619768000057], [121.46684622600003, 18.307332271000064], [121.48022320600012, 18.30637117400005], [121.4646269640001, 18.284910661000026], [121.46791386300004, 18.262596828000028], [121.48059010800011, 18.26337983800005], [121.48948360700001, 18.238844983000035], [121.48878546300011, 18.217272336000065], [121.48418705900008, 18.178869791000068], [121.48659494700007, 18.177992930000073], [121.48327782800004, 18.169667408000066], [121.48481759600008, 18.168877576000057], [121.48250050400009, 18.16832630600004], [121.48352213800001, 18.163986774000023], [121.48510784200005, 18.16297568300007], [121.4834594140001, 18.15102472600006], [121.48469951900006, 18.14910152400006], [121.48185304900005, 18.144307629000025], [121.47852479800008, 18.143567489000077], [121.47853965500008, 18.141766871000073], [121.47410153900012, 18.139809343000024], [121.47366624800009, 18.141397230000052], [121.47092281300002, 18.140326677000076], [121.47077350100005, 18.13713300300003], [121.4740142170001, 18.133763094000074], [121.4732887770001, 18.129900831000043], [121.4716019120001, 18.130382213000075], [121.47195988200008, 18.12884780400003], [121.46957490200009, 18.128438973000073], [121.46856761200002, 18.125323066000078], [121.46554829500008, 18.124945574000037], [121.46475402200008, 18.126002750000055], [121.46036546500011, 18.124115906000043], [121.46567299300011, 18.10467871900005], [121.4649593910001, 18.08573718100007], [121.46035909600005, 18.04941033700004], [121.427838, 18.035335404000023], [121.36446941600002, 18.061619119000056], [121.34689143800006, 18.03861084700003], [121.34547367800008, 18.033823664000067], [121.34356291000006, 18.03221804900005], [121.34555772400006, 18.030056282000032], [121.34828189900009, 18.02974415400007], [121.34919888500008, 18.02515912700005], [121.34759250900004, 18.022759493000024], [121.34399115500003, 18.022781058000078], [121.34422767400008, 18.01669662300003], [121.34074094300001, 18.015952612000035], [121.33969858900002, 18.01326315800003], [121.33671511700004, 18.013687573000027], [121.3385484580001, 18.007974079000064], [121.33095626000011, 17.99977583200007], [121.33333782800003, 17.997669693000034], [121.33311889000004, 17.995296069000062], [121.33107069400012, 17.993711361000067], [121.3317759140001, 17.991224670000065], [121.330216285, 17.992489746000047], [121.32768990700004, 17.991035031000024], [121.32439761700005, 17.992105093000077], [121.3233409290001, 17.991337860000044], [121.32415807200005, 17.989211873000045], [121.32158608700001, 17.988680685000077], [121.32050303300002, 17.984501248000072], [121.32662977400003, 17.975108411000065], [121.32310746200005, 17.976986132000036], [121.322066532, 17.975466766000068], [121.32412051300003, 17.97344461600005], [121.32030734500006, 17.973391652000032], [121.31859298000006, 17.975259680000022], [121.3175669530001, 17.974368196000057], [121.31824474100006, 17.970964412000058], [121.31511820900005, 17.97078315600004], [121.35745211900007, 17.92236854300006], [121.35706746300002, 17.91319670400003], [121.35283696500005, 17.903187702000025], [121.34696177600006, 17.87941514000005], [121.33419859300011, 17.86456886800005], [121.32413865500007, 17.84713067200005], [121.32072423000011, 17.826204914000073], [121.31841334900002, 17.828700953000066], [121.31593466000004, 17.827855688000056], [121.31874795100009, 17.825088898000047], [121.31739943200012, 17.820880587000033], [121.319817467, 17.818392801000073], [121.3194454610001, 17.815230756000062], [121.30730878600002, 17.816579275000038], [121.30628577100003, 17.814533246000053], [121.31058088100008, 17.812933754000028], [121.31134171100007, 17.809270224000045], [121.31346801000007, 17.807667348000052], [121.32536518200004, 17.803086445000076], [121.35867264400008, 17.804646966000064], [121.37339240200004, 17.800851305000037], [121.38829731500005, 17.793630291000056], [121.41411788300002, 17.76319366200005], [121.41650268500007, 17.74934727300007], [121.424688607, 17.74036174200006], [121.42825329100003, 17.729608221000035], [121.4285264450001, 17.72361555300006], [121.4304143820001, 17.721234441000036], [121.42909260600004, 17.719236984000077], [121.43068890600011, 17.714933555000073], [121.42887822400007, 17.71148485200007], [121.431374903, 17.71019681300004], [121.43052035100004, 17.704280053000048], [121.43655489200012, 17.69322616000005]]], [[[121.25265585500006, 18.875714765000055], [121.24793791700006, 18.87422381600004], [121.24502091800002, 18.870521224000072], [121.24223552500007, 18.859577467000065], [121.24641388000009, 18.85479183900003], [121.25624536200007, 18.85348364400005], [121.25964630400006, 18.855098122000072], [121.26290289500002, 18.859758415000044], [121.26420320600005, 18.867774091000058], [121.2611773210001, 18.87246497700005], [121.25265585500006, 18.875714765000055]]], [[[121.822408558, 18.876891320000027], [121.82194363300005, 18.87517920500005], [121.82423159100006, 18.872725036000077], [121.822408558, 18.876891320000027]]], [[[121.25255778500002, 18.88891975100006], [121.25109521700006, 18.886768713000038], [121.25216970600002, 18.88508090600004], [121.26446801600002, 18.877485900000067], [121.26950055900011, 18.88036584300005], [121.26853499100002, 18.884226530000035], [121.25995823700009, 18.88364500600005], [121.25690167000005, 18.88580070300003], [121.25740599400001, 18.886903503000042], [121.25255778500002, 18.88891975100006]]], [[[121.41474585900005, 18.90582760700005], [121.39983354300011, 18.905446295000047], [121.38864226400005, 18.900504863000037], [121.37769343200011, 18.898714046000066], [121.36865285600004, 18.894084564000025], [121.36130620000006, 18.88817206400006], [121.35336492800002, 18.889914179000073], [121.35038552200001, 18.891909912000074], [121.3449119170001, 18.891391259000045], [121.33787725000002, 18.88677310500003], [121.33356003300003, 18.886645731000044], [121.32795288300008, 18.88100926800007], [121.32391521900001, 18.88177987200004], [121.30919336200009, 18.876757333000057], [121.30310775700002, 18.877739057000042], [121.3006790170001, 18.880546758000037], [121.29506033200005, 18.880664726000077], [121.284627139, 18.88468141800007], [121.28083901800005, 18.882389474000036], [121.2823576290001, 18.872052249000035], [121.27473397100005, 18.863312477000022], [121.27515030400002, 18.857614503000036], [121.2833038980001, 18.84688257600004], [121.28954569600012, 18.844289756000023], [121.30393935600011, 18.842738221000047], [121.31581717800009, 18.83972430600005], [121.33488850600008, 18.843264409000028], [121.34107517900009, 18.843243075000032], [121.3456867330001, 18.841541815000028], [121.36169473100006, 18.845199241000046], [121.37344289700002, 18.850126584000066], [121.39179612800001, 18.848324379000076], [121.39888386900009, 18.848987862000058], [121.40469968600007, 18.85158479300003], [121.41527038000004, 18.85218980600007], [121.42499028600002, 18.855907203000072], [121.44120651300011, 18.854011857000046], [121.45296128000007, 18.855661315000077], [121.45927784100002, 18.85925393800005], [121.46082517400009, 18.86301271800005], [121.46682233100012, 18.86430585200003], [121.47691095700009, 18.87085624900004], [121.48173488200007, 18.876109420000034], [121.48279347000005, 18.881165139000075], [121.47964972600005, 18.884143640000048], [121.46943046900003, 18.880707536000045], [121.46206722900001, 18.881009584000026], [121.45579143200007, 18.88615121500004], [121.43605263900008, 18.895446347000075], [121.43257379800002, 18.895603148000077], [121.4282631320001, 18.90068532300006], [121.41474585900005, 18.90582760700005]]], [[[121.83403788900011, 18.90756016000006], [121.83017521700003, 18.903653613000074], [121.83363892900002, 18.897343763000038], [121.83860567500005, 18.896479166000063], [121.83876219500007, 18.90471100900004], [121.83403788900011, 18.90756016000006]]], [[[121.21868204800012, 18.98688670100006], [121.21386981800003, 18.98246354400004], [121.213851943, 18.98028300800007], [121.21574567200003, 18.980081159000065], [121.2179323800001, 18.98198883400005], [121.21868204800012, 18.98688670100006]]], [[[121.91774692900003, 19.00351504300005], [121.89702695500011, 19.00125293600007], [121.89378535000003, 18.997601522000025], [121.89364934200012, 18.994636811000078], [121.88910759500004, 18.993441363000045], [121.87954757800003, 18.984563369000057], [121.87147523200008, 18.980820125000037], [121.86656880300006, 18.97395436900007], [121.87080116900006, 18.96422895300003], [121.86738365100007, 18.964020005000066], [121.86652147400002, 18.96067346700005], [121.87060272800011, 18.946812290000025], [121.86910338500002, 18.94384979700004], [121.86464401300009, 18.942403031000026], [121.86222466200002, 18.937043809000045], [121.85873226600006, 18.93361316100004], [121.85330011700012, 18.93021566500005], [121.85242651500005, 18.927721448000057], [121.85091492400011, 18.92787982400006], [121.84936531100004, 18.922938371000043], [121.8512578750001, 18.91684407300005], [121.85689232400011, 18.917100633000075], [121.86360906300001, 18.913822177000043], [121.8663296420001, 18.908583511000074], [121.86585208500003, 18.904851165000025], [121.86874217000002, 18.90239218000005], [121.86838231100012, 18.89894871300004], [121.87123266600008, 18.893064201000072], [121.86608291000005, 18.88677491800007], [121.86440475100005, 18.88229844600005], [121.8605675450001, 18.88000011500003], [121.85431448800011, 18.879653353000037], [121.84898574400006, 18.87556345300004], [121.84226611300005, 18.875533934000032], [121.83549141300011, 18.871429944000056], [121.82899342600001, 18.875702794000063], [121.82765646000007, 18.87492978800003], [121.83006073800004, 18.871489592000046], [121.8298660160001, 18.86717600700007], [121.82611915900009, 18.86117830300003], [121.8353207990001, 18.838528069000063], [121.83444584000006, 18.834921605000034], [121.83708132700008, 18.83000313900004], [121.835479372, 18.828650663000076], [121.83711768300009, 18.822322172000042], [121.84156009700007, 18.818162362000066], [121.84727335500008, 18.816871304000074], [121.85467510400008, 18.812150252000038], [121.86014516500006, 18.813147697000034], [121.87746811300008, 18.826968436000072], [121.88078264400008, 18.835682288000044], [121.87928887200007, 18.847493954000072], [121.88200832000007, 18.851874577000046], [121.890474702, 18.857097674000045], [121.89092380300008, 18.868409548000045], [121.90423092000003, 18.874459310000077], [121.91129248200002, 18.879797044000043], [121.9170730300001, 18.87861606900003], [121.92021005800007, 18.879620506000037], [121.92275082600008, 18.88163875500004], [121.92130295200002, 18.88322117000007], [121.92335864300003, 18.885733980000055], [121.92851742500011, 18.885819737000077], [121.93371881500002, 18.89199342200004], [121.94263070300008, 18.89290803600005], [121.93903795300002, 18.896270696000045], [121.93895114400004, 18.898653187000036], [121.94207576400004, 18.900586788000055], [121.94632654000009, 18.89976499200003], [121.952896269, 18.902985159000025], [121.95567382600007, 18.907634787000063], [121.95721559100002, 18.915899551000052], [121.95468013900006, 18.92005020600004], [121.95023167800002, 18.92236871700004], [121.95193000200004, 18.924128589000077], [121.95122538300006, 18.926587977000054], [121.95780713400006, 18.929868310000074], [121.96073931300009, 18.93558137200006], [121.96701158600001, 18.932642282000074], [121.96958722600004, 18.933969716000036], [121.9697081280001, 18.93742744800005], [121.97345983700006, 18.938250984000035], [121.9792995140001, 18.935305372000073], [121.98898475800002, 18.942674100000033], [121.99300375200005, 18.95816826400005], [121.9922709540001, 18.960514837000062], [121.98689939600001, 18.96621531900007], [121.98200792600005, 18.967556252000065], [121.97906477400011, 18.97033708400005], [121.97299406000002, 18.970354495000038], [121.97151709600007, 18.969147861000067], [121.96500983400006, 18.973055593000026], [121.96554655300008, 18.975620260000028], [121.9635291940001, 18.977970838000033], [121.96356663900008, 18.980723259000058], [121.95917573000008, 18.983024714000067], [121.95218704600006, 18.993426915000043], [121.94627780600001, 18.99934321300003], [121.94507251300001, 19.002730674000077], [121.9405382860001, 19.001492778000056], [121.91774692900003, 19.00351504300005]]], [[[121.21789591400011, 19.171320620000074], [121.21583731900012, 19.17125063900005], [121.21324503500011, 19.167278401000033], [121.21150535700008, 19.161459843000046], [121.21086494700012, 19.143091077000065], [121.205078995, 19.136427905000062], [121.2050303100001, 19.13207329900007], [121.20178816700002, 19.12640119400004], [121.19813070700002, 19.108752167000034], [121.1954798810001, 19.107547668000052], [121.1971099320001, 19.10425839800007], [121.19567332500003, 19.09827222900003], [121.19790572600004, 19.077135697000074], [121.1967146510001, 19.06728430900006], [121.19914052400009, 19.059833291000075], [121.20784544000003, 19.05094977400006], [121.21440829300002, 19.039188091000028], [121.21901545900005, 19.036325618000035], [121.22080687500011, 19.037495483000043], [121.22518542000012, 19.036551969000072], [121.23529323000002, 19.030620595000073], [121.23841087500011, 19.024398104000056], [121.23905766200005, 19.01606057600003], [121.23726414100008, 19.01463509100006], [121.23849790200006, 19.012750443000073], [121.24060004300009, 19.013860273000034], [121.248518181, 19.01286363500003], [121.25016543200002, 19.014158933000033], [121.25384397300002, 19.028598033000037], [121.25288721100003, 19.040831181000044], [121.25032165000005, 19.048126507000063], [121.24860140600003, 19.060534112000028], [121.25091330100008, 19.07092405800006], [121.24999432100003, 19.079035347000058], [121.2477043990001, 19.082601182000076], [121.24958277200005, 19.086184289000073], [121.24588549700002, 19.092221619000043], [121.24554569400004, 19.09986436300005], [121.24776716400004, 19.104926773000045], [121.24382715500008, 19.11246135400006], [121.24434056300004, 19.114387473000022], [121.23918217000005, 19.117471029000058], [121.23841299700007, 19.122282147000078], [121.2348955540001, 19.126994616000047], [121.23632521500008, 19.132915912000044], [121.23354531900009, 19.136542074000033], [121.2354973360001, 19.13900950200002], [121.23370099500005, 19.139935342000058], [121.23340715000006, 19.14138211900007], [121.23487639400003, 19.141700925000066], [121.23171783400005, 19.148419551000075], [121.23169895700005, 19.15094112500003], [121.23296126000002, 19.15093434000005], [121.23208806600007, 19.155363996000062], [121.22912420900002, 19.156183922000025], [121.2303018980001, 19.158590033000053], [121.22551384100007, 19.166396035000048], [121.22074590000011, 19.169434077000062], [121.21942233800007, 19.168987233000053], [121.21789591400011, 19.171320620000074]]], [[[121.40700169100012, 19.393310426000028], [121.40438796500007, 19.391236031000062], [121.399523627, 19.390273096000044], [121.39190222500008, 19.38992081500004], [121.39070433200004, 19.391192189000037], [121.39233084700004, 19.388337721000028], [121.39261838000004, 19.379211914000052], [121.38897591300008, 19.36930880600005], [121.36783994900009, 19.360310353000045], [121.36464451400002, 19.361107235000077], [121.36258613000007, 19.366154279000057], [121.35533150800006, 19.366601982000077], [121.34838882200006, 19.36327709400007], [121.34664579900004, 19.356861322000043], [121.34957478400008, 19.354933519000042], [121.35755126200002, 19.353409972000065], [121.36144398700003, 19.348754064000047], [121.36679222300006, 19.345799130000046], [121.36963608400004, 19.34133579300004], [121.3766587020001, 19.338558980000073], [121.37822547300004, 19.335864470000047], [121.38157427500005, 19.33563773700007], [121.38265352300004, 19.33091900900007], [121.38633081800003, 19.33129397700003], [121.39063928000007, 19.329048709000062], [121.39057965500001, 19.324335033000068], [121.38869142400006, 19.322185542000057], [121.39382485500005, 19.31405284500005], [121.39062987400007, 19.30828282600004], [121.39142163400004, 19.305678495000052], [121.3900035580001, 19.30061753700005], [121.40425557300011, 19.291218898000068], [121.40479055600008, 19.28778925900008], [121.4019072850001, 19.28443214300006], [121.40277740200008, 19.283181864000028], [121.40948484300009, 19.28279416600003], [121.41519463400004, 19.286057490000076], [121.41898421100007, 19.28400646800003], [121.41986937400009, 19.281210990000034], [121.42396023600008, 19.281698437000045], [121.44075045600005, 19.274336007000045], [121.44377889600003, 19.267428420000044], [121.45111642100005, 19.26710310200008], [121.45713912500003, 19.26885358900006], [121.45986433100006, 19.26687871400003], [121.4683937310001, 19.266533224000057], [121.47417869000003, 19.262118131000022], [121.4766609510001, 19.25810597000003], [121.49932843400006, 19.25363292800006], [121.50929888000007, 19.248240571000053], [121.51179179700011, 19.244259920000047], [121.51248228500003, 19.24970806400006], [121.5101892890001, 19.251168242000062], [121.51159438200011, 19.259751076000043], [121.51620077600012, 19.260815172000036], [121.5181460660001, 19.263633768000034], [121.52975891300002, 19.26370243300005], [121.53895893000004, 19.26733641900006], [121.54047454900001, 19.272372934000032], [121.54221314000006, 19.27346585500004], [121.54089932300008, 19.275362554000026], [121.54233939100004, 19.276054851000026], [121.53946526800007, 19.28071999200006], [121.5393494110001, 19.288399304000052], [121.53379742400011, 19.293933561000074], [121.53490889300008, 19.29864565500003], [121.5304103960001, 19.30272356100005], [121.52927671600003, 19.30686534700004], [121.52597071500008, 19.307008504000066], [121.52784862900012, 19.31432025600003], [121.5242742910001, 19.316531183000052], [121.52211814700001, 19.320510677000073], [121.528771333, 19.347011187000078], [121.53169466600002, 19.35117557800004], [121.52761676300008, 19.36199838400006], [121.52830172000006, 19.364574896000022], [121.5228153060001, 19.37451236000004], [121.52416051500006, 19.387766630000044], [121.52085279200003, 19.389591323000047], [121.51488206600004, 19.388380677000043], [121.50977297400004, 19.37941666300003], [121.50142005100008, 19.371255467000026], [121.49687822500005, 19.371087370000055], [121.49578974000008, 19.36933614700007], [121.48807760900002, 19.36708804600005], [121.47785492600008, 19.373514683000053], [121.46742546000007, 19.374987661000034], [121.45741484200005, 19.37792435600005], [121.45672350200005, 19.37923887200003], [121.43485656500002, 19.38272457100004], [121.41846910400011, 19.390496788000064], [121.40700169100012, 19.393310426000028]]], [[[121.50912406000009, 19.44732815900005], [121.50814826900012, 19.448754407000024], [121.50610108100011, 19.445760569000072], [121.50462890800009, 19.43572593700003], [121.50943049000011, 19.426220769000054], [121.51184763200001, 19.423826014000042], [121.51465047900001, 19.423449693000066], [121.51704447200007, 19.42518371400007], [121.51776252400009, 19.42899936400005], [121.51513648700006, 19.434377205000033], [121.51532178200011, 19.44059534200005], [121.51298665400009, 19.44500531700004], [121.50912406000009, 19.44732815900005]]], [[[121.96981482700005, 19.573752417000037], [121.9607340020001, 19.568242713000075], [121.95464108200008, 19.56055703000004], [121.94609016400011, 19.557618303000027], [121.94387854600006, 19.555392201000075], [121.94138112900009, 19.555757245000052], [121.94048328800011, 19.55876291000004], [121.93803792800009, 19.55784985300005], [121.93673799300007, 19.559131153000067], [121.93452188300012, 19.557036980000078], [121.93281492000006, 19.557549807000044], [121.93173552300004, 19.555653508000034], [121.92824663100009, 19.555788405000044], [121.92695600200011, 19.554328566000038], [121.92628047900007, 19.55534315400007], [121.92642293800009, 19.554126557000075], [121.92319485400003, 19.553296554000042], [121.92141514800005, 19.553251593000027], [121.92097752600012, 19.554590629000074], [121.91351797900006, 19.551533466000024], [121.90866549800012, 19.551842756000042], [121.90641081700005, 19.550085386000035], [121.9042176590001, 19.551738702000023], [121.89913787400008, 19.549662245000036], [121.89479632500002, 19.549799477000022], [121.89522160800004, 19.54630079100008], [121.89298309700007, 19.545112396000036], [121.8942364610001, 19.543467621000048], [121.89270416800002, 19.541228353000065], [121.89327139700003, 19.534632853000062], [121.89705014900005, 19.53108517800007], [121.89723643800005, 19.528562176000037], [121.9004367660001, 19.526473633000023], [121.89747737800008, 19.52105476400004], [121.89908691100004, 19.52050255200004], [121.89923074600006, 19.517895271000043], [121.9016329430001, 19.517431214000055], [121.90203857100005, 19.514090547000023], [121.90534268500005, 19.51385162500003], [121.90654399800007, 19.511450591000028], [121.91014573700011, 19.512050244000022], [121.91336833800005, 19.51057090300003], [121.91961054500007, 19.505177669000034], [121.91963591400008, 19.50369424200005], [121.92551629700006, 19.499800140000048], [121.92837969100003, 19.494680148000043], [121.9430407530001, 19.48848434100006], [121.95024308400002, 19.483159502000035], [121.95391861700011, 19.47806181800007], [121.95936440100002, 19.47580261400003], [121.96639146900009, 19.476101080000035], [121.9679990190001, 19.48237576500003], [121.9779751210001, 19.490036630000077], [121.98444191900012, 19.498682986000063], [121.99049111600004, 19.503744596000047], [121.99415670600001, 19.512952416000076], [121.99322671400012, 19.520400832000064], [121.99463300700006, 19.53113896800005], [121.9916267110001, 19.540072414000065], [121.99387016300011, 19.547681968000063], [121.9932004420001, 19.552668951000044], [121.986939129, 19.560893433000047], [121.96981482700005, 19.573752417000037]]]]}, "properties": {"name": "Cagayan", "level": "province", "psgc": null, "parent_name": "Region II"}}, {"type": "Feature", "geometry": {"type": "MultiPolygon", "coordinates": [[[[122.46666630600009, 16.921348420000072], [122.46719337600007, 16.919507272000033], [122.47057453700006, 16.919156091000048], [122.46666630600009, 16.921348420000072]]], [[[122.46784134900008, 16.924214208000024], [122.46723303400006, 16.92315482500004], [122.46892135600001, 16.923167942000077], [122.46784134900008, 16.924214208000024]]], [[[122.50678688000005, 17.03521444300003], [122.5062325130001, 17.03373682000006], [122.50766219400009, 17.033829670000046], [122.5089430910001, 17.031454574000065], [122.50840598200011, 17.033923446000074], [122.50678688000005, 17.03521444300003]]], [[[122.516876324, 17.045985189000078], [122.51546423600007, 17.044266572000026], [122.51747192000005, 17.044410423000045], [122.516876324, 17.045985189000078]]], [[[122.4220060780001, 17.274336883000046], [122.42098720500007, 17.274312893000058], [122.41961304200004, 17.272920243000044], [122.42203443800008, 17.27303351300003], [122.4220060780001, 17.274336883000046]]], [[[122.38474196400011, 17.316295473000025], [122.38321884100003, 17.31463051000003], [122.38478992400007, 17.314589166000076], [122.38474196400011, 17.316295473000025]]], [[[122.39193923700009, 17.35054505000005], [122.38867395800003, 17.349337621000075], [122.39078499900006, 17.345245998000053], [122.39021435300003, 17.343678321000027], [122.39227946000005, 17.34359081200006], [122.39448011800005, 17.345758029000024], [122.39193923700009, 17.35054505000005]]], [[[122.36730601900001, 17.362888268000063], [122.36491618100001, 17.36184748000005], [122.36283298600006, 17.35593947900003], [122.36810713900002, 17.35744642900005], [122.36917839000012, 17.361566958000026], [122.36730601900001, 17.362888268000063]]], [[[122.23417917900008, 16.487238956000056], [122.23561963100008, 16.491174406000027], [122.23722808100001, 16.49223627500004], [122.23901302900003, 16.491500777000056], [122.24244951500009, 16.504843726000047], [122.25048164900011, 16.516131698000038], [122.25440545900005, 16.515530247000072], [122.262594766, 16.51769167200007], [122.26606553400006, 16.521762702000046], [122.26955250800006, 16.521903461000022], [122.27939556000001, 16.526350963000027], [122.28161101900002, 16.531440716000077], [122.28263929100001, 16.53111579700004], [122.29410584700008, 16.548354584000037], [122.29836739900009, 16.551944413000058], [122.29969530200003, 16.557817599000032], [122.30496149800001, 16.565769807000038], [122.30886775300007, 16.578231965000043], [122.31609722600001, 16.585747343000037], [122.31742642900008, 16.595210273000077], [122.32069486900002, 16.599600656000064], [122.32422801000007, 16.61071093700002], [122.3309248160001, 16.616502770000068], [122.33425590800005, 16.623933136000062], [122.33845685500012, 16.62731542100005], [122.33742397700007, 16.63299187800004], [122.3393184470001, 16.638800212000035], [122.34442135000006, 16.648860224000032], [122.35061364100011, 16.655135019000056], [122.35901546100001, 16.68049510700007], [122.36632632700002, 16.691514273000053], [122.36703081300004, 16.695153095000023], [122.37469197100006, 16.701820756000075], [122.37994396400006, 16.714343894000024], [122.38770376700006, 16.71870788600006], [122.38846326500004, 16.725248031000035], [122.39170276900006, 16.727466141000036], [122.39209305600002, 16.732663070000058], [122.39542178600004, 16.738209081000036], [122.39848040900006, 16.739227595000045], [122.39788804900002, 16.745594252000046], [122.40709368400007, 16.75060545200006], [122.40728328800003, 16.752479161000053], [122.40505775300005, 16.75368700200005], [122.40801862500007, 16.755745399000034], [122.40639477700006, 16.76295322900006], [122.41211820900003, 16.76699473900004], [122.41398132100005, 16.770018652000033], [122.41603199400004, 16.777239802000054], [122.41843994900012, 16.779942488000074], [122.41895738000005, 16.787710451000066], [122.42484587400008, 16.79169483800007], [122.42606582200006, 16.795477770000048], [122.43460964600001, 16.797859368000047], [122.43294988500008, 16.800891725000042], [122.43514991800009, 16.803318920000038], [122.43262346200004, 16.810583179000048], [122.43371284700004, 16.814280009000072], [122.4290647680001, 16.818844488000025], [122.4302480240001, 16.827659958000027], [122.43240194500004, 16.832517265000035], [122.43671791700001, 16.83407535200007], [122.43923050300009, 16.837674133000064], [122.44089181200002, 16.847214321000024], [122.4489479560001, 16.853408259000048], [122.44739711600005, 16.85825952500005], [122.45254915900011, 16.863291652000044], [122.4550057670001, 16.869196058000057], [122.45923608500004, 16.873520495000037], [122.45897670300008, 16.880049494000048], [122.46427631800009, 16.887536537000074], [122.4577949400001, 16.897056752000026], [122.45778451900003, 16.904104206000056], [122.46083173600005, 16.906366710000043], [122.4592294900001, 16.908349025000064], [122.45989921600005, 16.914489761000027], [122.46454053900004, 16.92328207500003], [122.4714109140001, 16.92824538900004], [122.4731981220001, 16.937700022000058], [122.47202943800005, 16.94184083600004], [122.47280193300003, 16.945519914000045], [122.47624810100001, 16.949946715000067], [122.4739825040001, 16.952257490000022], [122.47238553400007, 16.957689955000035], [122.46802441200009, 16.957535010000072], [122.46573995100005, 16.96118777600003], [122.46486454900003, 16.965868975000035], [122.46666246600012, 16.97672328500005], [122.47198651400004, 16.981341144000055], [122.4734358500001, 16.990810484000065], [122.47897602600005, 17.000158957000053], [122.48078538300001, 17.006307846000027], [122.48366196900008, 17.006409704000077], [122.48400144700008, 17.015009271000054], [122.48769889400012, 17.01822177300005], [122.48743131100002, 17.019979336000063], [122.49439290300006, 17.021923423000032], [122.4978872590001, 17.018419548000054], [122.50091998500011, 17.019436386000052], [122.50191878100009, 17.028571858000078], [122.49854749200006, 17.033800014000064], [122.51054568900008, 17.03751657500004], [122.51171828000008, 17.04452631500004], [122.50696125200011, 17.054397507000033], [122.50956580600007, 17.055175615000053], [122.51225736900005, 17.058427782000024], [122.51109017700003, 17.058939878000047], [122.51174945700006, 17.061184324000067], [122.51435903000004, 17.064311645000032], [122.51428113500003, 17.067538824000053], [122.51735956800007, 17.07377211200003], [122.51664361200005, 17.082792578000067], [122.52059792000011, 17.086805424000033], [122.52011053400008, 17.090993652000066], [122.52574040600007, 17.09761111200004], [122.52852482800006, 17.098073122000073], [122.52147575900005, 17.103456832000063], [122.519890701, 17.109078804000035], [122.52159922600003, 17.111833019000073], [122.51865481300001, 17.111472303000028], [122.51748748200009, 17.113692980000053], [122.51984259500011, 17.120254224000064], [122.51957120100008, 17.125374495000074], [122.514842756, 17.137131993000025], [122.50986301400008, 17.142289332000075], [122.50655677300006, 17.139195164000057], [122.50628710500007, 17.133230870000034], [122.49655367600008, 17.12953545700003], [122.48613058800004, 17.12136309300007], [122.48311859700004, 17.116598372000055], [122.47828151500005, 17.11633334000004], [122.47249443500004, 17.11954647700003], [122.46889830000009, 17.11645470800005], [122.46103094300008, 17.114944085000047], [122.4580203380001, 17.11455159600007], [122.45821374000002, 17.116841355000076], [122.44836162700005, 17.11520049300003], [122.44569927400005, 17.11045589500003], [122.44810514500011, 17.10284613300007], [122.44712671600007, 17.101911057000052], [122.4454139500001, 17.10264429600005], [122.4425384650001, 17.110672760000057], [122.44776724000008, 17.118985715000065], [122.44528650100006, 17.11812042400004], [122.44231337200006, 17.120435514000064], [122.44518532600011, 17.118620788000044], [122.44659978400011, 17.120346046000066], [122.462663786, 17.118822602000023], [122.46751121600005, 17.12090214600005], [122.47067871600007, 17.119779], [122.4715508910001, 17.122578774000033], [122.4595937140001, 17.11969717100004], [122.43805976400006, 17.122716182000033], [122.42578784200009, 17.130018949000032], [122.41739599200002, 17.13998496000005], [122.41068501200004, 17.15658919400005], [122.41323172900002, 17.16055289600007], [122.41114050600004, 17.164013753000063], [122.41287068300005, 17.16723838000007], [122.41109422000011, 17.168795619000036], [122.41103568400001, 17.172206307000067], [122.41198849400007, 17.17391032000006], [122.41459287100008, 17.174374364000073], [122.41494791700006, 17.182284477000053], [122.41779487100007, 17.183857943000078], [122.42011281500004, 17.191682057000037], [122.42299790400011, 17.18953848700005], [122.42722312700005, 17.192342825000026], [122.4262129120001, 17.199454124000056], [122.42197438700009, 17.209858170000075], [122.4262807670001, 17.21227686000003], [122.42840193000006, 17.210596061000047], [122.43093486200007, 17.21353645000005], [122.42522057000008, 17.22030944000005], [122.42193801300004, 17.21941547600005], [122.41906920500003, 17.221801652000067], [122.4187881690001, 17.22421902700006], [122.42117991400005, 17.22909435200006], [122.42006892900008, 17.23233166600005], [122.42248779400006, 17.236411558000043], [122.41924702800009, 17.241922067000075], [122.41919126200003, 17.24969335800006], [122.42235368700005, 17.25444002100005], [122.42161415900011, 17.256407081000077], [122.42551899400007, 17.256465998000067], [122.42129367700011, 17.256826683000043], [122.42060672100001, 17.25820490500007], [122.42171417700001, 17.259987414000022], [122.41996246500003, 17.265644785000063], [122.42203884800006, 17.270044394000024], [122.42096154300009, 17.270565371000032], [122.41817747400012, 17.27462299900003], [122.41610896100008, 17.27257603700002], [122.41340710700001, 17.27320540100004], [122.41250192900009, 17.275081423000074], [122.41584749700007, 17.275144709000074], [122.4165150130001, 17.276767509000024], [122.41505992100008, 17.27871084700007], [122.41718970000011, 17.280330131000028], [122.42386299300006, 17.279312840000046], [122.42371587100001, 17.285168845000044], [122.42840833100001, 17.28202768400007], [122.42925957600005, 17.277284252000072], [122.42754409800011, 17.272795416000065], [122.43381519000002, 17.257306766000056], [122.43802275400003, 17.250724774000048], [122.44046220100006, 17.24132663100005], [122.44319182800007, 17.24450390900006], [122.44369316000007, 17.263802671000064], [122.43961195800011, 17.274035387000026], [122.4403231870001, 17.280767480000065], [122.4387561530001, 17.29004248600006], [122.43399290500008, 17.294151244000034], [122.43394496600001, 17.296210348000045], [122.42162859500002, 17.303658306000045], [122.42158095700006, 17.30699828400003], [122.41395345, 17.324041812000075], [122.40758161000008, 17.333176841000068], [122.40552100600007, 17.33326394000005], [122.39777943500007, 17.34050456600005], [122.39329639000005, 17.340982765000035], [122.3931680280001, 17.329244112000026], [122.39685599600011, 17.32654436100006], [122.39830182900005, 17.32214822800006], [122.40224890900004, 17.318459306000022], [122.40340994300004, 17.30485296200004], [122.40559344300004, 17.30249099200006], [122.41069855900002, 17.300689715000033], [122.4123140050001, 17.298254064000048], [122.40950549400009, 17.29623805600005], [122.40317977600012, 17.296215664000044], [122.39952495600005, 17.28969369600003], [122.39850629300008, 17.291152487000033], [122.40076242400005, 17.294393111000034], [122.39886150200005, 17.295624791000023], [122.39923497300003, 17.298023183000055], [122.39616576800006, 17.29984280800005], [122.39337022500001, 17.299062039000034], [122.39020185700008, 17.301536782000028], [122.3922492150001, 17.30419560000007], [122.3952113150001, 17.303392076000023], [122.39740462800012, 17.305837146000044], [122.39578104500004, 17.30800625100005], [122.39764978800008, 17.311820656000066], [122.38902179500008, 17.30856377300006], [122.38619378900012, 17.30988366300005], [122.38350191000006, 17.313818350000076], [122.38118559600002, 17.31328258700006], [122.37691518600002, 17.315066737000052], [122.37557133700011, 17.319520213000033], [122.3733204670001, 17.32076584400005], [122.37335532400004, 17.323262089000025], [122.37768260200005, 17.323981348000075], [122.3780855550001, 17.322158708000075], [122.3808878640001, 17.32170596800006], [122.38177866500007, 17.323699512000076], [122.38379796400011, 17.320553803000053], [122.38780201700001, 17.31998681600004], [122.39419874100008, 17.323083325000027], [122.38900307200004, 17.332186082000078], [122.38300310300008, 17.338885738000045], [122.383039832, 17.340778303000036], [122.37883747600006, 17.34439758700006], [122.37872741800004, 17.347248810000053], [122.37531768800011, 17.348753137000074], [122.3734178090001, 17.352744434000044], [122.36211613600005, 17.354040230000066], [122.35868144300002, 17.35182524000004], [122.35667196200006, 17.345519258000024], [122.35737360100006, 17.34128486000003], [122.35528450900006, 17.338303154000073], [122.35334885800012, 17.339032211000074], [122.35427666900011, 17.334056323000027], [122.35118597000007, 17.335305172000062], [122.34995982500004, 17.33406781900004], [122.34704595300002, 17.337922053000057], [122.34551074300009, 17.336954029000026], [122.34495580300006, 17.339974873000074], [122.34270388800007, 17.340656807000073], [122.34073171600005, 17.341056193000043], [122.34006485800012, 17.338946185000054], [122.33842113100002, 17.338832516000025], [122.3229724040001, 17.342467595000073], [122.31883264100009, 17.340204933000052], [122.31591812400006, 17.334833555000046], [122.31288819500003, 17.33256614800007], [122.30681791100005, 17.334831972000075], [122.30753978100006, 17.338647493000053], [122.30578238400005, 17.338335908000033], [122.30668599600006, 17.34043598100004], [122.30378257100006, 17.33722659500006], [122.29852708800001, 17.337071691000062], [122.29483541600007, 17.333676824000065], [122.28989967700011, 17.336665131000075], [122.28659841800004, 17.340701867000064], [122.2882107910001, 17.346573250000063], [122.29036018400006, 17.348707424000054], [122.28786312400007, 17.34883973700005], [122.28573236200009, 17.351358708000078], [122.28683568600002, 17.356449936000047], [122.28495164900005, 17.363756305000038], [122.28347326300002, 17.36156829500004], [122.27720782500012, 17.36341993700006], [122.27463227800001, 17.36046413100007], [122.27085775400008, 17.362494066000068], [122.27068650700005, 17.360875626000052], [122.26763919300004, 17.359597498000028], [122.26676927900007, 17.354458279000028], [122.2653315120001, 17.353988048000076], [122.25622522900005, 17.35671820600004], [122.25474377800003, 17.35941836300003], [122.25572148700007, 17.363433692000058], [122.25029510200011, 17.36159371100007], [122.24722674300006, 17.36385295900004], [122.24476417900007, 17.368722190000028], [122.24453692600002, 17.373560939000072], [122.248008808, 17.37562914800003], [122.2486468190001, 17.382336777000035], [122.25323531200002, 17.38544246200007], [122.25434136900003, 17.387951014000066], [122.2499643330001, 17.390388934000043], [122.24797572900002, 17.387545399000032], [122.24681961600004, 17.391219982000052], [122.24671044700005, 17.388038347000077], [122.24278793000008, 17.388572366000062], [122.23575829200001, 17.399056518000066], [122.23652217300003, 17.404248083000027], [122.244656856, 17.409369666000032], [122.24853529300003, 17.408025182000074], [122.24957288900009, 17.412290834000032], [122.24584812500007, 17.416296012000032], [122.2397164350001, 17.41711746200002], [122.23200661700002, 17.42496323000006], [122.21581967300006, 17.45346255900006], [122.20426213700011, 17.47843029200004], [122.19277097500003, 17.508252731000027], [122.19157693200009, 17.51878501400006], [122.19298747700009, 17.520714979000047], [122.19558069200002, 17.521068720000073], [122.19495467700006, 17.525917164000077], [122.19227044100012, 17.52804676900007], [122.1879442930001, 17.52805655000003], [122.18760788000009, 17.533704576000048], [122.19037555900002, 17.535468598000023], [122.18603285600011, 17.53663741300005], [122.18449621200011, 17.539495302000034], [122.18491865700003, 17.542139650000024], [122.19047179000006, 17.546488923000027], [122.19005414900005, 17.550592558000062], [122.18608268100002, 17.552096764000055], [122.18663808100007, 17.553678449000074], [122.18498370900011, 17.554722843000036], [122.18760582900006, 17.56068132200005], [122.18405957200002, 17.56190612300003], [122.18506538600002, 17.563556255000037], [122.18377556900009, 17.565036538000072], [122.18081109200011, 17.563488820000032], [122.17969706200006, 17.56425829500006], [122.18085863600004, 17.567682885000067], [122.17838848800011, 17.570177216000047], [122.18014756900004, 17.57255766000003], [122.17782358000011, 17.573772054000074], [122.18110412600004, 17.58032098600006], [122.17667075800011, 17.57943358800003], [122.17296890000011, 17.58454244400002], [122.15038542400009, 17.58536370400003], [122.14173072000006, 17.58103635200007], [122.13330466600007, 17.579526023000028], [122.11294895700007, 17.578423074000057], [122.04625641700011, 17.57031679800002], [121.89488360000007, 17.530313728000067], [121.84870563100003, 17.52951411300006], [121.82031676800011, 17.53140441100004], [121.78851574600003, 17.52549255400004], [121.79013633400007, 17.51921268500007], [121.7786286170001, 17.51868379800004], [121.75512754700003, 17.509929960000022], [121.70381581100003, 17.50181446600004], [121.67058345500004, 17.499331217000076], [121.64723067800003, 17.50048373000004], [121.64236724000011, 17.468640479000044], [121.63792704800005, 17.45354382900007], [121.62793480900007, 17.431389672000023], [121.62909621500012, 17.418319980000035], [121.60608069200009, 17.42143218600006], [121.59347822600012, 17.39691670600007], [121.58219454800007, 17.353559068000038], [121.55993127700003, 17.35048310800005], [121.54836106200003, 17.32394977100006], [121.5387001150001, 17.317268562000038], [121.53321700200001, 17.296518934000062], [121.53017478800007, 17.274919214000022], [121.53451524700006, 17.26951245300006], [121.53708962400003, 17.266305630000033], [121.54497556000001, 17.26489446200003], [121.54278393400011, 17.247162222000043], [121.54676100100005, 17.227525497000045], [121.54769608700008, 17.214578156000073], [121.55042941500005, 17.210118516000023], [121.54899082100007, 17.206162384000038], [121.55042941500005, 17.201990463000072], [121.54913468000007, 17.19652380800005], [121.55539256200007, 17.187029092000046], [121.56243884100002, 17.185352245000047], [121.56135275200006, 17.181143647000056], [121.56266511000001, 17.15295057000003], [121.56029487300009, 17.149470072000042], [121.55990226900008, 17.14452834900004], [121.56334011600006, 17.14262085100006], [121.563173301, 17.13792101000007], [121.56694659200002, 17.135397021000074], [121.56821946600007, 17.130746136000027], [121.56560436300003, 17.12079569100007], [121.56702055400001, 17.10782628800007], [121.56604146900008, 17.085724945000038], [121.56750018100001, 17.07905657500004], [121.57149082100011, 17.04094346000005], [121.56974889600008, 17.02265323900002], [121.56743606500004, 17.017275815000062], [121.56412176700007, 17.015030522000075], [121.56211416100007, 17.01527019400004], [121.55875504700009, 17.01219056700006], [121.56071687200006, 17.00945781000007], [121.56253966100007, 16.967386641000076], [121.57222196700002, 16.969886461000044], [121.57287406700004, 16.968785183000023], [121.5684170180001, 16.963300875000073], [121.56464249200008, 16.961138404000053], [121.56202705200008, 16.953168713000025], [121.56244337800001, 16.951428382000074], [121.56436846400004, 16.953141625000058], [121.5649000840001, 16.95091275300007], [121.56983613600005, 16.948084554000047], [121.56820633300003, 16.947958104000065], [121.56822243500005, 16.909511535000036], [121.56406577900009, 16.90760597600007], [121.56371756900012, 16.902181512000027], [121.55842433100008, 16.899086606000026], [121.556826752, 16.891442592000033], [121.54887157900009, 16.873689200000058], [121.54196371500007, 16.87764094700003], [121.53797873300005, 16.87782090500002], [121.5319746030001, 16.86339329900005], [121.53182811500005, 16.851337643000022], [121.52749863400004, 16.84790849600006], [121.5213223400001, 16.83893476700007], [121.50234861600006, 16.834543403000055], [121.48873380600003, 16.834475329000043], [121.47913536400006, 16.83597295800007], [121.47614010600012, 16.835019921000026], [121.47341714400011, 16.831616218000022], [121.45826265700009, 16.826283526000054], [121.44491080400007, 16.824525761000075], [121.43291325100006, 16.81849292100003], [121.41951945100004, 16.817469334000066], [121.40174811200006, 16.804870022000046], [121.39459622000004, 16.805247457000064], [121.38601317000007, 16.79667802700004], [121.37200766, 16.798355138000034], [121.37198409500002, 16.795425584000043], [121.37796438600003, 16.790435853000076], [121.3759180180001, 16.788450158000046], [121.36211575100003, 16.789348131000054], [121.35842237500003, 16.787017632000072], [121.35953801300002, 16.778848228000072], [121.35824240600004, 16.77601810400006], [121.35475491600005, 16.774420589000044], [121.35409018100006, 16.783638653000025], [121.34978934700007, 16.787188600000036], [121.34467265900003, 16.78902570300005], [121.33917264000002, 16.78847038300006], [121.33585133000008, 16.78478889400003], [121.33631990800006, 16.780500499000027], [121.34354099500001, 16.77754096800004], [121.34534007800005, 16.77518529200006], [121.34577175000004, 16.769469052000034], [121.34481509700004, 16.767646065000065], [121.3317466100001, 16.764860861000045], [121.32616836500006, 16.757541116000027], [121.3297295960001, 16.753671746000066], [121.33727988800001, 16.756214705000048], [121.33930603500005, 16.755221565000056], [121.33865075400001, 16.75348573900004], [121.33933283500005, 16.74758722100006], [121.34321809700009, 16.745868922000057], [121.34893702200009, 16.747466975000066], [121.35073532800004, 16.75482642000003], [121.35368989100004, 16.757178165000028], [121.3588821190001, 16.753681501000074], [121.36317579100012, 16.752735407000046], [121.36613663100002, 16.753821986000048], [121.37057490500001, 16.75200994000005], [121.38037066400011, 16.736556165000025], [121.38941715600004, 16.727348128000074], [121.37803094900005, 16.722181686000056], [121.39026450500012, 16.69443652700005], [121.3971688790001, 16.64987794800004], [121.39661213300008, 16.64523446800007], [121.4005889980001, 16.64163803100007], [121.40618698600008, 16.639204305000078], [121.43239537300008, 16.638312126000073], [121.44575299200005, 16.634300799000073], [121.46601437900006, 16.641396523000026], [121.4830679580001, 16.642962467000075], [121.48460389500008, 16.638999684000055], [121.4925712910001, 16.63711491300006], [121.49596941800007, 16.63793083400003], [121.49844839100001, 16.632445387000075], [121.49962784000002, 16.634241367000072], [121.50205375300004, 16.634093936000056], [121.50217951400009, 16.635458957000026], [121.5088155630001, 16.636439754000037], [121.52062412400005, 16.631733116000078], [121.52278118700008, 16.632328168000072], [121.52148660700004, 16.63424570500007], [121.5232009120001, 16.637130467000077], [121.53527233800003, 16.63260553500004], [121.55481491400008, 16.62891236200005], [121.56749450100006, 16.613628085000073], [121.56642235200002, 16.611231254000074], [121.57048577800003, 16.610435594000023], [121.57858267100005, 16.598471049000068], [121.575892812, 16.597860096000034], [121.57603639600006, 16.594076955000048], [121.58379264000007, 16.575755187000027], [121.59952867000004, 16.57575489800007], [121.60094081000011, 16.57471558700007], [121.60070759400003, 16.570263699000066], [121.62301467600003, 16.548898364000024], [121.62547554000002, 16.549078374000032], [121.63119705500003, 16.530774654000027], [121.63520337300008, 16.522721869000065], [121.63801825100006, 16.525068834000024], [121.64313825600004, 16.523100139000064], [121.65903144000004, 16.49300911200004], [121.66099118700004, 16.493536595000023], [121.66378245200008, 16.491155595000066], [121.66521889800003, 16.491839411000058], [121.6662347460001, 16.488944342000025], [121.68380586300009, 16.47574939900005], [121.69108260900009, 16.461195907000047], [121.69022134400007, 16.459001794000073], [121.71641132900004, 16.430010378000077], [121.72461886600001, 16.415500345000055], [121.73038909500008, 16.409043109000038], [121.73400277200005, 16.405350247000058], [121.73585852600002, 16.406203659000028], [121.73977162000006, 16.401935888000025], [121.74353453200001, 16.401068914000064], [121.74555747300008, 16.395818899000062], [121.74500357300008, 16.393169809000028], [121.79286491500011, 16.40878079500004], [121.79632309200008, 16.41476179400007], [121.80059177500004, 16.417749977000028], [121.88729434000004, 16.44918003300006], [121.963870541, 16.484835325000063], [122.0177337130001, 16.517024527000046], [122.05880819100003, 16.50925477800007], [122.21427288000007, 16.479844291000063], [122.23059986800001, 16.48400908800005], [122.23417917900008, 16.487238956000056]]]]}, "properties": {"name": "Isabela", "level": "province", "psgc": null, "parent_name": "Region II"}}, {"type": "Feature", "geometry": {"type": "Polygon", "coordinates": [[[121.46354426900007, 15.926616156000023], [121.4586828890001, 15.928803778000031], [121.45809948700003, 15.931372452000062], [121.45498507800005, 15.931006051000054], [121.44976386400003, 15.935494464000044], [121.44589005000012, 15.934052578000035], [121.44317203500009, 15.937676597000063], [121.44036342000004, 15.936710192000078], [121.37090042000011, 15.997911264000038], [121.34075960900009, 16.02196998100004], [121.36543708700003, 16.066626002000078], [121.35063233500011, 16.08875359700005], [121.34733566500006, 16.088445242000034], [121.34699629700003, 16.090827743000034], [121.33959771900004, 16.079012976000058], [121.33944428500001, 16.081160574000023], [121.33759390800003, 16.080661383000063], [121.33801464100009, 16.08305215000007], [121.33412161900003, 16.084020813000052], [121.33004155200001, 16.093953123000063], [121.32163473800006, 16.09438145300004], [121.32221226900003, 16.09575457400007], [121.31957864500009, 16.100301788000024], [121.32037721200004, 16.101725577000025], [121.31824516200004, 16.103633600000023], [121.31376190800006, 16.103822251000054], [121.31016108000006, 16.114138549000074], [121.3014081120001, 16.117928832000075], [121.30192621100002, 16.11919210800005], [121.30383399900006, 16.11895419500007], [121.30447043000004, 16.121840417000044], [121.299556875, 16.125551811000037], [121.29931867800008, 16.127656315000024], [121.29763804100003, 16.126824474000045], [121.29780319600002, 16.128949764000026], [121.29436819200009, 16.131882976000043], [121.2945684010001, 16.134821827000053], [121.29212170900007, 16.134508866000033], [121.29104325300011, 16.135831850000045], [121.29071932800002, 16.13441490100007], [121.28935733800006, 16.134699643000033], [121.28958754000007, 16.13714261000007], [121.28555567500007, 16.137894994000078], [121.28435015700006, 16.143012294000073], [121.28692644500006, 16.149512747000074], [121.28587908200006, 16.149241709000023], [121.2850929440001, 16.151655636000044], [121.28310498200005, 16.151274922000027], [121.28359984000008, 16.157253586000024], [121.27740099100004, 16.161854126000037], [121.28687355400007, 16.16680192800004], [121.3070017770001, 16.156876356000055], [121.32651811800008, 16.157835947000024], [121.33554269800004, 16.173060719000034], [121.31394964800006, 16.17928840600007], [121.30075904500006, 16.20114096900005], [121.29989098200008, 16.209559719000026], [121.32918279100011, 16.200524123000037], [121.34825628400006, 16.196709424000062], [121.38376232500002, 16.201110999000036], [121.4101432010001, 16.221784153000044], [121.41985524200004, 16.231628588000035], [121.432033595, 16.254100451000056], [121.43811692400004, 16.25979982700005], [121.44370747800008, 16.26220938800003], [121.4459685060001, 16.264881996000042], [121.45100416800005, 16.264346443000022], [121.45368998700008, 16.266388929000072], [121.45764799100004, 16.266509120000023], [121.46681068100008, 16.270629730000053], [121.472016585, 16.278176337000048], [121.47093498200002, 16.281227200000046], [121.47673908700006, 16.283631867000054], [121.48071900200011, 16.28747204900003], [121.47994756900005, 16.29007652000007], [121.48319515300011, 16.29348514900005], [121.49249199500002, 16.29880253600004], [121.4948758160001, 16.301749236000035], [121.49598258900005, 16.310331203000032], [121.50003406400003, 16.31419442200007], [121.50639002100002, 16.316034303000038], [121.50990650300002, 16.321016833000044], [121.51472631100012, 16.324598336000065], [121.51307404700003, 16.329815103000044], [121.51888230300005, 16.334835833000056], [121.520757752, 16.339014960000043], [121.47877953800003, 16.350285926000026], [121.48150201400006, 16.357183331000044], [121.43716017000008, 16.383300146000067], [121.44860449300006, 16.42811832900003], [121.42291650800007, 16.428137504000063], [121.40003235000006, 16.434969730000034], [121.37686570300002, 16.451005424000073], [121.3577187190001, 16.498419118000072], [121.3633466230001, 16.507124376000036], [121.38468610900009, 16.506486988000063], [121.38564717600002, 16.51560742600003], [121.39264336400004, 16.541548798000065], [121.39985675100002, 16.607053096000072], [121.40832501300008, 16.613597952000077], [121.41098123600011, 16.613736247000077], [121.41383162800003, 16.618890659000044], [121.41740695600004, 16.620691883000063], [121.424899804, 16.61928342500005], [121.43647493700007, 16.623433001000024], [121.44575299200005, 16.634300799000073], [121.43239537300008, 16.638312126000073], [121.40618698600008, 16.639204305000078], [121.4005889980001, 16.64163803100007], [121.39661213300008, 16.64523446800007], [121.3971688790001, 16.64987794800004], [121.39026450500012, 16.69443652700005], [121.37803094900005, 16.722181686000056], [121.38941715600004, 16.727348128000074], [121.38037066400011, 16.736556165000025], [121.37057490500001, 16.75200994000005], [121.36613663100002, 16.753821986000048], [121.36317579100012, 16.752735407000046], [121.3588821190001, 16.753681501000074], [121.35368989100004, 16.757178165000028], [121.35073532800004, 16.75482642000003], [121.34893702200009, 16.747466975000066], [121.34321809700009, 16.745868922000057], [121.33933283500005, 16.74758722100006], [121.33865075400001, 16.75348573900004], [121.33381496900006, 16.75193643800003], [121.33190790600008, 16.743393968000078], [121.33305189900011, 16.742610007000053], [121.33036684700005, 16.735431461000076], [121.3241638180001, 16.731219759000055], [121.32042478700009, 16.726835050000034], [121.31931175700004, 16.722748306000028], [121.31434472400008, 16.71791163300003], [121.31541259900007, 16.701307632000066], [121.31376456600003, 16.696882911000046], [121.31214757400005, 16.697778868000057], [121.30436554300002, 16.693060208000077], [121.29365355700008, 16.694119219000072], [121.28837351600009, 16.688370604000056], [121.28823650000004, 16.686236734000033], [121.29188348000002, 16.683741860000055], [121.29404244500006, 16.679246117000048], [121.29137240400007, 16.673553481000056], [121.29482832500003, 16.663304078000067], [121.28988428800005, 16.657925439000053], [121.28468345700003, 16.657784228000025], [121.28061660100002, 16.662655637000057], [121.2791743460001, 16.66752044800006], [121.27643328400006, 16.668528836000064], [121.27114555700007, 16.66374496000003], [121.26945907100003, 16.65898873200007], [121.26409251200005, 16.66059170400007], [121.26038281600006, 16.658331729000054], [121.25888818800001, 16.651144153000075], [121.25375953500009, 16.651054369000065], [121.25215918900005, 16.652687425000067], [121.24973305500009, 16.65093738400003], [121.24685897900008, 16.65213897700005], [121.24382273600008, 16.651306830000067], [121.24113495000006, 16.65394168000006], [121.23604050400002, 16.654163596000046], [121.23259590200007, 16.649162278000063], [121.22856622600011, 16.649567784000055], [121.2247125880001, 16.64795734200004], [121.22241256600012, 16.644663473000037], [121.2131224530001, 16.64572067000006], [121.21188340900005, 16.64166614100003], [121.20447204100003, 16.642877503000022], [121.20192679400009, 16.639796981000075], [121.19774842600009, 16.638961271000028], [121.18570790600006, 16.640736224000023], [121.17669574000001, 16.64026983900004], [121.1736839570001, 16.64460975800006], [121.17142293100005, 16.64422356400007], [121.16982463400007, 16.645897642000023], [121.16530926000007, 16.64441092900006], [121.1643813180001, 16.64223175500007], [121.1631951820001, 16.64301448300006], [121.16220551600009, 16.63904075000005], [121.16058286600003, 16.63868909200005], [121.152656578, 16.64209366800003], [121.1354977630001, 16.64474705200007], [121.13232954300008, 16.642482554000026], [121.12661635900008, 16.64165154500006], [121.12262751800006, 16.63830673600006], [121.10563417500009, 16.63056137700005], [121.0721316260001, 16.62783025400006], [121.03570305200003, 16.61000610700006], [121.02794433300005, 16.602274068000042], [120.983716533, 16.569470823000074], [120.97311089400011, 16.56944960800007], [120.96566817200005, 16.573327359000075], [120.94753998600004, 16.57919712100005], [120.9399374620001, 16.585082947000046], [120.92950614800009, 16.600053544000048], [120.90440899500004, 16.595359904000077], [120.89210972500007, 16.558460226000022], [120.88320633500007, 16.50539150700007], [120.889427, 16.436073], [120.87814482400006, 16.421579058000077], [120.8711584460001, 16.384243957000024], [120.86392001700005, 16.374813353000036], [120.86034722400007, 16.353388911000025], [120.84552298100004, 16.319500078000033], [120.82832254100003, 16.31969874500004], [120.82317702600005, 16.31852931000003], [120.81592652800009, 16.31314990800007], [120.81311988300001, 16.303560539000046], [120.80005260900009, 16.304845744000033], [120.76896590800004, 16.198033657000053], [120.80119503800006, 16.187660433000076], [120.84150888600004, 16.168612326000073], [120.8578886040001, 16.13026056500007], [120.87044651800011, 16.118870179000055], [120.92521313600002, 16.132778591000033], [120.94003228000008, 16.133600949000027], [120.95888078900009, 16.132038289000036], [120.98789352400001, 16.125824962000024], [120.99308113400002, 16.13366633000004], [120.9987737030001, 16.13651125800004], [121.04773934000002, 16.137989391000076], [121.06330842200009, 16.13206864700004], [121.0878713080001, 16.11399938200003], [121.11397372600004, 16.112773978000064], [121.11953343000005, 16.113344204000043], [121.12224200300011, 16.115339995000056], [121.13451531900012, 16.106296174000022], [121.14185030100009, 16.104218253000056], [121.15619023800002, 16.096400637000045], [121.17424918400002, 16.090108902000054], [121.18248110400009, 16.079479501000037], [121.18504504700002, 16.07174795900005], [121.19210574800002, 15.997633897000071], [121.18785990100002, 15.948386911000057], [121.1924981950001, 15.942888391000054], [121.19399818500005, 15.922087606000048], [121.22285791500008, 15.872750951000057], [121.28033899700006, 15.76713201800004], [121.28476349300001, 15.75441853700005], [121.28990313700001, 15.766188077000038], [121.30590318500003, 15.782124190000047], [121.30804924200004, 15.788075675000073], [121.31631513200011, 15.797562891000041], [121.31660385400005, 15.804170806000059], [121.37376803400002, 15.831617787000027], [121.47114962, 15.886741050000069], [121.46849811800007, 15.910028039000053], [121.47089792000008, 15.925374537000039], [121.46354426900007, 15.926616156000023]]]}, "properties": {"name": "Nueva Vizcaya", "level": "province", "psgc": null, "parent_name": "Region II"}}, {"type": "Feature", "geometry": {"type": "Polygon", "coordinates": [[[122.05880819100003, 16.50925477800007], [122.0177337130001, 16.517024527000046], [121.963870541, 16.484835325000063], [121.88729434000004, 16.44918003300006], [121.80059177500004, 16.417749977000028], [121.79632309200008, 16.41476179400007], [121.79286491500011, 16.40878079500004], [121.74500357300008, 16.393169809000028], [121.74555747300008, 16.395818899000062], [121.74353453200001, 16.401068914000064], [121.73977162000006, 16.401935888000025], [121.73585852600002, 16.406203659000028], [121.73400277200005, 16.405350247000058], [121.73038909500008, 16.409043109000038], [121.72461886600001, 16.415500345000055], [121.71641132900004, 16.430010378000077], [121.69022134400007, 16.459001794000073], [121.69108260900009, 16.461195907000047], [121.68380586300009, 16.47574939900005], [121.6662347460001, 16.488944342000025], [121.66521889800003, 16.491839411000058], [121.66378245200008, 16.491155595000066], [121.66099118700004, 16.493536595000023], [121.65903144000004, 16.49300911200004], [121.64313825600004, 16.523100139000064], [121.63801825100006, 16.525068834000024], [121.63520337300008, 16.522721869000065], [121.63119705500003, 16.530774654000027], [121.62547554000002, 16.549078374000032], [121.62301467600003, 16.548898364000024], [121.60070759400003, 16.570263699000066], [121.60094081000011, 16.57471558700007], [121.59952867000004, 16.57575489800007], [121.58379264000007, 16.575755187000027], [121.57603639600006, 16.594076955000048], [121.575892812, 16.597860096000034], [121.57858267100005, 16.598471049000068], [121.57048577800003, 16.610435594000023], [121.56642235200002, 16.611231254000074], [121.56749450100006, 16.613628085000073], [121.55481491400008, 16.62891236200005], [121.53527233800003, 16.63260553500004], [121.5232009120001, 16.637130467000077], [121.52148660700004, 16.63424570500007], [121.52278118700008, 16.632328168000072], [121.52062412400005, 16.631733116000078], [121.5088155630001, 16.636439754000037], [121.50217951400009, 16.635458957000026], [121.50205375300004, 16.634093936000056], [121.49962784000002, 16.634241367000072], [121.49844839100001, 16.632445387000075], [121.49596941800007, 16.63793083400003], [121.4925712910001, 16.63711491300006], [121.48460389500008, 16.638999684000055], [121.4830679580001, 16.642962467000075], [121.46601437900006, 16.641396523000026], [121.44575299200005, 16.634300799000073], [121.43647493700007, 16.623433001000024], [121.424899804, 16.61928342500005], [121.41740695600004, 16.620691883000063], [121.41383162800003, 16.618890659000044], [121.41098123600011, 16.613736247000077], [121.40832501300008, 16.613597952000077], [121.39985675100002, 16.607053096000072], [121.39264336400004, 16.541548798000065], [121.38564717600002, 16.51560742600003], [121.38468610900009, 16.506486988000063], [121.3633466230001, 16.507124376000036], [121.3577187190001, 16.498419118000072], [121.37686570300002, 16.451005424000073], [121.40003235000006, 16.434969730000034], [121.42291650800007, 16.428137504000063], [121.44860449300006, 16.42811832900003], [121.43716017000008, 16.383300146000067], [121.48150201400006, 16.357183331000044], [121.47877953800003, 16.350285926000026], [121.520757752, 16.339014960000043], [121.51888230300005, 16.334835833000056], [121.51307404700003, 16.329815103000044], [121.51472631100012, 16.324598336000065], [121.50990650300002, 16.321016833000044], [121.50639002100002, 16.316034303000038], [121.50003406400003, 16.31419442200007], [121.49598258900005, 16.310331203000032], [121.4948758160001, 16.301749236000035], [121.49249199500002, 16.29880253600004], [121.48319515300011, 16.29348514900005], [121.47994756900005, 16.29007652000007], [121.48071900200011, 16.28747204900003], [121.47673908700006, 16.283631867000054], [121.47093498200002, 16.281227200000046], [121.472016585, 16.278176337000048], [121.46681068100008, 16.270629730000053], [121.45764799100004, 16.266509120000023], [121.45368998700008, 16.266388929000072], [121.45100416800005, 16.264346443000022], [121.4459685060001, 16.264881996000042], [121.44370747800008, 16.26220938800003], [121.43811692400004, 16.25979982700005], [121.432033595, 16.254100451000056], [121.41985524200004, 16.231628588000035], [121.4101432010001, 16.221784153000044], [121.38376232500002, 16.201110999000036], [121.34825628400006, 16.196709424000062], [121.32918279100011, 16.200524123000037], [121.29989098200008, 16.209559719000026], [121.30075904500006, 16.20114096900005], [121.31394964800006, 16.17928840600007], [121.33554269800004, 16.173060719000034], [121.32651811800008, 16.157835947000024], [121.3070017770001, 16.156876356000055], [121.28687355400007, 16.16680192800004], [121.27740099100004, 16.161854126000037], [121.28359984000008, 16.157253586000024], [121.28310498200005, 16.151274922000027], [121.2850929440001, 16.151655636000044], [121.28587908200006, 16.149241709000023], [121.28692644500006, 16.149512747000074], [121.28435015700006, 16.143012294000073], [121.28555567500007, 16.137894994000078], [121.28958754000007, 16.13714261000007], [121.28935733800006, 16.134699643000033], [121.29071932800002, 16.13441490100007], [121.29104325300011, 16.135831850000045], [121.29212170900007, 16.134508866000033], [121.2945684010001, 16.134821827000053], [121.29436819200009, 16.131882976000043], [121.29780319600002, 16.128949764000026], [121.29763804100003, 16.126824474000045], [121.29931867800008, 16.127656315000024], [121.299556875, 16.125551811000037], [121.30447043000004, 16.121840417000044], [121.30383399900006, 16.11895419500007], [121.30192621100002, 16.11919210800005], [121.3014081120001, 16.117928832000075], [121.31016108000006, 16.114138549000074], [121.31376190800006, 16.103822251000054], [121.31824516200004, 16.103633600000023], [121.32037721200004, 16.101725577000025], [121.31957864500009, 16.100301788000024], [121.32221226900003, 16.09575457400007], [121.32163473800006, 16.09438145300004], [121.33004155200001, 16.093953123000063], [121.33412161900003, 16.084020813000052], [121.33801464100009, 16.08305215000007], [121.33759390800003, 16.080661383000063], [121.33944428500001, 16.081160574000023], [121.33959771900004, 16.079012976000058], [121.34699629700003, 16.090827743000034], [121.34733566500006, 16.088445242000034], [121.35063233500011, 16.08875359700005], [121.36543708700003, 16.066626002000078], [121.34075960900009, 16.02196998100004], [121.37090042000011, 15.997911264000038], [121.44036342000004, 15.936710192000078], [121.44317203500009, 15.937676597000063], [121.44589005000012, 15.934052578000035], [121.44976386400003, 15.935494464000044], [121.45498507800005, 15.931006051000054], [121.45809948700003, 15.931372452000062], [121.4586828890001, 15.928803778000031], [121.46354426900007, 15.926616156000023], [121.4745488740001, 15.929847778000067], [121.5012958310001, 15.950180545000023], [121.50374662600007, 15.948955148000039], [121.51093562500012, 15.949690386000043], [121.51154832400005, 15.95340742600007], [121.51551044200005, 15.958268169000064], [121.5156738290001, 15.961862669000027], [121.51894155500008, 15.96169928200004], [121.51984018000007, 15.964640236000037], [121.52490515700003, 15.968847435000043], [121.5288264290001, 15.969868599000051], [121.57062539300011, 16.01126710500006], [121.62897873000009, 16.063865467000028], [121.68546404300002, 16.11272907400007], [121.69269706600005, 16.116691781000043], [121.72325119700008, 16.144655707000027], [121.76492361800001, 16.173819910000077], [121.78125155300006, 16.19321946900004], [121.84589590900009, 16.249155589000054], [121.86282605800011, 16.271396107000044], [121.89353425500008, 16.301854026000058], [121.96723491500006, 16.40023248400007], [122.024890346, 16.465353099000026], [122.05880819100003, 16.50925477800007]]]}, "properties": {"name": "Quirino", "level": "province", "psgc": null, "parent_name": "Region II"}}]}